target,prediction,target_name,prediction_name,image_path,is_correct
0,16,0,16,/content/dataset/shared_dataset_seed9517/images/test/000/26c8c412-fab8-4278-85f4-0d64bcd6c05a.jpg,False
0,0,0,0,/content/dataset/shared_dataset_seed9517/images/test/000/45ef1c33-95d3-4d8a-9534-72344ea47a5c.jpg,True
0,0,0,0,/content/dataset/shared_dataset_seed9517/images/test/000/605da31a-81c6-4125-b03b-68d8c78aa3bd.jpg,True
0,80,0,80,/content/dataset/shared_dataset_seed9517/images/test/000/787050d9-fdd0-46c9-8fea-475e4bd98546.jpg,False
0,27,0,27,/content/dataset/shared_dataset_seed9517/images/test/000/80d4621f-113e-410b-a1b1-807f144e76b6.jpg,False
0,1,0,1,/content/dataset/shared_dataset_seed9517/images/test/000/a7579753-4405-4c4a-8b9e-85cb8e93c847.jpg,False
0,0,0,0,/content/dataset/shared_dataset_seed9517/images/test/000/bf628018-8d7d-4f72-accd-c00826d53d7f.jpg,True
0,0,0,0,/content/dataset/shared_dataset_seed9517/images/test/000/cd3d05f5-1e72-487d-a7d1-b42fd5ea58be.jpg,True
0,0,0,0,/content/dataset/shared_dataset_seed9517/images/test/000/d9f6368c-1cb5-4129-8193-4bdd303abf30.jpg,True
0,1,0,1,/content/dataset/shared_dataset_seed9517/images/test/000/f6c139fe-55ca-4409-9340-cb3734d4c1f4.jpg,False
1,187,1,187,/content/dataset/shared_dataset_seed9517/images/test/001/67f80232-4b67-4826-bb20-73f547b7b724.jpg,False
1,83,1,83,/content/dataset/shared_dataset_seed9517/images/test/001/70959909-3a2b-4540-9798-2941abd04351.jpg,False
1,1,1,1,/content/dataset/shared_dataset_seed9517/images/test/001/7eb6b54f-72d7-4789-843c-b6ffab5f7ee8.jpg,True
1,93,1,93,/content/dataset/shared_dataset_seed9517/images/test/001/80740680-611b-4bb0-af20-72f7e609c6fe.jpg,False
1,1,1,1,/content/dataset/shared_dataset_seed9517/images/test/001/83fced69-b90f-4cd9-8cff-2c79d4b3167b.jpg,True
1,119,1,119,/content/dataset/shared_dataset_seed9517/images/test/001/8fef2173-c270-4f9e-a0b3-93bd67af0cb8.jpg,False
1,1,1,1,/content/dataset/shared_dataset_seed9517/images/test/001/9a01c39b-421b-4134-aa67-fdaafeb68675.jpg,True
1,1,1,1,/content/dataset/shared_dataset_seed9517/images/test/001/adba12d8-9810-4be0-a900-385766c287b7.jpg,True
1,1,1,1,/content/dataset/shared_dataset_seed9517/images/test/001/b93706c7-8406-4f61-9223-9ef6aba4759c.jpg,True
1,1,1,1,/content/dataset/shared_dataset_seed9517/images/test/001/d59035c7-a19e-47f9-ad5c-4c88403d0cf9.jpg,True
2,1,2,1,/content/dataset/shared_dataset_seed9517/images/test/002/1d74a0bb-db5a-42ad-b800-aec6f6135cea.jpg,False
2,37,2,37,/content/dataset/shared_dataset_seed9517/images/test/002/4601b594-90e2-4cc9-bdaa-dce8931ac1c0.jpg,False
2,2,2,2,/content/dataset/shared_dataset_seed9517/images/test/002/482d7e58-4759-46ea-9580-bc54a0879e41.jpg,True
2,2,2,2,/content/dataset/shared_dataset_seed9517/images/test/002/4e4a3e12-1339-49d9-b74b-d92453c48ba4.jpg,True
2,2,2,2,/content/dataset/shared_dataset_seed9517/images/test/002/88ac662c-11f2-4768-8ef5-88df221ee457.jpg,True
2,2,2,2,/content/dataset/shared_dataset_seed9517/images/test/002/9ac5f25e-29a4-484a-95ee-56c24caf659b.jpg,True
2,2,2,2,/content/dataset/shared_dataset_seed9517/images/test/002/bec70d74-99f4-4775-ad24-2524e8f94461.jpg,True
2,2,2,2,/content/dataset/shared_dataset_seed9517/images/test/002/dea5f67e-b137-429c-9ca6-8251bfa26772.jpg,True
2,2,2,2,/content/dataset/shared_dataset_seed9517/images/test/002/eac6cfcc-125f-4483-a19c-7b0ec971787d.jpg,True
2,2,2,2,/content/dataset/shared_dataset_seed9517/images/test/002/ebcf9263-7502-4073-84bc-dd59fff66528.jpg,True
3,3,3,3,/content/dataset/shared_dataset_seed9517/images/test/003/0e935210-785b-4900-8bcd-d9a719dada15.jpg,True
3,50,3,50,/content/dataset/shared_dataset_seed9517/images/test/003/2d6c8e3b-b8f3-4520-88d6-d538de08cb66.jpg,False
3,3,3,3,/content/dataset/shared_dataset_seed9517/images/test/003/49c17484-b915-4451-bd7e-d107a8e28aa0.jpg,True
3,18,3,18,/content/dataset/shared_dataset_seed9517/images/test/003/6d654437-99e6-4693-979c-ab5f60f98279.jpg,False
3,3,3,3,/content/dataset/shared_dataset_seed9517/images/test/003/8bcfd228-9943-4dbd-8ca1-cdf43e398812.jpg,True
3,3,3,3,/content/dataset/shared_dataset_seed9517/images/test/003/92cdc674-2a81-4cf6-bb54-f7d72a041e5b.jpg,True
3,3,3,3,/content/dataset/shared_dataset_seed9517/images/test/003/9a79514c-36d8-425f-8a58-71755d9ec4c0.jpg,True
3,3,3,3,/content/dataset/shared_dataset_seed9517/images/test/003/f0225f03-4eec-4aca-8074-0275549b6382.jpg,True
3,3,3,3,/content/dataset/shared_dataset_seed9517/images/test/003/f1a60708-e0f5-49ab-a049-a21517407f32.jpg,True
3,3,3,3,/content/dataset/shared_dataset_seed9517/images/test/003/f280614c-ac2a-4fe6-9ac7-9f712483f769.jpg,True
4,4,4,4,/content/dataset/shared_dataset_seed9517/images/test/004/0ec31428-5ec3-43d0-a48a-8ca850d2a9ff.jpg,True
4,4,4,4,/content/dataset/shared_dataset_seed9517/images/test/004/4f524f75-2a09-4044-89f1-794c35690fd2.jpg,True
4,4,4,4,/content/dataset/shared_dataset_seed9517/images/test/004/753d47dd-3f30-4e89-bb6c-1cffa6e7833c.jpg,True
4,4,4,4,/content/dataset/shared_dataset_seed9517/images/test/004/7e3d62f2-00d0-4ec5-a415-1e6f2d1e4ebd.jpg,True
4,5,4,5,/content/dataset/shared_dataset_seed9517/images/test/004/ac57908d-5c49-43e4-9835-5337598f8f20.jpg,False
4,4,4,4,/content/dataset/shared_dataset_seed9517/images/test/004/b4fbf0e2-330f-4ae7-9949-4c6728321494.jpg,True
4,4,4,4,/content/dataset/shared_dataset_seed9517/images/test/004/ca515cd7-6496-4d9b-82c6-2eadc775f47b.jpg,True
4,4,4,4,/content/dataset/shared_dataset_seed9517/images/test/004/d048306e-e3a6-498a-86f4-552152c95873.jpg,True
4,4,4,4,/content/dataset/shared_dataset_seed9517/images/test/004/de540bf6-6efd-4ed9-b971-a32070910af2.jpg,True
4,4,4,4,/content/dataset/shared_dataset_seed9517/images/test/004/fdb57259-b064-4ada-8324-c66deec7ba1f.jpg,True
5,5,5,5,/content/dataset/shared_dataset_seed9517/images/test/005/2e72eae8-3ded-4a05-98a7-a9f725b6d474.jpg,True
5,6,5,6,/content/dataset/shared_dataset_seed9517/images/test/005/4091a551-6ad8-4cea-bc03-4195c592de62.jpg,False
5,6,5,6,/content/dataset/shared_dataset_seed9517/images/test/005/b76aa04d-4e5c-441a-ae9a-29860df80cba.jpg,False
5,5,5,5,/content/dataset/shared_dataset_seed9517/images/test/005/bd03202d-2aa5-49eb-bc8e-747bac6c8430.jpg,True
5,5,5,5,/content/dataset/shared_dataset_seed9517/images/test/005/c83d4db8-b163-4ccd-9dc6-349f0432c9c9.jpg,True
5,5,5,5,/content/dataset/shared_dataset_seed9517/images/test/005/e238f91b-04a8-4a0e-bc3a-c6026a63b640.jpg,True
5,5,5,5,/content/dataset/shared_dataset_seed9517/images/test/005/eec87009-ac31-4f89-b311-a564ca67f38e.jpg,True
5,5,5,5,/content/dataset/shared_dataset_seed9517/images/test/005/f83219d5-c595-4865-bc31-ba4666cf6d85.jpg,True
5,23,5,23,/content/dataset/shared_dataset_seed9517/images/test/005/fbbddbd3-f585-464d-b6c7-28ce404c57cf.jpg,False
5,5,5,5,/content/dataset/shared_dataset_seed9517/images/test/005/fe384a3b-f4f3-49be-b491-369f8e2cb1c6.jpg,True
6,6,6,6,/content/dataset/shared_dataset_seed9517/images/test/006/00c82202-df0c-408b-b9ce-eb49f836ab03.jpg,True
6,234,6,234,/content/dataset/shared_dataset_seed9517/images/test/006/3273797b-7602-4dfa-a3d4-45372417f232.jpg,False
6,6,6,6,/content/dataset/shared_dataset_seed9517/images/test/006/43907184-a4f2-4be9-a5e5-fbfc4ac0e235.jpg,True
6,6,6,6,/content/dataset/shared_dataset_seed9517/images/test/006/5cc763d5-3480-4b6c-9aab-0531740bae74.jpg,True
6,5,6,5,/content/dataset/shared_dataset_seed9517/images/test/006/79af4b22-f7c8-431f-97ba-e8d48075286d.jpg,False
6,6,6,6,/content/dataset/shared_dataset_seed9517/images/test/006/79d07f5e-3ccd-46a9-afe2-201535259791.jpg,True
6,6,6,6,/content/dataset/shared_dataset_seed9517/images/test/006/8f35f714-7c94-425f-9803-375de32d8901.jpg,True
6,10,6,10,/content/dataset/shared_dataset_seed9517/images/test/006/bba39ebe-1c85-470d-9827-deac896e02fa.jpg,False
6,5,6,5,/content/dataset/shared_dataset_seed9517/images/test/006/c055e96a-1e6a-4df1-a501-fa7cc4930b4a.jpg,False
6,6,6,6,/content/dataset/shared_dataset_seed9517/images/test/006/f915d0e0-c889-4189-9784-e32d61345994.jpg,True
7,274,7,274,/content/dataset/shared_dataset_seed9517/images/test/007/0dc4a75e-3610-444e-af72-324eb2210186.jpg,False
7,223,7,223,/content/dataset/shared_dataset_seed9517/images/test/007/0e1eb614-bda8-4ba0-bd75-376faa59f2d5.jpg,False
7,7,7,7,/content/dataset/shared_dataset_seed9517/images/test/007/1520b5bf-1b61-46ff-b1b4-49759bb62fd9.jpg,True
7,468,7,468,/content/dataset/shared_dataset_seed9517/images/test/007/1b267612-120e-4df1-aa90-f78eb9f4ae64.jpg,False
7,7,7,7,/content/dataset/shared_dataset_seed9517/images/test/007/4f4ed283-60db-4e4e-88fe-df09dee46bb9.jpg,True
7,118,7,118,/content/dataset/shared_dataset_seed9517/images/test/007/54da3f16-fb23-423f-b399-abb365d64f74.jpg,False
7,124,7,124,/content/dataset/shared_dataset_seed9517/images/test/007/a45f4f7f-6bac-4900-8f5e-2bb0e5640bc2.jpg,False
7,19,7,19,/content/dataset/shared_dataset_seed9517/images/test/007/b2657261-92c0-4bb4-91d8-b3313dc52347.jpg,False
7,274,7,274,/content/dataset/shared_dataset_seed9517/images/test/007/c260abd1-09d2-431b-b01a-a0149c4c3922.jpg,False
7,398,7,398,/content/dataset/shared_dataset_seed9517/images/test/007/e305c47c-b4ca-4f77-b525-e388295f3b05.jpg,False
8,15,8,15,/content/dataset/shared_dataset_seed9517/images/test/008/17e62b64-ddca-4a1e-91d8-1cba36c311be.jpg,False
8,8,8,8,/content/dataset/shared_dataset_seed9517/images/test/008/482b7639-55e8-4d29-be79-8c3837a7a90d.jpg,True
8,8,8,8,/content/dataset/shared_dataset_seed9517/images/test/008/54aed724-193c-48c5-8da6-fd94681ec93f.jpg,True
8,8,8,8,/content/dataset/shared_dataset_seed9517/images/test/008/587e73dc-e613-4451-a3d9-88e4d7bc289a.jpg,True
8,8,8,8,/content/dataset/shared_dataset_seed9517/images/test/008/6235aa1d-11d6-42e3-9ea9-6a0b8dd88f62.jpg,True
8,8,8,8,/content/dataset/shared_dataset_seed9517/images/test/008/99e3a1d5-6e58-4430-bf98-56460a57caec.jpg,True
8,39,8,39,/content/dataset/shared_dataset_seed9517/images/test/008/b75e1f46-2ca1-4d28-b821-ac49996bd386.jpg,False
8,8,8,8,/content/dataset/shared_dataset_seed9517/images/test/008/ca5274d6-9681-4970-8631-b305f699d778.jpg,True
8,8,8,8,/content/dataset/shared_dataset_seed9517/images/test/008/e7039cfa-6c52-4b61-ac6c-dbc2230dbcd6.jpg,True
8,8,8,8,/content/dataset/shared_dataset_seed9517/images/test/008/ea84e3c0-9041-4eaa-bdda-fd8e02898496.jpg,True
9,9,9,9,/content/dataset/shared_dataset_seed9517/images/test/009/2fe77173-a78b-454b-9127-7f5c829db93f.jpg,True
9,9,9,9,/content/dataset/shared_dataset_seed9517/images/test/009/34cbb073-f2d7-4c12-86af-4193b0789c92.jpg,True
9,9,9,9,/content/dataset/shared_dataset_seed9517/images/test/009/4c17988f-8511-470d-a86d-6f07cd2005c6.jpg,True
9,9,9,9,/content/dataset/shared_dataset_seed9517/images/test/009/73037236-5c43-4b70-b387-40d61aeb25a8.jpg,True
9,9,9,9,/content/dataset/shared_dataset_seed9517/images/test/009/9004fce0-d775-4ee6-adb4-20284cbd4bca.jpg,True
9,9,9,9,/content/dataset/shared_dataset_seed9517/images/test/009/9f9ea1d2-2e9c-4c4d-bea2-9987b7f10882.jpg,True
9,9,9,9,/content/dataset/shared_dataset_seed9517/images/test/009/aabe988a-64b7-418d-bab7-e768f1681f21.jpg,True
9,318,9,318,/content/dataset/shared_dataset_seed9517/images/test/009/b2a11dc8-7434-4b08-9aa5-2134ebececac.jpg,False
9,8,9,8,/content/dataset/shared_dataset_seed9517/images/test/009/d1214316-cb47-4bff-892a-c0c017e98f98.jpg,False
9,9,9,9,/content/dataset/shared_dataset_seed9517/images/test/009/f648252e-af23-4561-81fd-102cd93bb111.jpg,True
10,10,10,10,/content/dataset/shared_dataset_seed9517/images/test/010/042dba90-b7f1-49cf-b050-886b43830e47.jpg,True
10,10,10,10,/content/dataset/shared_dataset_seed9517/images/test/010/245069b5-3600-43eb-b350-40bedc93d237.jpg,True
10,10,10,10,/content/dataset/shared_dataset_seed9517/images/test/010/2476fbd6-2200-4f88-853f-190278001722.jpg,True
10,10,10,10,/content/dataset/shared_dataset_seed9517/images/test/010/3238fdfb-4751-4ba5-a82a-893fa1bde487.jpg,True
10,10,10,10,/content/dataset/shared_dataset_seed9517/images/test/010/56ec3c1f-aed0-40e3-917e-698e7fc49090.jpg,True
10,10,10,10,/content/dataset/shared_dataset_seed9517/images/test/010/780908cd-8b2e-4859-8999-ce23f55fba7b.jpg,True
10,10,10,10,/content/dataset/shared_dataset_seed9517/images/test/010/7cf30209-5c45-47be-8399-4aaadca58e93.jpg,True
10,10,10,10,/content/dataset/shared_dataset_seed9517/images/test/010/cdef4dc3-ebf8-4d9a-803d-8686b06a6e33.jpg,True
10,177,10,177,/content/dataset/shared_dataset_seed9517/images/test/010/cdfc87e4-00d3-419d-90be-f5e0b17d0adc.jpg,False
10,10,10,10,/content/dataset/shared_dataset_seed9517/images/test/010/ee6b7a5f-93d6-4091-9b6b-2dff0c856d5f.jpg,True
11,11,11,11,/content/dataset/shared_dataset_seed9517/images/test/011/5972ebad-2166-43c2-92b2-64d71732792d.jpg,True
11,11,11,11,/content/dataset/shared_dataset_seed9517/images/test/011/6e2c087a-ada3-4ae9-9bef-8c06c474c454.jpg,True
11,11,11,11,/content/dataset/shared_dataset_seed9517/images/test/011/848d4336-d7ef-4956-aecd-d1cb399261d5.jpg,True
11,11,11,11,/content/dataset/shared_dataset_seed9517/images/test/011/8ee3979a-002d-4e5e-9d3c-917e19f902ba.jpg,True
11,11,11,11,/content/dataset/shared_dataset_seed9517/images/test/011/9a12a0c3-e703-4d84-a875-322b7506980d.jpg,True
11,11,11,11,/content/dataset/shared_dataset_seed9517/images/test/011/9b68754e-38d9-438e-94f6-e44f9688b95a.jpg,True
11,11,11,11,/content/dataset/shared_dataset_seed9517/images/test/011/b74601b0-a633-4fbb-9373-33d11072c8b3.jpg,True
11,214,11,214,/content/dataset/shared_dataset_seed9517/images/test/011/cc458e2c-841f-47ef-8c81-96b4dd4be8f8.jpg,False
11,11,11,11,/content/dataset/shared_dataset_seed9517/images/test/011/e986f939-d810-483d-8f0f-478eac866662.jpg,True
11,11,11,11,/content/dataset/shared_dataset_seed9517/images/test/011/f943fdda-2838-47fb-ae7a-f363cfa8e8d1.jpg,True
12,12,12,12,/content/dataset/shared_dataset_seed9517/images/test/012/4865cb96-3a54-4cd5-a809-98edf55fc6f5.jpg,True
12,12,12,12,/content/dataset/shared_dataset_seed9517/images/test/012/6c934683-97ad-4629-aae1-f9ba56fe2853.jpg,True
12,12,12,12,/content/dataset/shared_dataset_seed9517/images/test/012/73a12d10-8d47-4898-886f-60564fa3b5d2.jpg,True
12,12,12,12,/content/dataset/shared_dataset_seed9517/images/test/012/7a8104e3-de56-4d96-8616-59a952c12d73.jpg,True
12,12,12,12,/content/dataset/shared_dataset_seed9517/images/test/012/7aaf3e42-1a41-4126-98d2-b63e1371a355.jpg,True
12,12,12,12,/content/dataset/shared_dataset_seed9517/images/test/012/b06a53c0-1dc9-4565-b137-e85f9ca01a9a.jpg,True
12,349,12,349,/content/dataset/shared_dataset_seed9517/images/test/012/c5f5ef68-f1b6-408b-a21f-b7405922e07c.jpg,False
12,12,12,12,/content/dataset/shared_dataset_seed9517/images/test/012/c610b2df-e241-401f-88c3-8ebb86caba06.jpg,True
12,12,12,12,/content/dataset/shared_dataset_seed9517/images/test/012/c835f958-042d-4230-b2f0-7153c3b39d6a.jpg,True
12,12,12,12,/content/dataset/shared_dataset_seed9517/images/test/012/cc9e132f-9520-4572-9bdf-28581231eb5e.jpg,True
13,13,13,13,/content/dataset/shared_dataset_seed9517/images/test/013/2f8e8f2a-f1ef-4977-a30c-909a6e9d8262.jpg,True
13,435,13,435,/content/dataset/shared_dataset_seed9517/images/test/013/421288b6-e3c4-48d8-abde-4381c5311e7e.jpg,False
13,13,13,13,/content/dataset/shared_dataset_seed9517/images/test/013/80f0408e-3068-40ac-8795-d62cdcba91f8.jpg,True
13,13,13,13,/content/dataset/shared_dataset_seed9517/images/test/013/8533274c-740e-44de-9188-cd4254066c9a.jpg,True
13,13,13,13,/content/dataset/shared_dataset_seed9517/images/test/013/8ab5d7f9-a879-43b6-978b-78d224dfaa1f.jpg,True
13,12,13,12,/content/dataset/shared_dataset_seed9517/images/test/013/aa5cd3ef-d5d3-4d52-862a-dd995f705001.jpg,False
13,12,13,12,/content/dataset/shared_dataset_seed9517/images/test/013/c7e5cd75-cded-420c-bf62-ad0123548d83.jpg,False
13,13,13,13,/content/dataset/shared_dataset_seed9517/images/test/013/d2892e34-9019-422d-962e-9614c470dbc5.jpg,True
13,13,13,13,/content/dataset/shared_dataset_seed9517/images/test/013/d3be320e-855c-4488-abbc-7308e2397e84.jpg,True
13,13,13,13,/content/dataset/shared_dataset_seed9517/images/test/013/f76cff9c-9e76-4be8-906e-e73e1e9d4064.jpg,True
14,14,14,14,/content/dataset/shared_dataset_seed9517/images/test/014/63eab1ac-9a74-46a8-8dc7-cc984c70201d.jpg,True
14,14,14,14,/content/dataset/shared_dataset_seed9517/images/test/014/7391029c-946a-4e72-bc09-55068d4448f7.jpg,True
14,14,14,14,/content/dataset/shared_dataset_seed9517/images/test/014/7e6f8663-e716-4053-8ce4-f12c1b191b81.jpg,True
14,14,14,14,/content/dataset/shared_dataset_seed9517/images/test/014/9231c9a9-2edf-48a4-ab5f-99a3700794bf.jpg,True
14,14,14,14,/content/dataset/shared_dataset_seed9517/images/test/014/9a091732-3fbb-47fe-aab9-3c088ea8e9e9.jpg,True
14,14,14,14,/content/dataset/shared_dataset_seed9517/images/test/014/a54d93b7-c704-4cb1-812d-30c0585e4207.jpg,True
14,38,14,38,/content/dataset/shared_dataset_seed9517/images/test/014/b30ac1e6-c02d-4574-a434-ca4a10896da2.jpg,False
14,14,14,14,/content/dataset/shared_dataset_seed9517/images/test/014/c98b72e6-8208-4826-9571-49a4929fc19e.jpg,True
14,14,14,14,/content/dataset/shared_dataset_seed9517/images/test/014/d3369d69-c113-4a16-b1f4-46d872b00da9.jpg,True
14,14,14,14,/content/dataset/shared_dataset_seed9517/images/test/014/d61c4975-9757-4297-bee7-0e616a4c3559.jpg,True
15,8,15,8,/content/dataset/shared_dataset_seed9517/images/test/015/221620e7-3cb8-4e12-899e-ce1f1da4a78c.jpg,False
15,15,15,15,/content/dataset/shared_dataset_seed9517/images/test/015/379456ab-3a39-463d-93f9-6e22d7899771.jpg,True
15,318,15,318,/content/dataset/shared_dataset_seed9517/images/test/015/4d533de9-54be-4b01-a407-4c89ece3497b.jpg,False
15,15,15,15,/content/dataset/shared_dataset_seed9517/images/test/015/517aabc8-0c6d-4ea0-936b-12e592cb99aa.jpg,True
15,282,15,282,/content/dataset/shared_dataset_seed9517/images/test/015/92feeb7f-f207-4842-8dc7-f26611b23ce0.jpg,False
15,15,15,15,/content/dataset/shared_dataset_seed9517/images/test/015/c8ec1b45-bcc0-43ae-ab35-97b317ddf611.jpg,True
15,15,15,15,/content/dataset/shared_dataset_seed9517/images/test/015/d361018a-a906-4279-9403-9e1cebfa3ac5.jpg,True
15,15,15,15,/content/dataset/shared_dataset_seed9517/images/test/015/d97c3b8b-261a-4c53-8394-f6dd7a0307af.jpg,True
15,15,15,15,/content/dataset/shared_dataset_seed9517/images/test/015/eae6a221-1274-482b-b2c2-b3408ce18571.jpg,True
15,15,15,15,/content/dataset/shared_dataset_seed9517/images/test/015/ef4315cd-ce95-4b72-9b87-09a856c909f1.jpg,True
16,16,16,16,/content/dataset/shared_dataset_seed9517/images/test/016/01689499-5abc-4c43-b3f6-d084747a5815.jpg,True
16,16,16,16,/content/dataset/shared_dataset_seed9517/images/test/016/20ff4ba8-96bd-45ef-8ad5-9887a62184be.jpg,True
16,16,16,16,/content/dataset/shared_dataset_seed9517/images/test/016/6074e30b-5a7e-48d8-ac99-8556ba4de684.jpg,True
16,429,16,429,/content/dataset/shared_dataset_seed9517/images/test/016/8f047f9b-6f60-43d1-b029-09430d02f858.jpg,False
16,16,16,16,/content/dataset/shared_dataset_seed9517/images/test/016/ad40863e-cef8-42c2-a3fa-dfaf94c0d3c3.jpg,True
16,16,16,16,/content/dataset/shared_dataset_seed9517/images/test/016/b767c420-4809-4d3f-a1a8-c01f9825fc94.jpg,True
16,16,16,16,/content/dataset/shared_dataset_seed9517/images/test/016/c4e50d28-92d0-40fe-838b-0a69e045848f.jpg,True
16,327,16,327,/content/dataset/shared_dataset_seed9517/images/test/016/c53706c5-48e9-4745-9a99-e1df6b872984.jpg,False
16,16,16,16,/content/dataset/shared_dataset_seed9517/images/test/016/f5944b9e-e814-4051-a013-37fc410e4c29.jpg,True
16,16,16,16,/content/dataset/shared_dataset_seed9517/images/test/016/fba2b69d-f10f-4cde-b96e-5d4281db922b.jpg,True
17,17,17,17,/content/dataset/shared_dataset_seed9517/images/test/017/4e90de80-d504-4e1a-80b1-961d871b346a.jpg,True
17,23,17,23,/content/dataset/shared_dataset_seed9517/images/test/017/656cc52e-50a3-49cf-8521-ab2f3cb22de9.jpg,False
17,17,17,17,/content/dataset/shared_dataset_seed9517/images/test/017/65e087d0-39b1-465f-8e9d-a92e22153c33.jpg,True
17,17,17,17,/content/dataset/shared_dataset_seed9517/images/test/017/6c951a1b-bd03-44ee-b3de-03dcdb71410d.jpg,True
17,17,17,17,/content/dataset/shared_dataset_seed9517/images/test/017/71921340-711a-4a8d-a829-cf1c3c478a87.jpg,True
17,17,17,17,/content/dataset/shared_dataset_seed9517/images/test/017/7833c857-a97d-4028-8b02-1f06eb73ba32.jpg,True
17,46,17,46,/content/dataset/shared_dataset_seed9517/images/test/017/a40b2251-277e-4c46-9454-9b86d492fd0f.jpg,False
17,14,17,14,/content/dataset/shared_dataset_seed9517/images/test/017/c95430ed-958b-4171-98e7-8b4fea859c34.jpg,False
17,19,17,19,/content/dataset/shared_dataset_seed9517/images/test/017/d2e636f5-175c-4d52-945e-dd85048b1ca4.jpg,False
17,17,17,17,/content/dataset/shared_dataset_seed9517/images/test/017/f42b16c2-a0a6-4d95-8171-7581b63e90c5.jpg,True
18,18,18,18,/content/dataset/shared_dataset_seed9517/images/test/018/020d4451-49de-4ded-b064-738c62202e0e.jpg,True
18,18,18,18,/content/dataset/shared_dataset_seed9517/images/test/018/205dbdaf-0986-4382-8afe-f8165e20bd6e.jpg,True
18,16,18,16,/content/dataset/shared_dataset_seed9517/images/test/018/35978a56-8445-4e40-86cd-e6cc4af55b1e.jpg,False
18,18,18,18,/content/dataset/shared_dataset_seed9517/images/test/018/44261235-ccfb-41ba-8c31-e426a0379087.jpg,True
18,18,18,18,/content/dataset/shared_dataset_seed9517/images/test/018/4df26718-c618-4f42-98c1-4316c0537c92.jpg,True
18,18,18,18,/content/dataset/shared_dataset_seed9517/images/test/018/5dc6b522-b4eb-4be9-80bd-331dba626a07.jpg,True
18,18,18,18,/content/dataset/shared_dataset_seed9517/images/test/018/62e1f25f-f692-4518-8187-f98a482ee05c.jpg,True
18,18,18,18,/content/dataset/shared_dataset_seed9517/images/test/018/8d6d0d08-7c18-49d6-a998-f6f086740089.jpg,True
18,18,18,18,/content/dataset/shared_dataset_seed9517/images/test/018/d8b79c4d-3fae-480b-84fe-08f40af259cc.jpg,True
18,18,18,18,/content/dataset/shared_dataset_seed9517/images/test/018/da07a186-980b-44af-9aca-625e139c86ff.jpg,True
19,44,19,44,/content/dataset/shared_dataset_seed9517/images/test/019/2ae3e79e-cce0-45e1-835c-1ecfb4ae9748.jpg,False
19,19,19,19,/content/dataset/shared_dataset_seed9517/images/test/019/49b93b5f-2604-4786-83ac-4e28829e2e39.jpg,True
19,19,19,19,/content/dataset/shared_dataset_seed9517/images/test/019/64d74e0c-5b26-4b60-a2e1-3600df91a81c.jpg,True
19,19,19,19,/content/dataset/shared_dataset_seed9517/images/test/019/7827c7fd-7c8f-421d-bb3a-4c054469fdf0.jpg,True
19,19,19,19,/content/dataset/shared_dataset_seed9517/images/test/019/7d9bd16e-2b28-48b4-8b5f-8ac55b7cee64.jpg,True
19,19,19,19,/content/dataset/shared_dataset_seed9517/images/test/019/7e4ad447-6607-4b0e-9815-ef11cc01ca86.jpg,True
19,35,19,35,/content/dataset/shared_dataset_seed9517/images/test/019/8c4284a9-f35e-4db2-97a6-fbec09779017.jpg,False
19,10,19,10,/content/dataset/shared_dataset_seed9517/images/test/019/dc7ccc5e-9c0a-4a24-a1e3-2da82216ffe6.jpg,False
19,10,19,10,/content/dataset/shared_dataset_seed9517/images/test/019/eec62529-841a-499c-aa12-a4595d601b0a.jpg,False
19,19,19,19,/content/dataset/shared_dataset_seed9517/images/test/019/eef69190-9fbf-46df-89b0-ad221cbfee78.jpg,True
20,38,20,38,/content/dataset/shared_dataset_seed9517/images/test/020/2ab6fc04-ae54-4d6b-b2e2-895737f92449.jpg,False
20,20,20,20,/content/dataset/shared_dataset_seed9517/images/test/020/3d47fff4-b85d-450e-8d01-19410dcc6ae7.jpg,True
20,20,20,20,/content/dataset/shared_dataset_seed9517/images/test/020/4d5b89ca-dd00-465a-bc0c-c7c596e475b4.jpg,True
20,20,20,20,/content/dataset/shared_dataset_seed9517/images/test/020/6880af20-7f98-4b6b-9c82-e5c799632c31.jpg,True
20,20,20,20,/content/dataset/shared_dataset_seed9517/images/test/020/a6d85cc6-2e07-49ef-90b2-820b043f1ff1.jpg,True
20,21,20,21,/content/dataset/shared_dataset_seed9517/images/test/020/b4350298-00c7-4703-9b9c-f697e2f8cc0c.jpg,False
20,20,20,20,/content/dataset/shared_dataset_seed9517/images/test/020/bcf42d61-f7cb-488f-bd31-50c1f455a696.jpg,True
20,18,20,18,/content/dataset/shared_dataset_seed9517/images/test/020/d61f241d-5af4-4227-94f7-7f9628be8f4c.jpg,False
20,18,20,18,/content/dataset/shared_dataset_seed9517/images/test/020/e3449e16-04be-4d6a-b702-377390ff9134.jpg,False
20,20,20,20,/content/dataset/shared_dataset_seed9517/images/test/020/ffd1e3ca-ff82-49b0-a00b-00f7a0539de4.jpg,True
21,465,21,465,/content/dataset/shared_dataset_seed9517/images/test/021/00f14677-01d8-4994-afbc-26e634b1f08d.jpg,False
21,21,21,21,/content/dataset/shared_dataset_seed9517/images/test/021/444d2569-d343-4aa9-8515-a7b8dba9f3b3.jpg,True
21,21,21,21,/content/dataset/shared_dataset_seed9517/images/test/021/63369e28-d0eb-4981-a331-319f64f42e1e.jpg,True
21,21,21,21,/content/dataset/shared_dataset_seed9517/images/test/021/7e994a33-070b-4ae3-ab1c-5160629c1897.jpg,True
21,21,21,21,/content/dataset/shared_dataset_seed9517/images/test/021/91d6c615-3e6f-420e-aea6-18b762321508.jpg,True
21,21,21,21,/content/dataset/shared_dataset_seed9517/images/test/021/ab03d6be-22c0-4b86-91f4-2676cd03f7dc.jpg,True
21,21,21,21,/content/dataset/shared_dataset_seed9517/images/test/021/c9dc8807-6669-4e72-88e6-4c7dd784595f.jpg,True
21,17,21,17,/content/dataset/shared_dataset_seed9517/images/test/021/d14236d4-0ce2-41ed-b6bf-07aec598c995.jpg,False
21,5,21,5,/content/dataset/shared_dataset_seed9517/images/test/021/d150bd71-64f4-48f5-824d-5af481b89338.jpg,False
21,32,21,32,/content/dataset/shared_dataset_seed9517/images/test/021/fcf2eccc-a1e0-4c7f-86a1-a8d41778753e.jpg,False
22,39,22,39,/content/dataset/shared_dataset_seed9517/images/test/022/13470875-c9f0-4c48-bfbb-412cb5a8b797.jpg,False
22,22,22,22,/content/dataset/shared_dataset_seed9517/images/test/022/182f4b60-0d45-4627-84a9-b455ca836801.jpg,True
22,22,22,22,/content/dataset/shared_dataset_seed9517/images/test/022/2f14788e-ac54-4ca9-9cce-8dddaede0084.jpg,True
22,23,22,23,/content/dataset/shared_dataset_seed9517/images/test/022/38787967-c09e-4b61-add1-492cace2912d.jpg,False
22,22,22,22,/content/dataset/shared_dataset_seed9517/images/test/022/5a2189a3-bff0-477d-9267-d4c3faee8a87.jpg,True
22,22,22,22,/content/dataset/shared_dataset_seed9517/images/test/022/73c92737-ffaa-47f9-b7f7-e4eb44bda823.jpg,True
22,22,22,22,/content/dataset/shared_dataset_seed9517/images/test/022/b4950601-931f-46ba-bc13-06d96a6c708d.jpg,True
22,22,22,22,/content/dataset/shared_dataset_seed9517/images/test/022/d69b37b4-1b49-42f6-8f48-921a13336ce9.jpg,True
22,20,22,20,/content/dataset/shared_dataset_seed9517/images/test/022/ea6a1722-9a0c-4b5f-8467-046966a47510.jpg,False
22,23,22,23,/content/dataset/shared_dataset_seed9517/images/test/022/f1869b06-712f-4464-8713-aa4d7ef75739.jpg,False
23,23,23,23,/content/dataset/shared_dataset_seed9517/images/test/023/39429d7f-602e-4dde-9ee2-945900320606.jpg,True
23,123,23,123,/content/dataset/shared_dataset_seed9517/images/test/023/4b194b68-765d-45f1-aace-b6788d3c05c6.jpg,False
23,23,23,23,/content/dataset/shared_dataset_seed9517/images/test/023/4d5199ae-bca6-4ee7-81df-738a77aa02d7.jpg,True
23,23,23,23,/content/dataset/shared_dataset_seed9517/images/test/023/541c97c7-917e-46a0-b2e6-48e7b019d776.jpg,True
23,23,23,23,/content/dataset/shared_dataset_seed9517/images/test/023/6667745d-a0c3-467c-9560-ac2548e17f9a.jpg,True
23,23,23,23,/content/dataset/shared_dataset_seed9517/images/test/023/8bb85286-6d93-48bc-b841-8e1251360d80.jpg,True
23,23,23,23,/content/dataset/shared_dataset_seed9517/images/test/023/9f52ef9d-18b1-43ab-aba3-ea9841a4f12c.jpg,True
23,23,23,23,/content/dataset/shared_dataset_seed9517/images/test/023/bf6ba9bf-3ef3-402b-8c1f-5c39aee0c2f0.jpg,True
23,23,23,23,/content/dataset/shared_dataset_seed9517/images/test/023/d5c97300-46db-4d6c-ac00-b59d8ecc8a0e.jpg,True
23,23,23,23,/content/dataset/shared_dataset_seed9517/images/test/023/f8616c2d-2c22-40bb-a62e-54a9cbc75e8c.jpg,True
24,24,24,24,/content/dataset/shared_dataset_seed9517/images/test/024/21e405d3-cf31-45e0-9be9-02cd7de20939.jpg,True
24,24,24,24,/content/dataset/shared_dataset_seed9517/images/test/024/7ce32a46-cefa-459f-83f0-6924900451b1.jpg,True
24,24,24,24,/content/dataset/shared_dataset_seed9517/images/test/024/7dead1f8-ec66-4d50-8492-6f734a5cc489.jpg,True
24,493,24,493,/content/dataset/shared_dataset_seed9517/images/test/024/953a9e2c-a551-46d6-a389-e86feaa56c95.jpg,False
24,24,24,24,/content/dataset/shared_dataset_seed9517/images/test/024/ac335a27-4023-4b5b-b22c-4354c2db0e45.jpg,True
24,24,24,24,/content/dataset/shared_dataset_seed9517/images/test/024/bcefc115-55ff-41ba-a33a-1aad2667e311.jpg,True
24,24,24,24,/content/dataset/shared_dataset_seed9517/images/test/024/e0ee1352-26ff-4b90-ab41-7c4a2bb4a0f9.jpg,True
24,24,24,24,/content/dataset/shared_dataset_seed9517/images/test/024/f645806f-9ee8-4f6d-ada8-23556c4b5841.jpg,True
24,24,24,24,/content/dataset/shared_dataset_seed9517/images/test/024/fcf66ce9-9112-4441-b51d-5deb580a91ed.jpg,True
24,24,24,24,/content/dataset/shared_dataset_seed9517/images/test/024/ff1ef653-8f2d-427b-8a5f-9ada65dfe5e7.jpg,True
25,25,25,25,/content/dataset/shared_dataset_seed9517/images/test/025/0493ef7c-2a7a-4bda-8392-37f11d41651d.jpg,True
25,25,25,25,/content/dataset/shared_dataset_seed9517/images/test/025/32cb2527-c344-46be-9aa1-0b853a122228.jpg,True
25,25,25,25,/content/dataset/shared_dataset_seed9517/images/test/025/3b563273-5476-47c7-9357-cbc81e4336c7.jpg,True
25,25,25,25,/content/dataset/shared_dataset_seed9517/images/test/025/3d155575-3864-4450-98ef-1f67cebdae41.jpg,True
25,25,25,25,/content/dataset/shared_dataset_seed9517/images/test/025/4ae76323-b54e-4bb3-b14b-6f00e23b1bc6.jpg,True
25,25,25,25,/content/dataset/shared_dataset_seed9517/images/test/025/70b1f71d-c382-40b1-ac45-82fc026ea53e.jpg,True
25,25,25,25,/content/dataset/shared_dataset_seed9517/images/test/025/954d81cf-54e8-47a0-a55f-7727f1d63f02.jpg,True
25,25,25,25,/content/dataset/shared_dataset_seed9517/images/test/025/b16952aa-0a41-4714-abe7-f7992da1d0f8.jpg,True
25,25,25,25,/content/dataset/shared_dataset_seed9517/images/test/025/eda88c09-378e-41a2-bcb9-96edae8b8ece.jpg,True
25,25,25,25,/content/dataset/shared_dataset_seed9517/images/test/025/ef48e9c1-ad7f-4252-a96c-e49ba79ca34b.jpg,True
26,26,26,26,/content/dataset/shared_dataset_seed9517/images/test/026/026a2425-0211-47ab-8024-1dd7af75911f.jpg,True
26,26,26,26,/content/dataset/shared_dataset_seed9517/images/test/026/4827395c-c7e7-4e30-a8f5-0fd2c96141b1.jpg,True
26,26,26,26,/content/dataset/shared_dataset_seed9517/images/test/026/961d0095-9408-4371-8ee3-8d3468bd4ab6.jpg,True
26,26,26,26,/content/dataset/shared_dataset_seed9517/images/test/026/9f2eb27d-fc44-4995-9b93-d2d93589da5b.jpg,True
26,27,26,27,/content/dataset/shared_dataset_seed9517/images/test/026/a5b7d4eb-1e40-41f5-9a7d-2ed012710e54.jpg,False
26,2,26,2,/content/dataset/shared_dataset_seed9517/images/test/026/c5f2c901-14b2-4230-abf1-1fa3680a4457.jpg,False
26,26,26,26,/content/dataset/shared_dataset_seed9517/images/test/026/d1c528ca-c75a-45a5-b729-e2e3b5763df2.jpg,True
26,26,26,26,/content/dataset/shared_dataset_seed9517/images/test/026/e3e0f1cf-ccb9-43af-9b1d-8a87ea6bedf6.jpg,True
26,26,26,26,/content/dataset/shared_dataset_seed9517/images/test/026/f2755cf1-a1ce-4f77-a0fe-85733833d010.jpg,True
26,26,26,26,/content/dataset/shared_dataset_seed9517/images/test/026/fd61b3ee-258a-4cea-b324-f84ec23c28f2.jpg,True
27,17,27,17,/content/dataset/shared_dataset_seed9517/images/test/027/05c0c634-d426-4b85-9bae-86e727e53364.jpg,False
27,27,27,27,/content/dataset/shared_dataset_seed9517/images/test/027/4e074ec5-2bb3-488f-9cca-318f0c09be1b.jpg,True
27,27,27,27,/content/dataset/shared_dataset_seed9517/images/test/027/533ebf83-c1a6-43ec-b494-4068d271a3b7.jpg,True
27,42,27,42,/content/dataset/shared_dataset_seed9517/images/test/027/70d3ace9-91cc-40a5-ac41-413e779f2821.jpg,False
27,27,27,27,/content/dataset/shared_dataset_seed9517/images/test/027/8291250a-d60e-4606-a649-6998a2318f92.jpg,True
27,0,27,0,/content/dataset/shared_dataset_seed9517/images/test/027/a3ea78fc-1314-4668-bc48-b7980a4228ef.jpg,False
27,27,27,27,/content/dataset/shared_dataset_seed9517/images/test/027/ac52060e-a156-4a94-864f-a8fb3a3ab79a.jpg,True
27,27,27,27,/content/dataset/shared_dataset_seed9517/images/test/027/bf936576-c8c8-4722-8b2a-2e50633a4222.jpg,True
27,17,27,17,/content/dataset/shared_dataset_seed9517/images/test/027/e2dbb37b-f969-466c-8002-19a56f49ef03.jpg,False
27,27,27,27,/content/dataset/shared_dataset_seed9517/images/test/027/fcb5125b-b262-42ac-a240-b5eff015f198.jpg,True
28,28,28,28,/content/dataset/shared_dataset_seed9517/images/test/028/0b08ab80-1dc8-41e4-97bd-31299147aab7.jpg,True
28,28,28,28,/content/dataset/shared_dataset_seed9517/images/test/028/1d1815b5-d362-45d9-b505-3bd794365152.jpg,True
28,28,28,28,/content/dataset/shared_dataset_seed9517/images/test/028/641e367d-b9e6-4237-b033-308d3df347eb.jpg,True
28,28,28,28,/content/dataset/shared_dataset_seed9517/images/test/028/73b753ad-17ef-4e3a-b3bc-924e73b0a46f.jpg,True
28,28,28,28,/content/dataset/shared_dataset_seed9517/images/test/028/785ec115-9da2-4d78-ad41-5b1802782519.jpg,True
28,28,28,28,/content/dataset/shared_dataset_seed9517/images/test/028/87f6a50b-61ab-4a65-87db-91364e774a7e.jpg,True
28,28,28,28,/content/dataset/shared_dataset_seed9517/images/test/028/894c4d8b-1c1d-4f1f-ade5-45fa1daca8c3.jpg,True
28,28,28,28,/content/dataset/shared_dataset_seed9517/images/test/028/8d9b1f36-2559-4c33-88e5-0f216b6b0497.jpg,True
28,360,28,360,/content/dataset/shared_dataset_seed9517/images/test/028/99460f9a-a3af-47e7-a201-feba42df1fae.jpg,False
28,28,28,28,/content/dataset/shared_dataset_seed9517/images/test/028/a5e3ff6b-3439-4027-99fc-2371bf0d7feb.jpg,True
29,29,29,29,/content/dataset/shared_dataset_seed9517/images/test/029/0dcb68ba-38b7-469b-bdac-86299ae38710.jpg,True
29,29,29,29,/content/dataset/shared_dataset_seed9517/images/test/029/0f9dd095-6fb1-47c8-91ee-2932316ea9dc.jpg,True
29,29,29,29,/content/dataset/shared_dataset_seed9517/images/test/029/28e75f00-f4cc-47b7-be7a-d241bad29df1.jpg,True
29,29,29,29,/content/dataset/shared_dataset_seed9517/images/test/029/516811b0-fec2-4f06-9ec2-f413646bad45.jpg,True
29,29,29,29,/content/dataset/shared_dataset_seed9517/images/test/029/678b7819-c778-4db0-a690-696990c51916.jpg,True
29,29,29,29,/content/dataset/shared_dataset_seed9517/images/test/029/854eb698-43a7-4ef3-a4a3-f6334fd4ea11.jpg,True
29,29,29,29,/content/dataset/shared_dataset_seed9517/images/test/029/a598ec0c-66e1-4ae6-8a9e-4ef220e20de4.jpg,True
29,29,29,29,/content/dataset/shared_dataset_seed9517/images/test/029/ade6530a-40bb-4dba-8c57-d01f5a5037bc.jpg,True
29,29,29,29,/content/dataset/shared_dataset_seed9517/images/test/029/f064fd8a-9bac-40c6-bb26-93a0c59371a1.jpg,True
29,29,29,29,/content/dataset/shared_dataset_seed9517/images/test/029/ffc9c65a-6719-4b1c-97e6-855bb7babe20.jpg,True
30,10,30,10,/content/dataset/shared_dataset_seed9517/images/test/030/005b6194-47aa-4262-82f9-34182f888257.jpg,False
30,30,30,30,/content/dataset/shared_dataset_seed9517/images/test/030/0290acfe-abba-4fe7-bc80-e0444590b7c2.jpg,True
30,30,30,30,/content/dataset/shared_dataset_seed9517/images/test/030/05e3e6c3-bd05-4938-9be5-b4f23bb30d34.jpg,True
30,19,30,19,/content/dataset/shared_dataset_seed9517/images/test/030/38eb649b-54bc-460f-acc6-37a2d9547097.jpg,False
30,30,30,30,/content/dataset/shared_dataset_seed9517/images/test/030/70ceb007-b416-49fe-8cf8-742c2f648edd.jpg,True
30,30,30,30,/content/dataset/shared_dataset_seed9517/images/test/030/78f1883c-296e-4016-b5aa-b3e6d9846b1f.jpg,True
30,30,30,30,/content/dataset/shared_dataset_seed9517/images/test/030/91909f41-f8f8-443f-b0e1-891ab4dd24cd.jpg,True
30,66,30,66,/content/dataset/shared_dataset_seed9517/images/test/030/b0072e54-65d7-4792-983c-1171d2a94b1b.jpg,False
30,141,30,141,/content/dataset/shared_dataset_seed9517/images/test/030/c9565414-754e-4ff8-9ecc-62b0195dc3fc.jpg,False
30,30,30,30,/content/dataset/shared_dataset_seed9517/images/test/030/f95d2733-0da6-4b94-a0d5-da721c621b77.jpg,True
31,40,31,40,/content/dataset/shared_dataset_seed9517/images/test/031/0b865e49-0f68-49ef-938b-1579ad68a6fa.jpg,False
31,13,31,13,/content/dataset/shared_dataset_seed9517/images/test/031/0bd0ecf0-aa5e-4cdb-9feb-f15f174f70cf.jpg,False
31,31,31,31,/content/dataset/shared_dataset_seed9517/images/test/031/729f6d54-4723-4336-9a0f-c1b5988dd574.jpg,True
31,31,31,31,/content/dataset/shared_dataset_seed9517/images/test/031/827a9709-dbed-4077-b5f2-05a67ee3c5b2.jpg,True
31,125,31,125,/content/dataset/shared_dataset_seed9517/images/test/031/83fbfc52-8fde-48dc-8add-0659b3629959.jpg,False
31,31,31,31,/content/dataset/shared_dataset_seed9517/images/test/031/8e3939cd-c5d1-4971-af4f-cc7c6595fe2a.jpg,True
31,31,31,31,/content/dataset/shared_dataset_seed9517/images/test/031/af46a285-c8be-4c37-9f35-6bc83f3abf73.jpg,True
31,466,31,466,/content/dataset/shared_dataset_seed9517/images/test/031/e2cb3ce7-9fba-4f00-9cc0-09e7f997f290.jpg,False
31,29,31,29,/content/dataset/shared_dataset_seed9517/images/test/031/f24ef149-9698-41df-8743-d54fe9c4b212.jpg,False
31,31,31,31,/content/dataset/shared_dataset_seed9517/images/test/031/fdab67b9-39c9-442c-8415-5fab58b73f8a.jpg,True
32,429,32,429,/content/dataset/shared_dataset_seed9517/images/test/032/249b76c3-ee2f-45c1-938b-9d6777152ad1.jpg,False
32,32,32,32,/content/dataset/shared_dataset_seed9517/images/test/032/2d42c65e-6576-470e-b4ed-7a69b8e45407.jpg,True
32,71,32,71,/content/dataset/shared_dataset_seed9517/images/test/032/30a18022-8fb8-4f7c-bf10-d30d4008f283.jpg,False
32,32,32,32,/content/dataset/shared_dataset_seed9517/images/test/032/4274b726-c40a-4e33-afbe-48ac1a8fb565.jpg,True
32,32,32,32,/content/dataset/shared_dataset_seed9517/images/test/032/47a6785d-6db5-418b-a85a-9bcf0d550629.jpg,True
32,32,32,32,/content/dataset/shared_dataset_seed9517/images/test/032/89225361-0309-4c5c-9686-c2919731ee6f.jpg,True
32,16,32,16,/content/dataset/shared_dataset_seed9517/images/test/032/9492c1f3-db74-4eaf-9f3e-a00e31af71a7.jpg,False
32,32,32,32,/content/dataset/shared_dataset_seed9517/images/test/032/9a16e280-5973-423c-a4c2-55cf6247f447.jpg,True
32,32,32,32,/content/dataset/shared_dataset_seed9517/images/test/032/abaa8ae8-ffb6-421d-a83f-e131b471b91d.jpg,True
32,22,32,22,/content/dataset/shared_dataset_seed9517/images/test/032/fed1d8d5-9726-47e2-a502-e9eff5900728.jpg,False
33,194,33,194,/content/dataset/shared_dataset_seed9517/images/test/033/36502d9c-5c29-4e82-a8ac-71faf4063ee8.jpg,False
33,33,33,33,/content/dataset/shared_dataset_seed9517/images/test/033/6d653487-3495-4c05-a80d-de3a389c731e.jpg,True
33,33,33,33,/content/dataset/shared_dataset_seed9517/images/test/033/d0b58fa4-a7a3-4b60-ab13-d074d3da7404.jpg,True
33,33,33,33,/content/dataset/shared_dataset_seed9517/images/test/033/d0f1e756-c9a7-4ff9-9806-c5af1a57e4ed.jpg,True
33,33,33,33,/content/dataset/shared_dataset_seed9517/images/test/033/d8111fd5-5266-49de-8230-c1fa1680389a.jpg,True
33,33,33,33,/content/dataset/shared_dataset_seed9517/images/test/033/ea8256a8-d5de-4522-a30c-f7bdc4da85f6.jpg,True
33,33,33,33,/content/dataset/shared_dataset_seed9517/images/test/033/f3f83976-9c1b-45c1-89c0-ce3aec3b9881.jpg,True
33,33,33,33,/content/dataset/shared_dataset_seed9517/images/test/033/fcf44cc2-9de9-4fc2-835f-d72fe275a06a.jpg,True
33,33,33,33,/content/dataset/shared_dataset_seed9517/images/test/033/fd1d2592-febb-4b99-8a12-48e9032e5113.jpg,True
33,33,33,33,/content/dataset/shared_dataset_seed9517/images/test/033/fe381523-0314-4780-a7ad-ec43a7534cc3.jpg,True
34,34,34,34,/content/dataset/shared_dataset_seed9517/images/test/034/2ba9954a-6eb3-40fc-b1e1-f37eb27fe1fa.jpg,True
34,34,34,34,/content/dataset/shared_dataset_seed9517/images/test/034/3954ce48-b90d-41ef-9e1e-78547d31cbaa.jpg,True
34,39,34,39,/content/dataset/shared_dataset_seed9517/images/test/034/5672c1ea-fa04-4775-b726-d5e79d8dd427.jpg,False
34,21,34,21,/content/dataset/shared_dataset_seed9517/images/test/034/64bc479c-dc5a-4a5a-9bea-eba89aa5ec64.jpg,False
34,423,34,423,/content/dataset/shared_dataset_seed9517/images/test/034/6c65b0bb-c42a-4f7a-84d4-423544c19767.jpg,False
34,34,34,34,/content/dataset/shared_dataset_seed9517/images/test/034/98946e48-03cc-4273-9609-46854c9262cc.jpg,True
34,34,34,34,/content/dataset/shared_dataset_seed9517/images/test/034/b3de4586-101c-469d-9f53-e99bd4de7747.jpg,True
34,34,34,34,/content/dataset/shared_dataset_seed9517/images/test/034/d54d6234-e7ef-44c7-b71f-4aa1dbc624cb.jpg,True
34,409,34,409,/content/dataset/shared_dataset_seed9517/images/test/034/e002b783-5a8c-47c3-bca3-1d50292fd4c8.jpg,False
34,41,34,41,/content/dataset/shared_dataset_seed9517/images/test/034/ff81cb8d-be15-45a8-bea2-83668b4d8e57.jpg,False
35,120,35,120,/content/dataset/shared_dataset_seed9517/images/test/035/13bda92d-1ac9-44ab-8698-aa4e0ffc42e0.jpg,False
35,79,35,79,/content/dataset/shared_dataset_seed9517/images/test/035/2a986bbb-6f01-46f9-8e9a-983702299a77.jpg,False
35,35,35,35,/content/dataset/shared_dataset_seed9517/images/test/035/543bc1ca-f3b5-4071-ac19-39ad5ca1797e.jpg,True
35,35,35,35,/content/dataset/shared_dataset_seed9517/images/test/035/8fa82250-596f-486a-9786-0f35bc4e1290.jpg,True
35,250,35,250,/content/dataset/shared_dataset_seed9517/images/test/035/95920a51-0649-48e9-b0c5-9a39b3c859f1.jpg,False
35,265,35,265,/content/dataset/shared_dataset_seed9517/images/test/035/a7b7f630-9212-4c6e-8fe0-c8159076f3ec.jpg,False
35,35,35,35,/content/dataset/shared_dataset_seed9517/images/test/035/b9e2502a-1813-4d8c-85c9-a9afefc45005.jpg,True
35,35,35,35,/content/dataset/shared_dataset_seed9517/images/test/035/bb274718-da52-4e00-a3c4-d85b0c0731fb.jpg,True
35,35,35,35,/content/dataset/shared_dataset_seed9517/images/test/035/d1948d4f-643d-4131-8fdf-c5972fc4782b.jpg,True
35,35,35,35,/content/dataset/shared_dataset_seed9517/images/test/035/d800a673-610a-42bf-96b8-189ff6e4e909.jpg,True
36,36,36,36,/content/dataset/shared_dataset_seed9517/images/test/036/14fba512-7306-4117-b694-c01ab21c38ef.jpg,True
36,36,36,36,/content/dataset/shared_dataset_seed9517/images/test/036/1d4ef850-0b78-46de-a948-834d1c338c8c.jpg,True
36,36,36,36,/content/dataset/shared_dataset_seed9517/images/test/036/32a40c0d-6c82-423b-b276-8fd8b6d2bf49.jpg,True
36,475,36,475,/content/dataset/shared_dataset_seed9517/images/test/036/4d084005-1ac1-47af-8687-923c9f93d330.jpg,False
36,36,36,36,/content/dataset/shared_dataset_seed9517/images/test/036/7f3624e5-0758-4093-b84f-9f6b224e5f45.jpg,True
36,36,36,36,/content/dataset/shared_dataset_seed9517/images/test/036/835660f1-585e-42b7-9601-3ab1d034b4ac.jpg,True
36,36,36,36,/content/dataset/shared_dataset_seed9517/images/test/036/948e3c1b-e932-48d5-81ea-cbe7b59d2256.jpg,True
36,36,36,36,/content/dataset/shared_dataset_seed9517/images/test/036/adbd3e19-0c4d-40d3-affd-8cf1fe26b850.jpg,True
36,36,36,36,/content/dataset/shared_dataset_seed9517/images/test/036/fc9111cc-200b-4eed-9520-07289879a17d.jpg,True
36,36,36,36,/content/dataset/shared_dataset_seed9517/images/test/036/fe7c1823-f80c-40a7-8326-c40fcb278c1b.jpg,True
37,37,37,37,/content/dataset/shared_dataset_seed9517/images/test/037/1491eaeb-2907-4556-bf81-b2a9ec13b978.jpg,True
37,37,37,37,/content/dataset/shared_dataset_seed9517/images/test/037/245203e8-c2dd-436d-8e3f-0a5d2fd5d15d.jpg,True
37,37,37,37,/content/dataset/shared_dataset_seed9517/images/test/037/29b657c7-9055-4315-9cf8-e0a0544d0994.jpg,True
37,37,37,37,/content/dataset/shared_dataset_seed9517/images/test/037/2eabb16a-d780-41ba-8c3e-59986097b89c.jpg,True
37,37,37,37,/content/dataset/shared_dataset_seed9517/images/test/037/4cf59965-1553-4f27-a24e-037e837bfa90.jpg,True
37,37,37,37,/content/dataset/shared_dataset_seed9517/images/test/037/549d38d0-50a2-4737-9e7f-1fcee95eb38c.jpg,True
37,109,37,109,/content/dataset/shared_dataset_seed9517/images/test/037/68f1ca77-b33d-49b5-a6fe-4d066c1dd12b.jpg,False
37,37,37,37,/content/dataset/shared_dataset_seed9517/images/test/037/c7fbd63f-b935-48c7-870b-910b73034db5.jpg,True
37,37,37,37,/content/dataset/shared_dataset_seed9517/images/test/037/cdcf6d0f-88f9-4bba-b502-30bffc4c7bfc.jpg,True
37,143,37,143,/content/dataset/shared_dataset_seed9517/images/test/037/e8b35607-b39b-4246-808b-94d7fda8e170.jpg,False
38,38,38,38,/content/dataset/shared_dataset_seed9517/images/test/038/016d8914-9884-4a53-a2aa-84cc60af0848.jpg,True
38,38,38,38,/content/dataset/shared_dataset_seed9517/images/test/038/12bd77ad-91fe-41af-8e4c-002af20fcfa1.jpg,True
38,10,38,10,/content/dataset/shared_dataset_seed9517/images/test/038/205df368-86eb-46e6-b675-608c8d2d8ec7.jpg,False
38,38,38,38,/content/dataset/shared_dataset_seed9517/images/test/038/284019b3-833e-4f32-ab2c-61cd85d36827.jpg,True
38,38,38,38,/content/dataset/shared_dataset_seed9517/images/test/038/30dfefc5-14ee-40f7-9d9d-9ef9f2833ee2.jpg,True
38,38,38,38,/content/dataset/shared_dataset_seed9517/images/test/038/4177afff-85b0-4075-9a47-6169f15892d1.jpg,True
38,38,38,38,/content/dataset/shared_dataset_seed9517/images/test/038/5910025a-9bee-48ad-89ef-6f99db7b3b88.jpg,True
38,38,38,38,/content/dataset/shared_dataset_seed9517/images/test/038/b11807c0-4c9f-4936-97d5-65c9c20937ba.jpg,True
38,38,38,38,/content/dataset/shared_dataset_seed9517/images/test/038/d2a574c2-4461-4301-a6a4-4234f033124b.jpg,True
38,221,38,221,/content/dataset/shared_dataset_seed9517/images/test/038/fff1108b-fbd4-4299-ad4c-c0b24d281c76.jpg,False
39,22,39,22,/content/dataset/shared_dataset_seed9517/images/test/039/213ed3d8-f014-44c0-ae31-b3d4e0de49ba.jpg,False
39,171,39,171,/content/dataset/shared_dataset_seed9517/images/test/039/42842ff7-cd08-46d4-bbc0-f7c89b4f9d4a.jpg,False
39,39,39,39,/content/dataset/shared_dataset_seed9517/images/test/039/4c906b56-2a0a-4b84-bf3e-e6e2d0d3809c.jpg,True
39,39,39,39,/content/dataset/shared_dataset_seed9517/images/test/039/69398021-f3c2-4e1f-a2cc-be7cb3165b97.jpg,True
39,39,39,39,/content/dataset/shared_dataset_seed9517/images/test/039/6e6dfa61-b4a2-469f-923d-cb493ec6f385.jpg,True
39,39,39,39,/content/dataset/shared_dataset_seed9517/images/test/039/84a18711-0002-4641-a442-6d2d0a1e0977.jpg,True
39,39,39,39,/content/dataset/shared_dataset_seed9517/images/test/039/90b9896f-7773-49b3-97b0-4be796db2152.jpg,True
39,39,39,39,/content/dataset/shared_dataset_seed9517/images/test/039/b0ce2d89-307d-41d7-bb3c-d8cb7b0c269d.jpg,True
39,15,39,15,/content/dataset/shared_dataset_seed9517/images/test/039/c6002113-23e2-4b43-a858-c406654f9722.jpg,False
39,39,39,39,/content/dataset/shared_dataset_seed9517/images/test/039/f2cd6b15-6415-436a-a01f-f2322a111718.jpg,True
40,40,40,40,/content/dataset/shared_dataset_seed9517/images/test/040/0be6e9d6-748e-4b62-8714-9db067132767.jpg,True
40,40,40,40,/content/dataset/shared_dataset_seed9517/images/test/040/0ddf023d-d841-427e-98b8-c47a0587c4d8.jpg,True
40,40,40,40,/content/dataset/shared_dataset_seed9517/images/test/040/0eaee4ff-8f13-4058-b8c9-c867c68ad022.jpg,True
40,39,40,39,/content/dataset/shared_dataset_seed9517/images/test/040/7e0de4dc-2bb1-48fd-af62-d294a7bc5d7f.jpg,False
40,39,40,39,/content/dataset/shared_dataset_seed9517/images/test/040/918d36ae-5bfc-4733-96a2-aac2a4e0ef48.jpg,False
40,40,40,40,/content/dataset/shared_dataset_seed9517/images/test/040/98fdfdef-a009-4f44-abc9-fff25c72b2bc.jpg,True
40,39,40,39,/content/dataset/shared_dataset_seed9517/images/test/040/9f8985f9-5df9-4687-9907-70a9ec7deb87.jpg,False
40,40,40,40,/content/dataset/shared_dataset_seed9517/images/test/040/b9a865f9-1b2b-4a1a-9a64-5326a51df7ac.jpg,True
40,40,40,40,/content/dataset/shared_dataset_seed9517/images/test/040/bb514367-5018-4bee-99f3-1e2658f2b480.jpg,True
40,40,40,40,/content/dataset/shared_dataset_seed9517/images/test/040/bd674a92-7985-4e79-b3de-b5778a9bae37.jpg,True
41,41,41,41,/content/dataset/shared_dataset_seed9517/images/test/041/00876247-3ced-4d31-94a6-6a2e3bec8aee.jpg,True
41,41,41,41,/content/dataset/shared_dataset_seed9517/images/test/041/08317bfd-8b94-4da8-aedd-2f79d31e18a0.jpg,True
41,41,41,41,/content/dataset/shared_dataset_seed9517/images/test/041/28998e1e-d590-4fae-a14c-76838abdc381.jpg,True
41,41,41,41,/content/dataset/shared_dataset_seed9517/images/test/041/66ad1279-e90d-44b3-805e-68d76c1775b3.jpg,True
41,41,41,41,/content/dataset/shared_dataset_seed9517/images/test/041/6b5d20d9-6243-48ae-be32-1bd83dbc38f0.jpg,True
41,41,41,41,/content/dataset/shared_dataset_seed9517/images/test/041/6f5b01b4-3a16-4c28-8750-86a8379f67d3.jpg,True
41,41,41,41,/content/dataset/shared_dataset_seed9517/images/test/041/70909a6b-457e-4390-8e75-f6fa2956d95e.jpg,True
41,41,41,41,/content/dataset/shared_dataset_seed9517/images/test/041/9538fc36-f1b8-4b5e-a4e9-ecce2a5b41d1.jpg,True
41,41,41,41,/content/dataset/shared_dataset_seed9517/images/test/041/bafbca32-21b6-4588-8ee1-f2dfb4365cbb.jpg,True
41,41,41,41,/content/dataset/shared_dataset_seed9517/images/test/041/db50c332-56b6-4384-b6b5-f82b6e409018.jpg,True
42,42,42,42,/content/dataset/shared_dataset_seed9517/images/test/042/13c5b910-0b2e-4f05-808d-ac0a7d0c41e7.jpg,True
42,42,42,42,/content/dataset/shared_dataset_seed9517/images/test/042/21323ed0-ce14-4797-8fc1-d4091ea3b834.jpg,True
42,42,42,42,/content/dataset/shared_dataset_seed9517/images/test/042/6872739b-9730-48bc-860d-f86a990c4eb1.jpg,True
42,42,42,42,/content/dataset/shared_dataset_seed9517/images/test/042/77ad13bf-55e8-4de1-9444-ca262f53956e.jpg,True
42,42,42,42,/content/dataset/shared_dataset_seed9517/images/test/042/7e82d906-d711-4a1b-83f8-b6788618d944.jpg,True
42,123,42,123,/content/dataset/shared_dataset_seed9517/images/test/042/853ebabb-fadb-40df-bc74-0a90076279d7.jpg,False
42,42,42,42,/content/dataset/shared_dataset_seed9517/images/test/042/90e11454-8401-4349-bef8-1fb8ea94acff.jpg,True
42,42,42,42,/content/dataset/shared_dataset_seed9517/images/test/042/97c8a1c5-a7b0-4477-b3e8-68c4ece6da28.jpg,True
42,42,42,42,/content/dataset/shared_dataset_seed9517/images/test/042/c2f15408-d1b9-4474-a010-e1bd344e9e44.jpg,True
42,42,42,42,/content/dataset/shared_dataset_seed9517/images/test/042/e1aa87ca-c64a-4c8a-a791-f1241cb3613f.jpg,True
43,43,43,43,/content/dataset/shared_dataset_seed9517/images/test/043/08cf7ccf-5ac7-42f9-a18b-33d6156e5f0f.jpg,True
43,43,43,43,/content/dataset/shared_dataset_seed9517/images/test/043/130748c9-e8cc-4130-a829-d9b1353c8c32.jpg,True
43,43,43,43,/content/dataset/shared_dataset_seed9517/images/test/043/36dd226c-d330-4024-9110-95dacc0377e0.jpg,True
43,43,43,43,/content/dataset/shared_dataset_seed9517/images/test/043/4012e4ce-e78c-4671-a306-3f53f6927f86.jpg,True
43,83,43,83,/content/dataset/shared_dataset_seed9517/images/test/043/4c0b3462-01be-43a4-b596-e4cc36bba57a.jpg,False
43,43,43,43,/content/dataset/shared_dataset_seed9517/images/test/043/710df14e-0481-4969-84c4-0c934dc6145b.jpg,True
43,83,43,83,/content/dataset/shared_dataset_seed9517/images/test/043/8d144640-d98a-40fd-a231-d51ff89f724e.jpg,False
43,43,43,43,/content/dataset/shared_dataset_seed9517/images/test/043/8f3edaf9-ed10-4f6b-bf04-9f480f105274.jpg,True
43,47,43,47,/content/dataset/shared_dataset_seed9517/images/test/043/da16eb56-6093-41e9-afc2-858e8a8b0db4.jpg,False
43,43,43,43,/content/dataset/shared_dataset_seed9517/images/test/043/da494676-e941-4380-b815-0e74e648a39e.jpg,True
44,242,44,242,/content/dataset/shared_dataset_seed9517/images/test/044/34ee6dbb-c99f-43a0-bcc6-05543a04b0d7.jpg,False
44,44,44,44,/content/dataset/shared_dataset_seed9517/images/test/044/4a1e856e-4e49-46d9-9776-a91112c7034a.jpg,True
44,44,44,44,/content/dataset/shared_dataset_seed9517/images/test/044/5345cb02-18e6-4bf5-9310-141c4819fbf4.jpg,True
44,44,44,44,/content/dataset/shared_dataset_seed9517/images/test/044/5c6bb881-6056-4e1c-8d78-705acc3800bb.jpg,True
44,44,44,44,/content/dataset/shared_dataset_seed9517/images/test/044/6257bbd8-f7fd-424c-bf84-18cdd6179e9a.jpg,True
44,44,44,44,/content/dataset/shared_dataset_seed9517/images/test/044/9b97bfe7-3e04-4fc1-a4c1-6251fb430ce3.jpg,True
44,44,44,44,/content/dataset/shared_dataset_seed9517/images/test/044/b7bd6702-ee90-4db6-bd61-9979d36047d9.jpg,True
44,44,44,44,/content/dataset/shared_dataset_seed9517/images/test/044/c634d786-4613-4d22-8f50-f6d48a343460.jpg,True
44,44,44,44,/content/dataset/shared_dataset_seed9517/images/test/044/eea3ee3b-b747-4695-8f1a-d74bae886e09.jpg,True
44,44,44,44,/content/dataset/shared_dataset_seed9517/images/test/044/f54a228e-40b9-40bf-9eec-a333ead2b697.jpg,True
45,45,45,45,/content/dataset/shared_dataset_seed9517/images/test/045/07d41839-367f-4e66-8fd0-83200f233675.jpg,True
45,55,45,55,/content/dataset/shared_dataset_seed9517/images/test/045/16851b47-3be8-4d8e-a260-02d57a422aa7.jpg,False
45,45,45,45,/content/dataset/shared_dataset_seed9517/images/test/045/3d2b9ae0-08f6-473b-94a0-b8606cdec7ee.jpg,True
45,45,45,45,/content/dataset/shared_dataset_seed9517/images/test/045/4857cfaf-43e7-497d-984e-e4735e3061be.jpg,True
45,45,45,45,/content/dataset/shared_dataset_seed9517/images/test/045/4b6e1e5a-0697-4998-8fdf-62624ba53e2b.jpg,True
45,45,45,45,/content/dataset/shared_dataset_seed9517/images/test/045/73a39ca6-eeff-41f4-bc40-7c0a6f777a32.jpg,True
45,45,45,45,/content/dataset/shared_dataset_seed9517/images/test/045/b9b72ee6-97fb-4bed-97d7-c503b7b9bebf.jpg,True
45,45,45,45,/content/dataset/shared_dataset_seed9517/images/test/045/c0aafe61-2c95-44e7-96da-e84e4bc11dba.jpg,True
45,45,45,45,/content/dataset/shared_dataset_seed9517/images/test/045/ccacb34d-2694-4124-bd84-3445b2f0164d.jpg,True
45,45,45,45,/content/dataset/shared_dataset_seed9517/images/test/045/ffd4ff31-f430-4136-af5d-b76b9f990f3e.jpg,True
46,46,46,46,/content/dataset/shared_dataset_seed9517/images/test/046/0cdae0d3-6e5d-449d-85e6-08cfe0ba5cb7.jpg,True
46,46,46,46,/content/dataset/shared_dataset_seed9517/images/test/046/1aed01ca-5b29-407c-955d-236985b92d2a.jpg,True
46,46,46,46,/content/dataset/shared_dataset_seed9517/images/test/046/23bb21d9-0a1c-4984-a591-9eeceb82a3ef.jpg,True
46,46,46,46,/content/dataset/shared_dataset_seed9517/images/test/046/49c5d39f-d4b2-4cab-ae8e-4eef301fdcec.jpg,True
46,46,46,46,/content/dataset/shared_dataset_seed9517/images/test/046/5b371bae-bee8-497f-87d5-1fb148618c42.jpg,True
46,46,46,46,/content/dataset/shared_dataset_seed9517/images/test/046/5eb0eacd-d006-43c0-a6b2-8801820f734b.jpg,True
46,46,46,46,/content/dataset/shared_dataset_seed9517/images/test/046/68f9eaae-bceb-4871-98b7-15ec1a680646.jpg,True
46,46,46,46,/content/dataset/shared_dataset_seed9517/images/test/046/9f7a6b05-079b-4fa6-aa4f-e0b4ebdfba39.jpg,True
46,46,46,46,/content/dataset/shared_dataset_seed9517/images/test/046/ce47937d-02cb-4d4b-9434-19ba353ec55f.jpg,True
46,46,46,46,/content/dataset/shared_dataset_seed9517/images/test/046/d358a5c6-ba93-426b-b9b3-5476ef1c780e.jpg,True
47,47,47,47,/content/dataset/shared_dataset_seed9517/images/test/047/0bc02b22-1940-4a11-88be-44fa364cd443.jpg,True
47,47,47,47,/content/dataset/shared_dataset_seed9517/images/test/047/1cb2ba0f-553c-48b0-bed6-d4d7a7302871.jpg,True
47,47,47,47,/content/dataset/shared_dataset_seed9517/images/test/047/3cdd05e7-bc0f-46ee-95f9-25bbe19e0b96.jpg,True
47,47,47,47,/content/dataset/shared_dataset_seed9517/images/test/047/57db5221-f59e-46d2-9124-d1ba41f05bf8.jpg,True
47,47,47,47,/content/dataset/shared_dataset_seed9517/images/test/047/7aecf799-c564-40fc-b6b7-9c55003cc3df.jpg,True
47,44,47,44,/content/dataset/shared_dataset_seed9517/images/test/047/965cefd9-c8e7-484d-8c29-c1427f94ea1f.jpg,False
47,47,47,47,/content/dataset/shared_dataset_seed9517/images/test/047/a84b9bcc-baf3-4664-bf8a-8297456ca3e5.jpg,True
47,47,47,47,/content/dataset/shared_dataset_seed9517/images/test/047/b998dbe4-0341-4a0a-a013-8793339eab50.jpg,True
47,47,47,47,/content/dataset/shared_dataset_seed9517/images/test/047/d0525892-d6c0-4bf6-b843-34615c1945a3.jpg,True
47,47,47,47,/content/dataset/shared_dataset_seed9517/images/test/047/d51b68db-eb1f-4045-80dd-432a649f9cbe.jpg,True
48,48,48,48,/content/dataset/shared_dataset_seed9517/images/test/048/0d3b6603-a89b-4e56-8978-58569b657bba.jpg,True
48,48,48,48,/content/dataset/shared_dataset_seed9517/images/test/048/455c7ad2-3b78-46f3-8d11-e240c9035018.jpg,True
48,48,48,48,/content/dataset/shared_dataset_seed9517/images/test/048/4597b89f-c586-4967-9342-7d6383e604f1.jpg,True
48,48,48,48,/content/dataset/shared_dataset_seed9517/images/test/048/46dfba06-90a7-4378-a9ef-528986e6d026.jpg,True
48,118,48,118,/content/dataset/shared_dataset_seed9517/images/test/048/4f87c2e2-2d26-49e8-9cff-cd22d632a4ce.jpg,False
48,48,48,48,/content/dataset/shared_dataset_seed9517/images/test/048/5bfc5c53-03fa-4287-a0e7-71b21cb80659.jpg,True
48,48,48,48,/content/dataset/shared_dataset_seed9517/images/test/048/635edc80-299a-4619-9105-dd04b210a16b.jpg,True
48,48,48,48,/content/dataset/shared_dataset_seed9517/images/test/048/8afe4189-865e-4de5-80a1-73d65e7af649.jpg,True
48,61,48,61,/content/dataset/shared_dataset_seed9517/images/test/048/b13ab786-51ba-45d9-8a3c-47d84a3774c7.jpg,False
48,61,48,61,/content/dataset/shared_dataset_seed9517/images/test/048/f267bf5b-04af-4da5-8eef-7024f3680013.jpg,False
49,49,49,49,/content/dataset/shared_dataset_seed9517/images/test/049/25e12fea-2d2e-4236-83f7-c20ec12896c0.jpg,True
49,50,49,50,/content/dataset/shared_dataset_seed9517/images/test/049/34686d14-3319-4bd8-ac62-df094f351f01.jpg,False
49,49,49,49,/content/dataset/shared_dataset_seed9517/images/test/049/4cfcc6f2-b406-4728-89d4-f1b0589b5618.jpg,True
49,49,49,49,/content/dataset/shared_dataset_seed9517/images/test/049/622f2d65-f87a-4390-acf2-696ed9ca0c70.jpg,True
49,49,49,49,/content/dataset/shared_dataset_seed9517/images/test/049/6a115c13-7009-4bb2-adfe-aac598ff3245.jpg,True
49,49,49,49,/content/dataset/shared_dataset_seed9517/images/test/049/7621654c-940c-43a3-9be6-f6cdf105435e.jpg,True
49,87,49,87,/content/dataset/shared_dataset_seed9517/images/test/049/9439294f-d49b-4398-85c0-5cbc4c69c0f4.jpg,False
49,49,49,49,/content/dataset/shared_dataset_seed9517/images/test/049/b01ff2ee-0208-47b8-a718-e154114046a0.jpg,True
49,49,49,49,/content/dataset/shared_dataset_seed9517/images/test/049/ec631f02-d8f7-4f94-9267-0197431a5d66.jpg,True
49,53,49,53,/content/dataset/shared_dataset_seed9517/images/test/049/f75bfb83-c26c-4d71-8bab-e28e65fc783b.jpg,False
50,50,50,50,/content/dataset/shared_dataset_seed9517/images/test/050/1f57fd5b-a9ac-40c7-9caf-0ab45e46ff08.jpg,True
50,50,50,50,/content/dataset/shared_dataset_seed9517/images/test/050/20a7750c-760c-4fee-84fd-00fd39f1a288.jpg,True
50,50,50,50,/content/dataset/shared_dataset_seed9517/images/test/050/5d41bc12-694a-4df9-8369-26b76f3c0c92.jpg,True
50,50,50,50,/content/dataset/shared_dataset_seed9517/images/test/050/8e8f8ae1-b6e8-45e1-b22f-934133047519.jpg,True
50,50,50,50,/content/dataset/shared_dataset_seed9517/images/test/050/b9493918-c52c-45ba-8466-9efa7fb14497.jpg,True
50,13,50,13,/content/dataset/shared_dataset_seed9517/images/test/050/c07602be-fe1d-4d9a-9413-eaea2ba41345.jpg,False
50,50,50,50,/content/dataset/shared_dataset_seed9517/images/test/050/c3e12c03-ca4a-4ec7-9da5-bb2e71c6ca66.jpg,True
50,50,50,50,/content/dataset/shared_dataset_seed9517/images/test/050/d21b024b-a518-44cd-91f2-b29e60f5cc28.jpg,True
50,50,50,50,/content/dataset/shared_dataset_seed9517/images/test/050/dd6dc78d-f70b-40b3-a79f-c4abb4402a6c.jpg,True
50,50,50,50,/content/dataset/shared_dataset_seed9517/images/test/050/fa58e7a5-65bc-4835-9d2f-c9680f20efee.jpg,True
51,51,51,51,/content/dataset/shared_dataset_seed9517/images/test/051/01fce9bc-be97-49ea-ab0f-6eb88549537a.jpg,True
51,103,51,103,/content/dataset/shared_dataset_seed9517/images/test/051/2945b3a0-7b2d-49fc-b35d-28b316014579.jpg,False
51,51,51,51,/content/dataset/shared_dataset_seed9517/images/test/051/46a040b3-eb1c-45c6-8441-59171588cd64.jpg,True
51,51,51,51,/content/dataset/shared_dataset_seed9517/images/test/051/472a9b64-ac7e-40bc-b748-43ea3c40d507.jpg,True
51,51,51,51,/content/dataset/shared_dataset_seed9517/images/test/051/750145f8-81bf-465f-a39e-85c10b77fe51.jpg,True
51,51,51,51,/content/dataset/shared_dataset_seed9517/images/test/051/99c48ba5-76e4-40e5-baa5-7bbfb3ed18fd.jpg,True
51,237,51,237,/content/dataset/shared_dataset_seed9517/images/test/051/9df81097-ee3f-4da1-948c-44e56b390a04.jpg,False
51,105,51,105,/content/dataset/shared_dataset_seed9517/images/test/051/b6b48e7a-e03f-4ec7-9223-9008c37f97dd.jpg,False
51,171,51,171,/content/dataset/shared_dataset_seed9517/images/test/051/ea6b6fc0-bf68-4f82-b60e-6637c28f7361.jpg,False
51,51,51,51,/content/dataset/shared_dataset_seed9517/images/test/051/f96efc01-5906-4f64-8e85-04c5b1be9127.jpg,True
52,142,52,142,/content/dataset/shared_dataset_seed9517/images/test/052/11acb5fc-855c-4d16-a392-2ecda092984c.jpg,False
52,52,52,52,/content/dataset/shared_dataset_seed9517/images/test/052/22cdee14-4286-4f46-9c63-20e664063c2c.jpg,True
52,52,52,52,/content/dataset/shared_dataset_seed9517/images/test/052/54a1b518-a7c8-446d-909b-2d2c4ff2fbf7.jpg,True
52,106,52,106,/content/dataset/shared_dataset_seed9517/images/test/052/799ee6c1-cf6c-4644-bd61-610c79eb0c6e.jpg,False
52,52,52,52,/content/dataset/shared_dataset_seed9517/images/test/052/7a97c068-f6bf-45d6-b110-0d65ab7958f0.jpg,True
52,52,52,52,/content/dataset/shared_dataset_seed9517/images/test/052/8b03d11c-c525-414d-a784-5616bad36d13.jpg,True
52,52,52,52,/content/dataset/shared_dataset_seed9517/images/test/052/9973104f-32cc-4525-bc4d-eba90703dccc.jpg,True
52,52,52,52,/content/dataset/shared_dataset_seed9517/images/test/052/bf6d3c46-b6c6-47a1-aaaf-41fd973f6379.jpg,True
52,52,52,52,/content/dataset/shared_dataset_seed9517/images/test/052/c9cb0b7c-0669-4d70-8d41-1bb7e2affbd2.jpg,True
52,52,52,52,/content/dataset/shared_dataset_seed9517/images/test/052/e1c14721-f5a9-4358-b513-0eab1cf533d0.jpg,True
53,44,53,44,/content/dataset/shared_dataset_seed9517/images/test/053/42bdd1f9-a3cf-49bb-88bd-8611ed1af30c.jpg,False
53,53,53,53,/content/dataset/shared_dataset_seed9517/images/test/053/48f1e34f-d4c7-4777-a4f9-2eb6ec3ea6f7.jpg,True
53,108,53,108,/content/dataset/shared_dataset_seed9517/images/test/053/814baeba-f284-4189-928b-e304d944ae23.jpg,False
53,53,53,53,/content/dataset/shared_dataset_seed9517/images/test/053/8dc06200-74e2-4dd0-a080-cffa06c19329.jpg,True
53,53,53,53,/content/dataset/shared_dataset_seed9517/images/test/053/91518ee3-735e-4175-b59a-efb7a8758bde.jpg,True
53,53,53,53,/content/dataset/shared_dataset_seed9517/images/test/053/c9449831-6375-4c86-a76e-a6ff069099f1.jpg,True
53,53,53,53,/content/dataset/shared_dataset_seed9517/images/test/053/cdbe2534-2e56-4964-a5d6-843cc101f1e5.jpg,True
53,53,53,53,/content/dataset/shared_dataset_seed9517/images/test/053/e220e408-3380-4051-a671-5d0216be9d69.jpg,True
53,53,53,53,/content/dataset/shared_dataset_seed9517/images/test/053/eaca893d-1eab-4f0f-9572-e3569370a36b.jpg,True
53,53,53,53,/content/dataset/shared_dataset_seed9517/images/test/053/f9e13aba-ff5a-4769-8b7c-5899629a18e8.jpg,True
54,54,54,54,/content/dataset/shared_dataset_seed9517/images/test/054/107db6b2-e05d-424d-b921-3799be539220.jpg,True
54,54,54,54,/content/dataset/shared_dataset_seed9517/images/test/054/24381e2e-edfe-4f79-b9a0-92056e6db88d.jpg,True
54,54,54,54,/content/dataset/shared_dataset_seed9517/images/test/054/26f92dee-0494-46a5-8f08-7b79571bcd31.jpg,True
54,54,54,54,/content/dataset/shared_dataset_seed9517/images/test/054/3049588c-add0-4642-977a-c06aa64f992b.jpg,True
54,54,54,54,/content/dataset/shared_dataset_seed9517/images/test/054/48562260-82b0-45aa-a2f5-1a74fede7ced.jpg,True
54,54,54,54,/content/dataset/shared_dataset_seed9517/images/test/054/671b68f9-910d-41e2-9bcb-791c9533fad9.jpg,True
54,54,54,54,/content/dataset/shared_dataset_seed9517/images/test/054/758dd70b-3a0d-4d1d-b46b-cdc50b36a5f1.jpg,True
54,53,54,53,/content/dataset/shared_dataset_seed9517/images/test/054/758f3f59-dd38-45fd-96e9-6ba70e84eb46.jpg,False
54,54,54,54,/content/dataset/shared_dataset_seed9517/images/test/054/fa18d351-9f96-4d98-87e2-3714b3e5a8a6.jpg,True
54,54,54,54,/content/dataset/shared_dataset_seed9517/images/test/054/fba27aae-3220-46df-92cb-0c2eaebfd55a.jpg,True
55,55,55,55,/content/dataset/shared_dataset_seed9517/images/test/055/227b22ee-4222-4010-867b-3e46f9c2ecca.jpg,True
55,55,55,55,/content/dataset/shared_dataset_seed9517/images/test/055/23f85ac1-2f37-4827-bc0a-07d07b719860.jpg,True
55,55,55,55,/content/dataset/shared_dataset_seed9517/images/test/055/68ff6e5f-588d-456b-8d67-0de58c007f38.jpg,True
55,55,55,55,/content/dataset/shared_dataset_seed9517/images/test/055/6e23f243-60bc-4861-aa31-43d70cb8675a.jpg,True
55,55,55,55,/content/dataset/shared_dataset_seed9517/images/test/055/6fbbb99c-d17d-49b6-a622-d899fbfaacb9.jpg,True
55,55,55,55,/content/dataset/shared_dataset_seed9517/images/test/055/750bae87-16b4-48b4-9228-0a2c1f106973.jpg,True
55,55,55,55,/content/dataset/shared_dataset_seed9517/images/test/055/7bb7fa82-f731-4c97-8a86-c9297d71d911.jpg,True
55,55,55,55,/content/dataset/shared_dataset_seed9517/images/test/055/8913ab82-f6ce-49b0-822d-b2707ab1458e.jpg,True
55,55,55,55,/content/dataset/shared_dataset_seed9517/images/test/055/ca7d1854-3507-49f4-9dc6-50c6539d77d6.jpg,True
55,246,55,246,/content/dataset/shared_dataset_seed9517/images/test/055/f3a8804c-b76d-4ecc-9074-fbbaf118d09c.jpg,False
56,56,56,56,/content/dataset/shared_dataset_seed9517/images/test/056/038981b0-8137-47be-a06b-f782f8d01c8e.jpg,True
56,56,56,56,/content/dataset/shared_dataset_seed9517/images/test/056/2070e106-7b24-4983-a959-efeb54898699.jpg,True
56,56,56,56,/content/dataset/shared_dataset_seed9517/images/test/056/40a8c16a-3971-41ea-8499-3c1917211629.jpg,True
56,56,56,56,/content/dataset/shared_dataset_seed9517/images/test/056/6bb42932-7a4d-44d6-bbbf-b7b2751ff087.jpg,True
56,56,56,56,/content/dataset/shared_dataset_seed9517/images/test/056/83b8b8ec-f05b-4100-801f-c9fea5a2fa63.jpg,True
56,56,56,56,/content/dataset/shared_dataset_seed9517/images/test/056/9713a4da-516d-44cd-bb6f-ce90f6cd02ac.jpg,True
56,106,56,106,/content/dataset/shared_dataset_seed9517/images/test/056/c3fca799-ad90-411c-aed8-793f41409a41.jpg,False
56,56,56,56,/content/dataset/shared_dataset_seed9517/images/test/056/cc45282b-67d6-4f9f-b69d-73e27fa54347.jpg,True
56,56,56,56,/content/dataset/shared_dataset_seed9517/images/test/056/d01201e6-a0e6-4dbb-b6e0-1201b28323a7.jpg,True
56,56,56,56,/content/dataset/shared_dataset_seed9517/images/test/056/e6dd079e-3458-41f9-90f7-c4a18c29aceb.jpg,True
57,57,57,57,/content/dataset/shared_dataset_seed9517/images/test/057/1fa84007-a3d1-4758-8d05-ee48ce2fe4e2.jpg,True
57,57,57,57,/content/dataset/shared_dataset_seed9517/images/test/057/23dc456f-2aeb-45af-8efb-7fcf5f31b4fb.jpg,True
57,57,57,57,/content/dataset/shared_dataset_seed9517/images/test/057/4a659a12-c6ca-434a-a3bb-07ee24fda303.jpg,True
57,57,57,57,/content/dataset/shared_dataset_seed9517/images/test/057/551b8d2b-d6f4-4bcc-bdb3-c924444b2e60.jpg,True
57,57,57,57,/content/dataset/shared_dataset_seed9517/images/test/057/5f697890-c950-41f6-8dc1-160f133216cd.jpg,True
57,57,57,57,/content/dataset/shared_dataset_seed9517/images/test/057/89a3dd6c-3993-402f-85fd-bde77b3b543a.jpg,True
57,57,57,57,/content/dataset/shared_dataset_seed9517/images/test/057/91050c46-ed13-4055-b731-34ac1cfccd32.jpg,True
57,57,57,57,/content/dataset/shared_dataset_seed9517/images/test/057/918f81a7-d047-42e9-81d1-1f2dd4bc792e.jpg,True
57,57,57,57,/content/dataset/shared_dataset_seed9517/images/test/057/d3ad5638-b6d5-4710-8b6e-2565e0bdc4e8.jpg,True
57,47,57,47,/content/dataset/shared_dataset_seed9517/images/test/057/ded29f7c-886b-44eb-bbed-e114166b6c55.jpg,False
58,58,58,58,/content/dataset/shared_dataset_seed9517/images/test/058/077dcf69-e79c-457b-8772-8047ace14ca7.jpg,True
58,58,58,58,/content/dataset/shared_dataset_seed9517/images/test/058/1804adf2-9a5d-4b26-800e-87a4df5795a5.jpg,True
58,58,58,58,/content/dataset/shared_dataset_seed9517/images/test/058/2cef8fd7-bff4-406b-8d41-4bb7bd4e860f.jpg,True
58,58,58,58,/content/dataset/shared_dataset_seed9517/images/test/058/5fa1cab6-5a03-4526-acf7-b650b2dec060.jpg,True
58,58,58,58,/content/dataset/shared_dataset_seed9517/images/test/058/6033bb35-db9f-48c2-b45c-e9b688f9bcad.jpg,True
58,58,58,58,/content/dataset/shared_dataset_seed9517/images/test/058/61a8d053-64c9-46de-b898-de388c76deaa.jpg,True
58,58,58,58,/content/dataset/shared_dataset_seed9517/images/test/058/84af56a2-8a2f-4e3d-b137-173e9bec19cb.jpg,True
58,58,58,58,/content/dataset/shared_dataset_seed9517/images/test/058/c6d4f6f5-b785-4884-9137-05862129cfb1.jpg,True
58,58,58,58,/content/dataset/shared_dataset_seed9517/images/test/058/cc692317-cae5-4e26-a905-2ec893b56b40.jpg,True
58,58,58,58,/content/dataset/shared_dataset_seed9517/images/test/058/de8b7f2f-4bed-499a-820a-f619f438ef19.jpg,True
59,59,59,59,/content/dataset/shared_dataset_seed9517/images/test/059/0592d060-2807-401b-8cde-594960004eeb.jpg,True
59,59,59,59,/content/dataset/shared_dataset_seed9517/images/test/059/1e5cdc8a-3759-4d38-b02d-2c9cc2595752.jpg,True
59,59,59,59,/content/dataset/shared_dataset_seed9517/images/test/059/248e5858-2790-4bb2-b370-b5a6cbc383be.jpg,True
59,59,59,59,/content/dataset/shared_dataset_seed9517/images/test/059/6e6969eb-22c6-435a-9c79-35e2b73dc70c.jpg,True
59,59,59,59,/content/dataset/shared_dataset_seed9517/images/test/059/7692f69c-6f06-408c-8a2f-125d73a0827d.jpg,True
59,59,59,59,/content/dataset/shared_dataset_seed9517/images/test/059/80bf9cb5-946c-4040-abad-402a5019a499.jpg,True
59,59,59,59,/content/dataset/shared_dataset_seed9517/images/test/059/998c002f-5024-4873-bcf2-dd66434bc0a1.jpg,True
59,59,59,59,/content/dataset/shared_dataset_seed9517/images/test/059/d309d1bc-6e4b-4e62-b1f2-81cd71ccb33e.jpg,True
59,59,59,59,/content/dataset/shared_dataset_seed9517/images/test/059/fb8bf6d0-f80f-422a-814b-94654145eed4.jpg,True
59,59,59,59,/content/dataset/shared_dataset_seed9517/images/test/059/fdc2dee7-aa4f-4eba-8a5c-e22b866b76b8.jpg,True
60,60,60,60,/content/dataset/shared_dataset_seed9517/images/test/060/0bdfbc23-ca4a-48a0-849f-75a4681ffbbf.jpg,True
60,60,60,60,/content/dataset/shared_dataset_seed9517/images/test/060/18a38ff7-67ee-403a-8c6e-ee6220a3f3ae.jpg,True
60,60,60,60,/content/dataset/shared_dataset_seed9517/images/test/060/19cebfc0-bc21-46ae-a1a5-b688959c0307.jpg,True
60,60,60,60,/content/dataset/shared_dataset_seed9517/images/test/060/220fb720-d713-4027-829e-a47af4037add.jpg,True
60,60,60,60,/content/dataset/shared_dataset_seed9517/images/test/060/36b18780-0ec2-4930-b62f-0cc322007f86.jpg,True
60,60,60,60,/content/dataset/shared_dataset_seed9517/images/test/060/4f4279bc-7a88-4ec2-b0ab-985959ace3bc.jpg,True
60,60,60,60,/content/dataset/shared_dataset_seed9517/images/test/060/7013e6de-9432-4de0-8a6f-3a868a71b7d0.jpg,True
60,60,60,60,/content/dataset/shared_dataset_seed9517/images/test/060/a0403bf6-327a-4eb6-b224-d75d0586f6f8.jpg,True
60,60,60,60,/content/dataset/shared_dataset_seed9517/images/test/060/de34d543-74a2-4020-a79e-dcb376a82bb2.jpg,True
60,60,60,60,/content/dataset/shared_dataset_seed9517/images/test/060/eb1bddb4-d117-4fb9-a081-9cdd1fff2a18.jpg,True
61,61,61,61,/content/dataset/shared_dataset_seed9517/images/test/061/0531bbc9-8b7f-46e9-8338-5ea03a11d38e.jpg,True
61,61,61,61,/content/dataset/shared_dataset_seed9517/images/test/061/257ba46d-e18e-4b07-b181-245e511bbaf5.jpg,True
61,61,61,61,/content/dataset/shared_dataset_seed9517/images/test/061/39673490-98a0-4ee9-b51a-77def5ea50f1.jpg,True
61,61,61,61,/content/dataset/shared_dataset_seed9517/images/test/061/3f6a9f68-adea-4da0-90c0-415efc6a8b7a.jpg,True
61,61,61,61,/content/dataset/shared_dataset_seed9517/images/test/061/4f1f91bc-e7a1-48e3-ba47-1b7ae0dee90a.jpg,True
61,61,61,61,/content/dataset/shared_dataset_seed9517/images/test/061/4f7a30c2-6d25-4fb4-a956-939756dd5873.jpg,True
61,61,61,61,/content/dataset/shared_dataset_seed9517/images/test/061/78872430-a38e-4b3d-a807-cd4f8154211a.jpg,True
61,61,61,61,/content/dataset/shared_dataset_seed9517/images/test/061/902f7502-8782-40e5-bda6-b985e09920be.jpg,True
61,61,61,61,/content/dataset/shared_dataset_seed9517/images/test/061/bae8b0a0-105a-4a02-a1a3-7d6a1b06ca18.jpg,True
61,61,61,61,/content/dataset/shared_dataset_seed9517/images/test/061/f0bca1e5-b56c-422f-8bfa-10ff6976df3c.jpg,True
62,62,62,62,/content/dataset/shared_dataset_seed9517/images/test/062/0449708a-a9d7-4abf-bb37-fbd66fe0ec25.jpg,True
62,62,62,62,/content/dataset/shared_dataset_seed9517/images/test/062/7cef83f1-8dad-498b-808a-7b259ba9b17c.jpg,True
62,62,62,62,/content/dataset/shared_dataset_seed9517/images/test/062/8e92383f-b8a8-411f-910a-0493f3d3269e.jpg,True
62,62,62,62,/content/dataset/shared_dataset_seed9517/images/test/062/9df8dcc1-e88e-4b5f-83bc-9959ed87fb4a.jpg,True
62,57,62,57,/content/dataset/shared_dataset_seed9517/images/test/062/a4d55c4a-bdf7-4682-a990-35a928594702.jpg,False
62,62,62,62,/content/dataset/shared_dataset_seed9517/images/test/062/ba4151fe-d4ed-45b7-8add-18401ab65a56.jpg,True
62,62,62,62,/content/dataset/shared_dataset_seed9517/images/test/062/d93e2986-40d9-4a9e-a397-d81ea6f02c2c.jpg,True
62,62,62,62,/content/dataset/shared_dataset_seed9517/images/test/062/e3a78c98-9f63-445a-9f77-f0769e0adecf.jpg,True
62,62,62,62,/content/dataset/shared_dataset_seed9517/images/test/062/ea471a7f-3cd5-4169-be4e-42cf062f5b48.jpg,True
62,62,62,62,/content/dataset/shared_dataset_seed9517/images/test/062/f225e4af-bb81-4752-9b1e-09684be07aa7.jpg,True
63,63,63,63,/content/dataset/shared_dataset_seed9517/images/test/063/2c8fadcc-a38d-4349-a04a-5ce405527725.jpg,True
63,70,63,70,/content/dataset/shared_dataset_seed9517/images/test/063/49eefdfc-496a-4888-b4f5-352b992496cd.jpg,False
63,63,63,63,/content/dataset/shared_dataset_seed9517/images/test/063/4f45a486-fc49-4fe4-b17e-a56002f753cc.jpg,True
63,63,63,63,/content/dataset/shared_dataset_seed9517/images/test/063/5940b8a8-3678-4026-8fec-868e6e6c0454.jpg,True
63,63,63,63,/content/dataset/shared_dataset_seed9517/images/test/063/60e778a9-a9b9-44a1-92a1-c202e5e7123d.jpg,True
63,63,63,63,/content/dataset/shared_dataset_seed9517/images/test/063/9b0c2e02-bc98-4464-8565-aa079e752dc6.jpg,True
63,63,63,63,/content/dataset/shared_dataset_seed9517/images/test/063/aa449fab-832d-43dd-b906-a8046b25de61.jpg,True
63,63,63,63,/content/dataset/shared_dataset_seed9517/images/test/063/b02864dd-4b41-49df-a001-a62f34f4f147.jpg,True
63,63,63,63,/content/dataset/shared_dataset_seed9517/images/test/063/e91eed37-a856-495b-a52e-c6a68e782472.jpg,True
63,63,63,63,/content/dataset/shared_dataset_seed9517/images/test/063/fbc2f124-b5e6-4bd4-8017-553218c129f8.jpg,True
64,64,64,64,/content/dataset/shared_dataset_seed9517/images/test/064/3e5f8aae-a745-4048-8ba1-32991c5f1512.jpg,True
64,64,64,64,/content/dataset/shared_dataset_seed9517/images/test/064/427c32f8-4633-44ad-9d6f-496dd84b7db5.jpg,True
64,64,64,64,/content/dataset/shared_dataset_seed9517/images/test/064/460337f4-f395-4f26-b00c-c61755e8829f.jpg,True
64,64,64,64,/content/dataset/shared_dataset_seed9517/images/test/064/4d2ef639-9d27-44aa-9695-d207cd4850bd.jpg,True
64,64,64,64,/content/dataset/shared_dataset_seed9517/images/test/064/564bcb4c-584c-4f07-9223-d8a5103eb67f.jpg,True
64,64,64,64,/content/dataset/shared_dataset_seed9517/images/test/064/5edfa1f1-158f-4e5c-ac48-df5e3f1d4711.jpg,True
64,64,64,64,/content/dataset/shared_dataset_seed9517/images/test/064/7af5e9a6-da4a-48f3-baf4-95b7572cee7b.jpg,True
64,64,64,64,/content/dataset/shared_dataset_seed9517/images/test/064/a3d00ceb-952e-4b8b-8721-6137e5e76ff0.jpg,True
64,64,64,64,/content/dataset/shared_dataset_seed9517/images/test/064/a9cb748d-72fb-479a-8468-89f02271aead.jpg,True
64,214,64,214,/content/dataset/shared_dataset_seed9517/images/test/064/ea35176a-fa92-4d09-8575-620da539b47f.jpg,False
65,243,65,243,/content/dataset/shared_dataset_seed9517/images/test/065/03dde125-f1cf-48b1-806c-b93a4f6d564f.jpg,False
65,65,65,65,/content/dataset/shared_dataset_seed9517/images/test/065/21f6b05a-7e34-4f81-a3d1-51186cf61f79.jpg,True
65,427,65,427,/content/dataset/shared_dataset_seed9517/images/test/065/2fd7d729-ddfb-45e2-9047-cd88b3559b9b.jpg,False
65,65,65,65,/content/dataset/shared_dataset_seed9517/images/test/065/69d2e0fb-f8b6-4a1e-bd46-679aee1f63c4.jpg,True
65,65,65,65,/content/dataset/shared_dataset_seed9517/images/test/065/6b71a15f-09dc-4195-ac5b-6926334cce95.jpg,True
65,65,65,65,/content/dataset/shared_dataset_seed9517/images/test/065/7e2410b7-c4b9-42a4-9bf6-f17525dd1d36.jpg,True
65,65,65,65,/content/dataset/shared_dataset_seed9517/images/test/065/b5a24ae5-8379-437b-a603-714e648c54f1.jpg,True
65,65,65,65,/content/dataset/shared_dataset_seed9517/images/test/065/bf148791-515c-4201-bd9b-61c047243273.jpg,True
65,65,65,65,/content/dataset/shared_dataset_seed9517/images/test/065/e127a6ec-6014-4dac-9049-e6b52d9e2274.jpg,True
65,65,65,65,/content/dataset/shared_dataset_seed9517/images/test/065/f8f1241f-1348-477e-9f63-34038f9ec29b.jpg,True
66,66,66,66,/content/dataset/shared_dataset_seed9517/images/test/066/2b627dbe-d599-436f-a0d3-17a9def4d748.jpg,True
66,66,66,66,/content/dataset/shared_dataset_seed9517/images/test/066/31ceeed6-555f-4c3f-a1af-7724bc66cf23.jpg,True
66,66,66,66,/content/dataset/shared_dataset_seed9517/images/test/066/504774e9-ea53-4517-bceb-d3b541802594.jpg,True
66,66,66,66,/content/dataset/shared_dataset_seed9517/images/test/066/61183fa6-7a2d-4e64-a23b-bf14b9c5ff73.jpg,True
66,66,66,66,/content/dataset/shared_dataset_seed9517/images/test/066/ab6dcc5a-750c-4377-ba66-1b0518e267fd.jpg,True
66,66,66,66,/content/dataset/shared_dataset_seed9517/images/test/066/b1b1ef21-524b-4aea-974b-1cd9483dbabb.jpg,True
66,66,66,66,/content/dataset/shared_dataset_seed9517/images/test/066/b86b9796-fcfb-4c33-9787-ea05631e7ee6.jpg,True
66,66,66,66,/content/dataset/shared_dataset_seed9517/images/test/066/d5cfb7e0-3543-45b4-bd9b-a19c986cc428.jpg,True
66,66,66,66,/content/dataset/shared_dataset_seed9517/images/test/066/e3de6b6e-f0d3-4998-974e-8dce3e5fb4b5.jpg,True
66,66,66,66,/content/dataset/shared_dataset_seed9517/images/test/066/efc5e9af-dcca-40ee-a9db-2e2fc705c80c.jpg,True
67,83,67,83,/content/dataset/shared_dataset_seed9517/images/test/067/3cc71864-b3a2-4360-a4d2-a0b223510b84.jpg,False
67,67,67,67,/content/dataset/shared_dataset_seed9517/images/test/067/4768f1f1-1a35-41a0-8967-f0b4ac3808d8.jpg,True
67,67,67,67,/content/dataset/shared_dataset_seed9517/images/test/067/832e594c-7e93-4849-91b9-31e017629845.jpg,True
67,67,67,67,/content/dataset/shared_dataset_seed9517/images/test/067/86e98113-a430-463e-9637-9688782cd6b4.jpg,True
67,310,67,310,/content/dataset/shared_dataset_seed9517/images/test/067/8a114f22-bb82-4a7f-bb2c-3559d141d5b1.jpg,False
67,67,67,67,/content/dataset/shared_dataset_seed9517/images/test/067/8aec5a4a-64d8-4719-a02b-4c8aed820b72.jpg,True
67,67,67,67,/content/dataset/shared_dataset_seed9517/images/test/067/a8fdbac6-ba87-48c8-a453-d4d578e81e29.jpg,True
67,68,67,68,/content/dataset/shared_dataset_seed9517/images/test/067/b0cfc791-ec6a-4bfa-86a0-c146d7697410.jpg,False
67,67,67,67,/content/dataset/shared_dataset_seed9517/images/test/067/ccb927ca-21af-47cb-be9f-36ff80b65043.jpg,True
67,67,67,67,/content/dataset/shared_dataset_seed9517/images/test/067/cea2ab9f-33f2-4184-963a-9acde90e27c6.jpg,True
68,68,68,68,/content/dataset/shared_dataset_seed9517/images/test/068/088e7f04-a241-4f99-acc6-40ed4dd42d6e.jpg,True
68,68,68,68,/content/dataset/shared_dataset_seed9517/images/test/068/09a21a9e-dd12-4714-b53b-1e9a0b97a7fd.jpg,True
68,68,68,68,/content/dataset/shared_dataset_seed9517/images/test/068/422fc3ca-7eed-412b-b13a-9723331cc648.jpg,True
68,68,68,68,/content/dataset/shared_dataset_seed9517/images/test/068/53bcc6ed-17e3-4f70-8082-9587b9f441e3.jpg,True
68,68,68,68,/content/dataset/shared_dataset_seed9517/images/test/068/5a612854-7a94-4012-b70a-31d20afa9802.jpg,True
68,68,68,68,/content/dataset/shared_dataset_seed9517/images/test/068/5fff1073-8862-49ad-8cf1-e03de0003869.jpg,True
68,68,68,68,/content/dataset/shared_dataset_seed9517/images/test/068/bfe1d581-1ad6-4aff-9f3c-84cf653a9a2e.jpg,True
68,38,68,38,/content/dataset/shared_dataset_seed9517/images/test/068/cee64638-4633-4c6c-a6e8-f6e29e7584a5.jpg,False
68,68,68,68,/content/dataset/shared_dataset_seed9517/images/test/068/d378b294-f204-47d0-8764-0ccd7f15babf.jpg,True
68,68,68,68,/content/dataset/shared_dataset_seed9517/images/test/068/de3b4755-fb74-4bee-b430-3121d6d5b714.jpg,True
69,69,69,69,/content/dataset/shared_dataset_seed9517/images/test/069/03012516-2267-4ef4-8d45-c17a7df98733.jpg,True
69,69,69,69,/content/dataset/shared_dataset_seed9517/images/test/069/0c2f1611-b27f-4975-9fcb-3d43b028e510.jpg,True
69,69,69,69,/content/dataset/shared_dataset_seed9517/images/test/069/1691db02-b487-4308-9748-534de328f18e.jpg,True
69,69,69,69,/content/dataset/shared_dataset_seed9517/images/test/069/27e9c2f0-47e6-4bf8-88c1-9f1e513eee6b.jpg,True
69,69,69,69,/content/dataset/shared_dataset_seed9517/images/test/069/372194d8-6608-4cb7-b55d-236fd6b67757.jpg,True
69,69,69,69,/content/dataset/shared_dataset_seed9517/images/test/069/6d7295f9-ec09-495d-a47b-53c0e2fff9f8.jpg,True
69,69,69,69,/content/dataset/shared_dataset_seed9517/images/test/069/818f6f96-8935-4257-93a0-4599dbb403f8.jpg,True
69,69,69,69,/content/dataset/shared_dataset_seed9517/images/test/069/95bdb81d-2018-4302-aa8a-3d6cd2a20de9.jpg,True
69,69,69,69,/content/dataset/shared_dataset_seed9517/images/test/069/a364b642-d560-4c44-b5a2-4281405f5c80.jpg,True
69,69,69,69,/content/dataset/shared_dataset_seed9517/images/test/069/b1d3caa2-80e8-4faa-ac61-7b2090be57a3.jpg,True
70,143,70,143,/content/dataset/shared_dataset_seed9517/images/test/070/0d839550-a9b9-4695-a3b1-e4c990710ef9.jpg,False
70,70,70,70,/content/dataset/shared_dataset_seed9517/images/test/070/4c1d6ece-0f13-414b-a666-9f76bf187d07.jpg,True
70,70,70,70,/content/dataset/shared_dataset_seed9517/images/test/070/73db5011-71ea-4026-b3df-3768b6adeb41.jpg,True
70,70,70,70,/content/dataset/shared_dataset_seed9517/images/test/070/7404ba83-27e1-4622-aa53-8b9d83a2b26d.jpg,True
70,70,70,70,/content/dataset/shared_dataset_seed9517/images/test/070/8121320b-4e25-4ac2-970a-ad46b145cb88.jpg,True
70,70,70,70,/content/dataset/shared_dataset_seed9517/images/test/070/8aef78b4-e01c-4e37-8a87-3b6c22886038.jpg,True
70,15,70,15,/content/dataset/shared_dataset_seed9517/images/test/070/a23b55db-cdbe-47e8-a756-0ebe3accb8ed.jpg,False
70,70,70,70,/content/dataset/shared_dataset_seed9517/images/test/070/ce9a5eab-ff07-4ff4-9315-7dd1d818a9bf.jpg,True
70,70,70,70,/content/dataset/shared_dataset_seed9517/images/test/070/cf3f36c4-4cbf-4b42-a890-25b94c457fdd.jpg,True
70,70,70,70,/content/dataset/shared_dataset_seed9517/images/test/070/e031ba42-3aba-454c-82a6-6a526d599938.jpg,True
71,71,71,71,/content/dataset/shared_dataset_seed9517/images/test/071/0507e5f6-7b04-47c5-ad7c-34d32316b80e.jpg,True
71,331,71,331,/content/dataset/shared_dataset_seed9517/images/test/071/2800d05e-df19-49d7-bbbc-27016881a9c5.jpg,False
71,71,71,71,/content/dataset/shared_dataset_seed9517/images/test/071/2de6d8ad-05fb-4566-b64e-755c919547f6.jpg,True
71,67,71,67,/content/dataset/shared_dataset_seed9517/images/test/071/381b584c-db94-4caf-aed1-1ed7279d2220.jpg,False
71,71,71,71,/content/dataset/shared_dataset_seed9517/images/test/071/48d5e437-7d1b-4aba-9754-cba456db65c6.jpg,True
71,71,71,71,/content/dataset/shared_dataset_seed9517/images/test/071/6859e002-823c-434f-aead-8b4334ee0263.jpg,True
71,71,71,71,/content/dataset/shared_dataset_seed9517/images/test/071/82fdcd9b-bf62-4f76-85c2-c319aeba8d3f.jpg,True
71,219,71,219,/content/dataset/shared_dataset_seed9517/images/test/071/cd1d3880-37a4-4fe2-8824-d36f4bbd66ce.jpg,False
71,45,71,45,/content/dataset/shared_dataset_seed9517/images/test/071/cf98fcfc-8007-4491-aec1-5849081da81c.jpg,False
71,71,71,71,/content/dataset/shared_dataset_seed9517/images/test/071/fffe3f8b-c2e1-4eb0-9a5b-83ef378f0abb.jpg,True
72,83,72,83,/content/dataset/shared_dataset_seed9517/images/test/072/10f90bab-9af4-405d-95b9-ae5410961005.jpg,False
72,72,72,72,/content/dataset/shared_dataset_seed9517/images/test/072/2362fcec-4d8e-4570-9e07-2516ef66204e.jpg,True
72,108,72,108,/content/dataset/shared_dataset_seed9517/images/test/072/3f031e76-a21b-407a-b738-1b5adc145e51.jpg,False
72,72,72,72,/content/dataset/shared_dataset_seed9517/images/test/072/3f088569-7c08-49ea-ba0b-219bad60be72.jpg,True
72,72,72,72,/content/dataset/shared_dataset_seed9517/images/test/072/4f338da8-5aa3-4afd-8a0b-e260426ec450.jpg,True
72,72,72,72,/content/dataset/shared_dataset_seed9517/images/test/072/79e97fcf-fb0a-4ad7-80b0-4c3552845228.jpg,True
72,72,72,72,/content/dataset/shared_dataset_seed9517/images/test/072/80e51cba-1e0f-47a1-824c-6a6a7460a960.jpg,True
72,72,72,72,/content/dataset/shared_dataset_seed9517/images/test/072/99be7d80-b2bc-4a74-a463-6d6fba6953aa.jpg,True
72,72,72,72,/content/dataset/shared_dataset_seed9517/images/test/072/c05a7c6f-f15b-484e-931b-88497538d6c2.jpg,True
72,72,72,72,/content/dataset/shared_dataset_seed9517/images/test/072/e31761a3-452f-4bfa-aaae-07f5cb2bcc66.jpg,True
73,73,73,73,/content/dataset/shared_dataset_seed9517/images/test/073/2b6dee71-d88e-4d85-8a18-8094dde4e4a0.jpg,True
73,73,73,73,/content/dataset/shared_dataset_seed9517/images/test/073/4c3d61e1-dd81-4c72-95d9-3e09f4044ace.jpg,True
73,73,73,73,/content/dataset/shared_dataset_seed9517/images/test/073/78231d76-42f5-490d-b153-ea5d8cb6294a.jpg,True
73,73,73,73,/content/dataset/shared_dataset_seed9517/images/test/073/7a2f58e4-7907-474c-bea6-d53681278c07.jpg,True
73,73,73,73,/content/dataset/shared_dataset_seed9517/images/test/073/959e371b-94d5-4e1b-81b0-3ac6b8189907.jpg,True
73,73,73,73,/content/dataset/shared_dataset_seed9517/images/test/073/a7e4cbff-97ed-4c16-892a-23872a7fc77e.jpg,True
73,73,73,73,/content/dataset/shared_dataset_seed9517/images/test/073/b24b1fa1-c8ad-4fa0-935f-50d6ea434d3a.jpg,True
73,73,73,73,/content/dataset/shared_dataset_seed9517/images/test/073/c17070a1-584d-448a-b935-7d0c1eab7c39.jpg,True
73,73,73,73,/content/dataset/shared_dataset_seed9517/images/test/073/d263a657-b33d-4fb6-8438-0469190b5168.jpg,True
73,73,73,73,/content/dataset/shared_dataset_seed9517/images/test/073/f4820237-e3cb-4008-b8e8-f097d8dee515.jpg,True
74,74,74,74,/content/dataset/shared_dataset_seed9517/images/test/074/3123cbb5-ba4b-4282-8cc9-9dfd28f04acb.jpg,True
74,74,74,74,/content/dataset/shared_dataset_seed9517/images/test/074/51399ffd-e67a-4923-ab18-bdfeec3ba712.jpg,True
74,74,74,74,/content/dataset/shared_dataset_seed9517/images/test/074/5f15f8e7-cc6b-4a74-8cb0-62580c890021.jpg,True
74,74,74,74,/content/dataset/shared_dataset_seed9517/images/test/074/60006869-0603-4354-a671-deb1b01f9651.jpg,True
74,74,74,74,/content/dataset/shared_dataset_seed9517/images/test/074/931f66dc-0b07-4d89-b111-554209aa9cb0.jpg,True
74,74,74,74,/content/dataset/shared_dataset_seed9517/images/test/074/98dc16a9-a7c2-40f9-ac00-dd8aba7522bc.jpg,True
74,74,74,74,/content/dataset/shared_dataset_seed9517/images/test/074/cd643dc7-c5e7-4342-8c97-a48e4c5e5bc6.jpg,True
74,74,74,74,/content/dataset/shared_dataset_seed9517/images/test/074/d181a9dc-d87a-44a3-87aa-b13c878b7cda.jpg,True
74,74,74,74,/content/dataset/shared_dataset_seed9517/images/test/074/d489e459-ac36-4694-b013-372f5931750d.jpg,True
74,74,74,74,/content/dataset/shared_dataset_seed9517/images/test/074/db3db79f-41d3-4657-bf6a-5a87ba4501b0.jpg,True
75,75,75,75,/content/dataset/shared_dataset_seed9517/images/test/075/26a028ae-fa1f-4017-b5c3-627bd3b244db.jpg,True
75,75,75,75,/content/dataset/shared_dataset_seed9517/images/test/075/42e36886-38cb-420b-945b-03eb288f1158.jpg,True
75,75,75,75,/content/dataset/shared_dataset_seed9517/images/test/075/4eead1df-f20b-436e-abf1-73cb191e71c3.jpg,True
75,75,75,75,/content/dataset/shared_dataset_seed9517/images/test/075/6a8297d6-4d71-4461-9916-e5290f468bca.jpg,True
75,76,75,76,/content/dataset/shared_dataset_seed9517/images/test/075/6ced8b89-46fb-476b-afbe-3546b9a7def2.jpg,False
75,75,75,75,/content/dataset/shared_dataset_seed9517/images/test/075/71df99e5-5a0a-463c-87b2-5f42dd5b97c8.jpg,True
75,76,75,76,/content/dataset/shared_dataset_seed9517/images/test/075/ac672855-a1f7-444e-9d16-ffae4d53038b.jpg,False
75,75,75,75,/content/dataset/shared_dataset_seed9517/images/test/075/c0fca24a-a01f-45f3-a257-aaeb9bbddb5c.jpg,True
75,77,75,77,/content/dataset/shared_dataset_seed9517/images/test/075/c8c37f56-8659-45d0-b5f8-8f09202db6b9.jpg,False
75,77,75,77,/content/dataset/shared_dataset_seed9517/images/test/075/ca0e814e-994f-419b-8323-49ba3a773d36.jpg,False
76,76,76,76,/content/dataset/shared_dataset_seed9517/images/test/076/023f9707-6cb8-4b45-9c86-9637edef6e71.jpg,True
76,76,76,76,/content/dataset/shared_dataset_seed9517/images/test/076/063f9105-c16c-4c3a-94bf-5f6b95a84947.jpg,True
76,76,76,76,/content/dataset/shared_dataset_seed9517/images/test/076/103c9b68-3514-4be2-a19d-0a5bfa255e91.jpg,True
76,76,76,76,/content/dataset/shared_dataset_seed9517/images/test/076/3948f575-0f67-4c76-a28e-25c9dc344a44.jpg,True
76,76,76,76,/content/dataset/shared_dataset_seed9517/images/test/076/41f185b7-2435-43b2-ae20-4f1bed180920.jpg,True
76,76,76,76,/content/dataset/shared_dataset_seed9517/images/test/076/44f2f9ac-0212-4200-8de1-9e4d33f4fb5d.jpg,True
76,76,76,76,/content/dataset/shared_dataset_seed9517/images/test/076/5b83d9d3-7f2d-46f5-83e3-28123070b172.jpg,True
76,76,76,76,/content/dataset/shared_dataset_seed9517/images/test/076/6c50a5f8-1b06-4b47-b10a-ae6857bdfbb6.jpg,True
76,76,76,76,/content/dataset/shared_dataset_seed9517/images/test/076/7d76c59a-064b-470a-8f27-f1d3b11a514b.jpg,True
76,76,76,76,/content/dataset/shared_dataset_seed9517/images/test/076/deb264ed-521c-4b7d-9e7b-ce4ab98c1387.jpg,True
77,77,77,77,/content/dataset/shared_dataset_seed9517/images/test/077/31c99e09-514e-4440-b0d8-3cb92e9296cd.jpg,True
77,77,77,77,/content/dataset/shared_dataset_seed9517/images/test/077/353fd226-1c04-4432-8e63-97eb63380054.jpg,True
77,76,77,76,/content/dataset/shared_dataset_seed9517/images/test/077/365e6a00-1d8e-4eba-aa73-1d30ec78c394.jpg,False
77,79,77,79,/content/dataset/shared_dataset_seed9517/images/test/077/4ff15c91-3644-4014-8178-920ed77736fd.jpg,False
77,77,77,77,/content/dataset/shared_dataset_seed9517/images/test/077/618648e3-2e4d-4078-ae97-4ead69ebb532.jpg,True
77,77,77,77,/content/dataset/shared_dataset_seed9517/images/test/077/68da8e9d-10fb-4d22-b02f-56e8cb34f759.jpg,True
77,77,77,77,/content/dataset/shared_dataset_seed9517/images/test/077/a75a6013-9c52-4f75-8d5e-9c7f356749c9.jpg,True
77,77,77,77,/content/dataset/shared_dataset_seed9517/images/test/077/b23f1443-2724-47ac-9733-5ff7caa53402.jpg,True
77,77,77,77,/content/dataset/shared_dataset_seed9517/images/test/077/d501bd7e-7892-46db-a7a6-6c831f538903.jpg,True
77,77,77,77,/content/dataset/shared_dataset_seed9517/images/test/077/d9525058-9b2c-4905-a2d8-2473570f9caa.jpg,True
78,78,78,78,/content/dataset/shared_dataset_seed9517/images/test/078/141c373c-0758-48af-95b7-a3bee978baef.jpg,True
78,200,78,200,/content/dataset/shared_dataset_seed9517/images/test/078/1f956283-9c17-49b6-9fb0-51df1e2a7353.jpg,False
78,73,78,73,/content/dataset/shared_dataset_seed9517/images/test/078/2e948452-3f9f-46aa-ab1d-bbe7aa0e362c.jpg,False
78,78,78,78,/content/dataset/shared_dataset_seed9517/images/test/078/4d25ffd3-65cd-4e0e-bf78-89caded4e5fa.jpg,True
78,78,78,78,/content/dataset/shared_dataset_seed9517/images/test/078/7b3e9943-13c9-48ff-918d-558f43f87cb3.jpg,True
78,78,78,78,/content/dataset/shared_dataset_seed9517/images/test/078/9d984ef1-6335-4b8d-97c0-f2379bf8b72a.jpg,True
78,76,78,76,/content/dataset/shared_dataset_seed9517/images/test/078/b07f37ba-b693-4da7-8e8a-54634dc27dc1.jpg,False
78,78,78,78,/content/dataset/shared_dataset_seed9517/images/test/078/c59abb81-0344-4b92-b246-436dded86f8b.jpg,True
78,78,78,78,/content/dataset/shared_dataset_seed9517/images/test/078/c9235d22-4d21-4d1b-9cd3-c205dc808b4d.jpg,True
78,78,78,78,/content/dataset/shared_dataset_seed9517/images/test/078/f7a72bf9-da89-4100-a71f-5475838a451f.jpg,True
79,415,79,415,/content/dataset/shared_dataset_seed9517/images/test/079/08feb6c7-25cb-4028-82e8-108d0f5d1f0b.jpg,False
79,76,79,76,/content/dataset/shared_dataset_seed9517/images/test/079/15243e3e-858b-45e0-8a6d-ef90b202f30a.jpg,False
79,79,79,79,/content/dataset/shared_dataset_seed9517/images/test/079/20997b3f-04d5-4fae-8c4c-daff559e2358.jpg,True
79,22,79,22,/content/dataset/shared_dataset_seed9517/images/test/079/46157e8f-1d01-401e-a7c5-660003f1be88.jpg,False
79,79,79,79,/content/dataset/shared_dataset_seed9517/images/test/079/4bef599f-93f4-4d05-9ca7-e85cc9196764.jpg,True
79,79,79,79,/content/dataset/shared_dataset_seed9517/images/test/079/7857e4bc-76a5-41e2-975e-f1a1779fce3d.jpg,True
79,79,79,79,/content/dataset/shared_dataset_seed9517/images/test/079/866480f3-15e6-46f7-9aca-7712b099dc45.jpg,True
79,79,79,79,/content/dataset/shared_dataset_seed9517/images/test/079/8b4177ab-319f-4024-b709-e9b41ec02620.jpg,True
79,79,79,79,/content/dataset/shared_dataset_seed9517/images/test/079/b85ae744-5103-4ce4-8a07-ef1c33414e49.jpg,True
79,79,79,79,/content/dataset/shared_dataset_seed9517/images/test/079/cfbb603d-3612-46d5-b180-bb8f36c4e6ba.jpg,True
80,80,80,80,/content/dataset/shared_dataset_seed9517/images/test/080/2018c738-2c92-41f3-bd4a-2a77034e4ab3.jpg,True
80,80,80,80,/content/dataset/shared_dataset_seed9517/images/test/080/3a8f09da-523b-49f2-8e52-9bd72141d601.jpg,True
80,80,80,80,/content/dataset/shared_dataset_seed9517/images/test/080/3f0924fd-1a92-45f3-bbd8-88a662286c83.jpg,True
80,80,80,80,/content/dataset/shared_dataset_seed9517/images/test/080/4a3be033-e65a-4052-8612-30d612e5a9c1.jpg,True
80,71,80,71,/content/dataset/shared_dataset_seed9517/images/test/080/6d2a4d02-2a95-44fa-af12-52242633871a.jpg,False
80,80,80,80,/content/dataset/shared_dataset_seed9517/images/test/080/b763c48b-24bf-4096-af48-e2c626a21458.jpg,True
80,80,80,80,/content/dataset/shared_dataset_seed9517/images/test/080/d772e75d-721f-4265-8791-0f3be2b08b34.jpg,True
80,80,80,80,/content/dataset/shared_dataset_seed9517/images/test/080/e979edc7-4585-4244-a783-954f8a79bfdc.jpg,True
80,80,80,80,/content/dataset/shared_dataset_seed9517/images/test/080/ec078921-1988-41f6-a4f6-34a072baea03.jpg,True
80,80,80,80,/content/dataset/shared_dataset_seed9517/images/test/080/fcd4fff8-166d-4464-be1a-aa3758c1102c.jpg,True
81,81,81,81,/content/dataset/shared_dataset_seed9517/images/test/081/003116a0-6d6a-4582-b13f-2735b6c0cb4d.jpg,True
81,81,81,81,/content/dataset/shared_dataset_seed9517/images/test/081/0a4bc229-d0bb-4a01-a6b2-376165ca3197.jpg,True
81,81,81,81,/content/dataset/shared_dataset_seed9517/images/test/081/3dba87d9-c373-49cb-afd0-213d419b1e0e.jpg,True
81,81,81,81,/content/dataset/shared_dataset_seed9517/images/test/081/4d3e84a2-d9e8-411b-8d2b-2b4b305f067c.jpg,True
81,81,81,81,/content/dataset/shared_dataset_seed9517/images/test/081/6315d822-7f0f-40d6-93e0-4b0526786c90.jpg,True
81,81,81,81,/content/dataset/shared_dataset_seed9517/images/test/081/736207a6-733f-480e-8c5e-45c9c0174715.jpg,True
81,81,81,81,/content/dataset/shared_dataset_seed9517/images/test/081/7b1db4f1-3c18-4766-966d-003ee70284a5.jpg,True
81,81,81,81,/content/dataset/shared_dataset_seed9517/images/test/081/8b9156c9-549c-4e37-987c-ac7ddc4c60a1.jpg,True
81,81,81,81,/content/dataset/shared_dataset_seed9517/images/test/081/8d1a6bf8-183e-4160-8818-f0fa8bc399f2.jpg,True
81,81,81,81,/content/dataset/shared_dataset_seed9517/images/test/081/969fd3fe-0aca-42f1-a560-1316036d1fde.jpg,True
82,82,82,82,/content/dataset/shared_dataset_seed9517/images/test/082/077ce7cf-f254-42a7-ace9-a569895ceac4.jpg,True
82,82,82,82,/content/dataset/shared_dataset_seed9517/images/test/082/20e7f4bb-99d4-41c5-a601-54b1b432322b.jpg,True
82,82,82,82,/content/dataset/shared_dataset_seed9517/images/test/082/2e33b5b6-91aa-450c-bf6e-be39308beff9.jpg,True
82,82,82,82,/content/dataset/shared_dataset_seed9517/images/test/082/756ca6e1-64e3-42cc-9666-19f116a09271.jpg,True
82,38,82,38,/content/dataset/shared_dataset_seed9517/images/test/082/79c78f9d-9a1b-4932-ba68-a6007a393a39.jpg,False
82,82,82,82,/content/dataset/shared_dataset_seed9517/images/test/082/7b995b37-ad56-41a6-9d2a-7bcf194df92e.jpg,True
82,82,82,82,/content/dataset/shared_dataset_seed9517/images/test/082/922fd880-7fda-4a68-aa2e-10b0e29bb72c.jpg,True
82,305,82,305,/content/dataset/shared_dataset_seed9517/images/test/082/bef75be8-69f3-4495-ad50-faadce31c886.jpg,False
82,46,82,46,/content/dataset/shared_dataset_seed9517/images/test/082/d100012c-5610-4cfb-b9d5-66b610d9a1db.jpg,False
82,114,82,114,/content/dataset/shared_dataset_seed9517/images/test/082/f93f12c6-2976-432e-b99b-7808fc1ca8c8.jpg,False
83,83,83,83,/content/dataset/shared_dataset_seed9517/images/test/083/4a644744-5e83-4c56-a307-51938c1a785a.jpg,True
83,83,83,83,/content/dataset/shared_dataset_seed9517/images/test/083/609d46ea-59c2-4145-a901-ea5ee3426159.jpg,True
83,83,83,83,/content/dataset/shared_dataset_seed9517/images/test/083/7afefa4b-94f5-4632-8bee-421660335be2.jpg,True
83,83,83,83,/content/dataset/shared_dataset_seed9517/images/test/083/7e80b06e-4162-44d5-a9f6-ef200f8e0035.jpg,True
83,83,83,83,/content/dataset/shared_dataset_seed9517/images/test/083/89f67d79-f04e-47e8-906b-5a98920db934.jpg,True
83,83,83,83,/content/dataset/shared_dataset_seed9517/images/test/083/c32c5f6a-50d9-490a-a591-7b2ec92a34f4.jpg,True
83,83,83,83,/content/dataset/shared_dataset_seed9517/images/test/083/ebd0554a-3aa9-4a40-8ec8-f8ce1ce4dd99.jpg,True
83,83,83,83,/content/dataset/shared_dataset_seed9517/images/test/083/edd6969d-dd5f-4e27-ab45-ff4b103d3b06.jpg,True
83,83,83,83,/content/dataset/shared_dataset_seed9517/images/test/083/fd3fffb2-282e-4aea-9517-2b7b65e030e9.jpg,True
83,83,83,83,/content/dataset/shared_dataset_seed9517/images/test/083/fd9f757a-8bed-4d1a-835c-f8be213855f0.jpg,True
84,84,84,84,/content/dataset/shared_dataset_seed9517/images/test/084/2721ecd2-faf7-48de-8852-342e83fe0774.jpg,True
84,84,84,84,/content/dataset/shared_dataset_seed9517/images/test/084/5632a431-1a35-46d6-8c21-b79570d4e27d.jpg,True
84,84,84,84,/content/dataset/shared_dataset_seed9517/images/test/084/6134691e-456c-440b-8a71-071eede88b1e.jpg,True
84,84,84,84,/content/dataset/shared_dataset_seed9517/images/test/084/9274da88-7de8-4876-aa0a-5c7aedc01383.jpg,True
84,84,84,84,/content/dataset/shared_dataset_seed9517/images/test/084/a3390474-d97f-42a5-8226-0abd95764e9a.jpg,True
84,84,84,84,/content/dataset/shared_dataset_seed9517/images/test/084/e88d6c02-63a1-4e07-99db-b4c3bc49f077.jpg,True
84,84,84,84,/content/dataset/shared_dataset_seed9517/images/test/084/eeb511f0-b0a0-464f-8e68-ecd6a662b274.jpg,True
84,84,84,84,/content/dataset/shared_dataset_seed9517/images/test/084/f4022001-92db-4435-bb18-f9e086ab8906.jpg,True
84,84,84,84,/content/dataset/shared_dataset_seed9517/images/test/084/f59a9496-08f6-46cc-be52-6adfeb9cb21d.jpg,True
84,84,84,84,/content/dataset/shared_dataset_seed9517/images/test/084/f74a201b-f189-4663-83de-0e93a8bc4b41.jpg,True
85,85,85,85,/content/dataset/shared_dataset_seed9517/images/test/085/0d32c0e8-9cb5-4e8f-b647-74ffecabd2ae.jpg,True
85,85,85,85,/content/dataset/shared_dataset_seed9517/images/test/085/1751c013-5c20-40f6-a146-c1c17962bad6.jpg,True
85,85,85,85,/content/dataset/shared_dataset_seed9517/images/test/085/1ce4cb46-017e-4067-b926-c1b1c594aea4.jpg,True
85,85,85,85,/content/dataset/shared_dataset_seed9517/images/test/085/228b4a44-a28a-4f43-9507-abcf653e8ce3.jpg,True
85,85,85,85,/content/dataset/shared_dataset_seed9517/images/test/085/60aa343b-c312-47e0-9765-09456e856997.jpg,True
85,85,85,85,/content/dataset/shared_dataset_seed9517/images/test/085/859eedf2-457d-48fc-8574-b1da90567465.jpg,True
85,85,85,85,/content/dataset/shared_dataset_seed9517/images/test/085/a2061490-8d0e-4e42-a510-1a193db39e14.jpg,True
85,85,85,85,/content/dataset/shared_dataset_seed9517/images/test/085/c468fb59-582f-4fec-afff-6e506b690902.jpg,True
85,85,85,85,/content/dataset/shared_dataset_seed9517/images/test/085/d8c605fb-2104-4513-9b7d-c3460a50212e.jpg,True
85,35,85,35,/content/dataset/shared_dataset_seed9517/images/test/085/eb76f460-da07-4581-aad0-7865d7ef760b.jpg,False
86,86,86,86,/content/dataset/shared_dataset_seed9517/images/test/086/12ac1713-82ea-4173-93d1-606bff0df0c3.jpg,True
86,86,86,86,/content/dataset/shared_dataset_seed9517/images/test/086/4d80a17a-d1b5-4e74-9cc1-6ff199f0d4f4.jpg,True
86,86,86,86,/content/dataset/shared_dataset_seed9517/images/test/086/69ca4167-a1f1-4f58-916b-39577e8beba0.jpg,True
86,250,86,250,/content/dataset/shared_dataset_seed9517/images/test/086/9759ad9f-87e2-48a2-8a1f-0a349a5ee840.jpg,False
86,86,86,86,/content/dataset/shared_dataset_seed9517/images/test/086/9f4c9343-ec63-4540-b636-c4415a8b9ea9.jpg,True
86,86,86,86,/content/dataset/shared_dataset_seed9517/images/test/086/bddffcd0-49ff-4135-b02a-00d1a9759930.jpg,True
86,86,86,86,/content/dataset/shared_dataset_seed9517/images/test/086/c9fe12c3-3360-4492-84f4-161d7bf95794.jpg,True
86,86,86,86,/content/dataset/shared_dataset_seed9517/images/test/086/ef527252-4be0-4f26-ad59-7460448f04a7.jpg,True
86,86,86,86,/content/dataset/shared_dataset_seed9517/images/test/086/ef858556-59d6-41f3-9824-4e2008d1a85b.jpg,True
86,86,86,86,/content/dataset/shared_dataset_seed9517/images/test/086/ef8b7843-463a-4791-b6fe-9b34ff644f7d.jpg,True
87,87,87,87,/content/dataset/shared_dataset_seed9517/images/test/087/0212ed84-5520-48c5-bb2f-5719d4302296.jpg,True
87,87,87,87,/content/dataset/shared_dataset_seed9517/images/test/087/079e0aff-7bc1-40a9-b511-9c6a880ef6b8.jpg,True
87,87,87,87,/content/dataset/shared_dataset_seed9517/images/test/087/15ba220d-1187-4edf-9c55-15d4d1f64ce0.jpg,True
87,87,87,87,/content/dataset/shared_dataset_seed9517/images/test/087/3f177c67-bcd6-42e0-8b2d-9f568042eeff.jpg,True
87,238,87,238,/content/dataset/shared_dataset_seed9517/images/test/087/51cde9d5-3b09-434a-a6b9-61a1a15394d5.jpg,False
87,82,87,82,/content/dataset/shared_dataset_seed9517/images/test/087/5a49fb38-d1cd-4cd0-8723-bddbeceac26b.jpg,False
87,87,87,87,/content/dataset/shared_dataset_seed9517/images/test/087/af7b2960-a61f-4c4f-b73f-b46d48fe18d2.jpg,True
87,87,87,87,/content/dataset/shared_dataset_seed9517/images/test/087/f1e6c97d-9964-4169-b979-63a909e5b96e.jpg,True
87,87,87,87,/content/dataset/shared_dataset_seed9517/images/test/087/f5361573-a45f-4e3a-9e0d-26cfb64d6e34.jpg,True
87,255,87,255,/content/dataset/shared_dataset_seed9517/images/test/087/fd851f85-e31a-41e7-b9b9-0626725a6fea.jpg,False
88,88,88,88,/content/dataset/shared_dataset_seed9517/images/test/088/0f5e91fb-c2f2-4e5d-8f4e-7163be3f3267.jpg,True
88,88,88,88,/content/dataset/shared_dataset_seed9517/images/test/088/1c08dc92-ba2b-4b8f-89f0-70c5f90b94b5.jpg,True
88,88,88,88,/content/dataset/shared_dataset_seed9517/images/test/088/7edad141-83bb-4186-9e5c-468a959cfc1a.jpg,True
88,88,88,88,/content/dataset/shared_dataset_seed9517/images/test/088/94a9d295-2a40-4566-8a56-1f4c37802db3.jpg,True
88,88,88,88,/content/dataset/shared_dataset_seed9517/images/test/088/c2ac54ca-62d9-483b-96b5-0ea69384cfa3.jpg,True
88,88,88,88,/content/dataset/shared_dataset_seed9517/images/test/088/c7201004-59d3-4685-9060-1f7c7784b004.jpg,True
88,88,88,88,/content/dataset/shared_dataset_seed9517/images/test/088/cd5026c0-61ea-4c61-8ff6-30bfce80da60.jpg,True
88,88,88,88,/content/dataset/shared_dataset_seed9517/images/test/088/cf0c6800-7dc7-4a11-9ad0-49ab534e8f10.jpg,True
88,88,88,88,/content/dataset/shared_dataset_seed9517/images/test/088/d7ea26be-bbec-4534-b542-f36100b4ef1c.jpg,True
88,88,88,88,/content/dataset/shared_dataset_seed9517/images/test/088/eacd3556-7521-40ed-bfce-90a86165b177.jpg,True
89,89,89,89,/content/dataset/shared_dataset_seed9517/images/test/089/4dd0bb50-99e0-4d9c-9eac-9b74411da2b0.jpg,True
89,89,89,89,/content/dataset/shared_dataset_seed9517/images/test/089/75fb34b9-9ea6-498d-8f79-14d8ce0b66ff.jpg,True
89,18,89,18,/content/dataset/shared_dataset_seed9517/images/test/089/8b6f6085-00c2-4ea3-809c-93d2f9a22a24.jpg,False
89,89,89,89,/content/dataset/shared_dataset_seed9517/images/test/089/8ddb4d54-ba9a-4f78-9c35-fbd44dec7036.jpg,True
89,89,89,89,/content/dataset/shared_dataset_seed9517/images/test/089/a1430e56-e0b6-4b7e-a579-78bbc69d1206.jpg,True
89,89,89,89,/content/dataset/shared_dataset_seed9517/images/test/089/b81bf935-526f-4c50-8f0e-efeed49772c9.jpg,True
89,89,89,89,/content/dataset/shared_dataset_seed9517/images/test/089/c31f1d96-25f1-45e9-8ed6-116b10c9c57b.jpg,True
89,89,89,89,/content/dataset/shared_dataset_seed9517/images/test/089/d9b0d58f-aac3-47da-93dc-3d8bc8be7a85.jpg,True
89,89,89,89,/content/dataset/shared_dataset_seed9517/images/test/089/f223f062-822f-4120-aeaf-3ddb1ddca16d.jpg,True
89,89,89,89,/content/dataset/shared_dataset_seed9517/images/test/089/fa2c89ed-6dd1-4216-9fb6-73ef9b38ca10.jpg,True
90,90,90,90,/content/dataset/shared_dataset_seed9517/images/test/090/299873cd-827d-46fa-8db2-013322cfddb7.jpg,True
90,90,90,90,/content/dataset/shared_dataset_seed9517/images/test/090/351edad2-7705-4372-90c5-e8917cbf6646.jpg,True
90,90,90,90,/content/dataset/shared_dataset_seed9517/images/test/090/6641ddfa-694f-4f0b-81d1-895abd86b782.jpg,True
90,90,90,90,/content/dataset/shared_dataset_seed9517/images/test/090/77581dee-3e90-40dc-ad0a-7ca1e0902421.jpg,True
90,90,90,90,/content/dataset/shared_dataset_seed9517/images/test/090/89ee42ba-c834-4ca0-a9be-cef4357f5ed1.jpg,True
90,90,90,90,/content/dataset/shared_dataset_seed9517/images/test/090/ad774ad7-b6e0-40d4-b991-68037a782595.jpg,True
90,90,90,90,/content/dataset/shared_dataset_seed9517/images/test/090/bbfd547a-e56f-4cd0-a459-10a1392d751b.jpg,True
90,89,90,89,/content/dataset/shared_dataset_seed9517/images/test/090/bd451c76-fdde-4ddd-a44d-8a4c614fb418.jpg,False
90,90,90,90,/content/dataset/shared_dataset_seed9517/images/test/090/d1679197-9b97-402c-8dfc-c9acabf198f6.jpg,True
90,90,90,90,/content/dataset/shared_dataset_seed9517/images/test/090/d55b05e1-da19-4bc9-9dc1-649330c0cb56.jpg,True
91,71,91,71,/content/dataset/shared_dataset_seed9517/images/test/091/1f36558f-7636-4e75-b265-72f68ec64c09.jpg,False
91,430,91,430,/content/dataset/shared_dataset_seed9517/images/test/091/37894d48-5883-48ca-bfdd-6f109c8aa003.jpg,False
91,90,91,90,/content/dataset/shared_dataset_seed9517/images/test/091/4acff1b8-02ef-41a8-879b-30d7323ae7cb.jpg,False
91,102,91,102,/content/dataset/shared_dataset_seed9517/images/test/091/4da9be94-a236-43a8-8dc6-a177bf6a7437.jpg,False
91,54,91,54,/content/dataset/shared_dataset_seed9517/images/test/091/55faf620-6e37-45a2-b8c8-8740b7eda92f.jpg,False
91,91,91,91,/content/dataset/shared_dataset_seed9517/images/test/091/6288ddb3-6dea-4f9f-bf03-28f85c3fbd31.jpg,True
91,91,91,91,/content/dataset/shared_dataset_seed9517/images/test/091/8c64ab13-2e6a-4d34-8311-761536370015.jpg,True
91,91,91,91,/content/dataset/shared_dataset_seed9517/images/test/091/966b93ad-64f6-44eb-b843-2a850cccf9b9.jpg,True
91,169,91,169,/content/dataset/shared_dataset_seed9517/images/test/091/d72602b6-350b-48d7-ae3b-34da8ca75a0d.jpg,False
91,91,91,91,/content/dataset/shared_dataset_seed9517/images/test/091/e5d76bf6-4b9f-4f83-ac3a-08977c3d2875.jpg,True
92,92,92,92,/content/dataset/shared_dataset_seed9517/images/test/092/03c6d9f4-6147-4151-9927-d8a3ce9ef1b6.jpg,True
92,92,92,92,/content/dataset/shared_dataset_seed9517/images/test/092/42d408c4-6acb-4d41-bb5a-2a4594c1e0c1.jpg,True
92,92,92,92,/content/dataset/shared_dataset_seed9517/images/test/092/48bec048-7235-42fd-89ad-7aa40bd31bf8.jpg,True
92,92,92,92,/content/dataset/shared_dataset_seed9517/images/test/092/58ac10cd-6cae-4fe7-8c9c-08de0753b8f7.jpg,True
92,92,92,92,/content/dataset/shared_dataset_seed9517/images/test/092/5ae4b956-07ba-47cc-aaea-1d89227ed3aa.jpg,True
92,92,92,92,/content/dataset/shared_dataset_seed9517/images/test/092/641f1bab-66a6-4ee6-bf1b-de803a0168f7.jpg,True
92,92,92,92,/content/dataset/shared_dataset_seed9517/images/test/092/7068fbf3-4395-48a3-aee2-fe2c78f93630.jpg,True
92,92,92,92,/content/dataset/shared_dataset_seed9517/images/test/092/72a1588b-a468-49b2-b741-5e1c6ba3773c.jpg,True
92,92,92,92,/content/dataset/shared_dataset_seed9517/images/test/092/aab0fc6a-08ec-455a-b521-6c91448f231f.jpg,True
92,92,92,92,/content/dataset/shared_dataset_seed9517/images/test/092/d91118f3-d384-4cfb-859d-36d36cd14c50.jpg,True
93,93,93,93,/content/dataset/shared_dataset_seed9517/images/test/093/102cde7c-5480-4e5e-9423-5a2ad1a64948.jpg,True
93,209,93,209,/content/dataset/shared_dataset_seed9517/images/test/093/13af1095-b876-4ce5-9b0c-06cde18df463.jpg,False
93,93,93,93,/content/dataset/shared_dataset_seed9517/images/test/093/21b98816-1c69-41df-ad7a-59d8d27b2f48.jpg,True
93,93,93,93,/content/dataset/shared_dataset_seed9517/images/test/093/3e68f088-511b-4088-8e29-51af328fafab.jpg,True
93,93,93,93,/content/dataset/shared_dataset_seed9517/images/test/093/5da67d41-38e1-4f68-b596-de55e18b3770.jpg,True
93,93,93,93,/content/dataset/shared_dataset_seed9517/images/test/093/95fdb590-a8be-487e-ad54-2907464142e3.jpg,True
93,93,93,93,/content/dataset/shared_dataset_seed9517/images/test/093/ca66f34f-5c46-453b-9d7a-71dda6432e60.jpg,True
93,93,93,93,/content/dataset/shared_dataset_seed9517/images/test/093/eb7931e4-8b8b-459f-958e-ea4c78b06f0b.jpg,True
93,93,93,93,/content/dataset/shared_dataset_seed9517/images/test/093/ef9f3cf9-0fa7-4cd6-a690-7d57bcabfad9.jpg,True
93,41,93,41,/content/dataset/shared_dataset_seed9517/images/test/093/ff44fccd-73c3-438b-ab10-a0d70075f84e.jpg,False
94,94,94,94,/content/dataset/shared_dataset_seed9517/images/test/094/04e89d0a-6dee-4d0f-9943-a51af1126bf7.jpg,True
94,94,94,94,/content/dataset/shared_dataset_seed9517/images/test/094/0966817c-9f63-4967-8b1e-c165fbac77e7.jpg,True
94,94,94,94,/content/dataset/shared_dataset_seed9517/images/test/094/5619ef61-fe9b-42a0-847a-8a41f7c56c80.jpg,True
94,94,94,94,/content/dataset/shared_dataset_seed9517/images/test/094/564918d9-41c1-419e-808e-e536483e8e45.jpg,True
94,94,94,94,/content/dataset/shared_dataset_seed9517/images/test/094/5daad53c-875f-4075-be54-58d429f3bef6.jpg,True
94,8,94,8,/content/dataset/shared_dataset_seed9517/images/test/094/bd7acf5f-70d9-4364-8486-eecdfea0287e.jpg,False
94,94,94,94,/content/dataset/shared_dataset_seed9517/images/test/094/cf333c0e-b66f-4e1f-9fcb-bc62a6db3328.jpg,True
94,28,94,28,/content/dataset/shared_dataset_seed9517/images/test/094/da425ca8-1323-46fe-8bd0-3a9c1bd190c6.jpg,False
94,94,94,94,/content/dataset/shared_dataset_seed9517/images/test/094/e268f2d7-4a87-419c-a453-40bf363b35d0.jpg,True
94,94,94,94,/content/dataset/shared_dataset_seed9517/images/test/094/e5c97831-4fbc-48f2-a3e3-3b212be1cf24.jpg,True
95,95,95,95,/content/dataset/shared_dataset_seed9517/images/test/095/18173467-0816-4924-80fe-6f0d97fbf8c0.jpg,True
95,156,95,156,/content/dataset/shared_dataset_seed9517/images/test/095/2d7cc952-f247-4cdb-ab7c-dfd6de910dab.jpg,False
95,95,95,95,/content/dataset/shared_dataset_seed9517/images/test/095/4e679505-7d75-4e29-8d12-df0c346012d3.jpg,True
95,66,95,66,/content/dataset/shared_dataset_seed9517/images/test/095/6ed45bbe-2af1-4862-aeeb-fe5ac931c835.jpg,False
95,95,95,95,/content/dataset/shared_dataset_seed9517/images/test/095/6f4e88f3-b8bd-4d53-bab7-f448d5803f30.jpg,True
95,95,95,95,/content/dataset/shared_dataset_seed9517/images/test/095/8025f567-e8fa-450b-ba9a-4688a5870e9e.jpg,True
95,95,95,95,/content/dataset/shared_dataset_seed9517/images/test/095/e9e66870-ec03-4e55-a386-55c12ca2cb40.jpg,True
95,95,95,95,/content/dataset/shared_dataset_seed9517/images/test/095/eb0498ce-da25-462e-ab38-defb5f98dc07.jpg,True
95,95,95,95,/content/dataset/shared_dataset_seed9517/images/test/095/eb31f7cb-c510-45a3-9004-6f68509b9ab4.jpg,True
95,96,95,96,/content/dataset/shared_dataset_seed9517/images/test/095/f9c2c5a0-8b74-48bf-8c48-3dfb7dead4a3.jpg,False
96,96,96,96,/content/dataset/shared_dataset_seed9517/images/test/096/08bb736a-a175-4676-a523-85c02249c41f.jpg,True
96,96,96,96,/content/dataset/shared_dataset_seed9517/images/test/096/09166dcf-70cc-4a67-87e2-b38a05e298f8.jpg,True
96,96,96,96,/content/dataset/shared_dataset_seed9517/images/test/096/241f75ec-3d94-41db-a5f4-46eb67b405e5.jpg,True
96,96,96,96,/content/dataset/shared_dataset_seed9517/images/test/096/25f60e01-4596-4eaa-abdc-0c7a85fb0b94.jpg,True
96,96,96,96,/content/dataset/shared_dataset_seed9517/images/test/096/8418cdb5-0fcd-42ca-afd4-c7dab89a56c6.jpg,True
96,96,96,96,/content/dataset/shared_dataset_seed9517/images/test/096/8eb0ce99-2790-4c0a-950d-c07ffa98e353.jpg,True
96,96,96,96,/content/dataset/shared_dataset_seed9517/images/test/096/b5206041-1557-4eb1-851b-d0b59ebdb309.jpg,True
96,96,96,96,/content/dataset/shared_dataset_seed9517/images/test/096/daf7b3c1-1511-4d20-a060-83b564ea3b32.jpg,True
96,96,96,96,/content/dataset/shared_dataset_seed9517/images/test/096/e5e7feec-3a1b-4a1e-8fd8-d8920c9f0c7a.jpg,True
96,96,96,96,/content/dataset/shared_dataset_seed9517/images/test/096/fdf2f3f7-bd82-433e-9c3c-fe53f8a34a3d.jpg,True
97,97,97,97,/content/dataset/shared_dataset_seed9517/images/test/097/22a20fbc-d17e-4db1-91fa-fd09ca7b042b.jpg,True
97,97,97,97,/content/dataset/shared_dataset_seed9517/images/test/097/25ba3d4a-7c6c-4b5e-bc7f-6a2e9a6214d2.jpg,True
97,97,97,97,/content/dataset/shared_dataset_seed9517/images/test/097/612d735c-786e-4dc7-993a-ac7b693873e6.jpg,True
97,96,97,96,/content/dataset/shared_dataset_seed9517/images/test/097/8a0ab6d1-fd0a-41e6-ab64-e78444022181.jpg,False
97,97,97,97,/content/dataset/shared_dataset_seed9517/images/test/097/8dc20560-c916-408f-bdeb-07f6890c163c.jpg,True
97,97,97,97,/content/dataset/shared_dataset_seed9517/images/test/097/8dce4d80-e3a8-48c4-b97a-ef2451c94333.jpg,True
97,97,97,97,/content/dataset/shared_dataset_seed9517/images/test/097/b69bb10a-c378-4020-b2f1-55a10838f7df.jpg,True
97,97,97,97,/content/dataset/shared_dataset_seed9517/images/test/097/bd235e7b-be4d-475c-9724-9baad42444e1.jpg,True
97,97,97,97,/content/dataset/shared_dataset_seed9517/images/test/097/ea134322-9d80-4267-a4dd-0739fe502c0b.jpg,True
97,97,97,97,/content/dataset/shared_dataset_seed9517/images/test/097/f1c52822-cf15-4264-95ea-b2f8a6d8f614.jpg,True
98,98,98,98,/content/dataset/shared_dataset_seed9517/images/test/098/3c539566-e870-4956-9e9b-5a3fed7a12b3.jpg,True
98,98,98,98,/content/dataset/shared_dataset_seed9517/images/test/098/45f04a11-13ab-43d3-906c-87988cde5d5c.jpg,True
98,44,98,44,/content/dataset/shared_dataset_seed9517/images/test/098/59f39252-741c-43fb-bfa6-721301ae9904.jpg,False
98,98,98,98,/content/dataset/shared_dataset_seed9517/images/test/098/5eca3ba6-4a26-4d57-ac82-959f52939d0a.jpg,True
98,17,98,17,/content/dataset/shared_dataset_seed9517/images/test/098/781d03f2-afa3-43a9-a70e-d1fcb0123496.jpg,False
98,98,98,98,/content/dataset/shared_dataset_seed9517/images/test/098/986c1358-e0b2-4d19-b097-00587ceb576c.jpg,True
98,98,98,98,/content/dataset/shared_dataset_seed9517/images/test/098/ab6476e0-fb6c-4960-8d43-b5d9020ec240.jpg,True
98,98,98,98,/content/dataset/shared_dataset_seed9517/images/test/098/b29724c4-103c-48ef-8e88-e59732aa4f94.jpg,True
98,98,98,98,/content/dataset/shared_dataset_seed9517/images/test/098/b6c18135-f30a-4e37-b84b-1e4aa678550b.jpg,True
98,98,98,98,/content/dataset/shared_dataset_seed9517/images/test/098/d008c144-633b-4389-bda3-31530f769f41.jpg,True
99,122,99,122,/content/dataset/shared_dataset_seed9517/images/test/099/0063a514-6a36-4a74-9952-2f16978a2cb9.jpg,False
99,99,99,99,/content/dataset/shared_dataset_seed9517/images/test/099/0843fd65-46b9-4b2c-b8bf-7d0e1dc5919f.jpg,True
99,54,99,54,/content/dataset/shared_dataset_seed9517/images/test/099/35e31429-1314-4b79-9edc-580d10f95bf3.jpg,False
99,99,99,99,/content/dataset/shared_dataset_seed9517/images/test/099/5c3bce4a-9508-4a91-b5da-4df0ce7ccd34.jpg,True
99,99,99,99,/content/dataset/shared_dataset_seed9517/images/test/099/5d9b214a-eee9-48a3-a65a-27454121dfcc.jpg,True
99,99,99,99,/content/dataset/shared_dataset_seed9517/images/test/099/6405879e-89d8-4baf-80fe-9b543cf1ac37.jpg,True
99,99,99,99,/content/dataset/shared_dataset_seed9517/images/test/099/a5ab3621-bcde-42ba-a9ac-337ad6e8dd9e.jpg,True
99,99,99,99,/content/dataset/shared_dataset_seed9517/images/test/099/b0f53507-7e8c-46b7-84d8-2baff8e1181b.jpg,True
99,99,99,99,/content/dataset/shared_dataset_seed9517/images/test/099/bb6d6439-bc3d-4986-8c68-4cc55799af08.jpg,True
99,99,99,99,/content/dataset/shared_dataset_seed9517/images/test/099/f87ebf85-3100-4b62-b0a0-00a9a183fd84.jpg,True
100,100,100,100,/content/dataset/shared_dataset_seed9517/images/test/100/03cd9277-7839-40e5-b60a-c76843c57810.jpg,True
100,100,100,100,/content/dataset/shared_dataset_seed9517/images/test/100/095cf5a6-54b0-471b-b359-046b01e2c801.jpg,True
100,100,100,100,/content/dataset/shared_dataset_seed9517/images/test/100/2bac1e6a-8da6-4a69-b0aa-a28e07116d8c.jpg,True
100,100,100,100,/content/dataset/shared_dataset_seed9517/images/test/100/5f865374-7b47-4718-9813-c1f390a8f08a.jpg,True
100,100,100,100,/content/dataset/shared_dataset_seed9517/images/test/100/72ae210d-e2cb-401d-add9-c576ac71ad53.jpg,True
100,100,100,100,/content/dataset/shared_dataset_seed9517/images/test/100/918f4958-6048-4335-9445-f2c45110eb74.jpg,True
100,100,100,100,/content/dataset/shared_dataset_seed9517/images/test/100/a2815008-39a4-4629-a425-ec50b6a3d3c6.jpg,True
100,100,100,100,/content/dataset/shared_dataset_seed9517/images/test/100/afe39d71-5f75-42c3-b8e5-b2e2f3307817.jpg,True
100,100,100,100,/content/dataset/shared_dataset_seed9517/images/test/100/afe677a4-0edc-42f1-8444-08acea2d9bf5.jpg,True
100,100,100,100,/content/dataset/shared_dataset_seed9517/images/test/100/e401144d-9326-4301-b064-e6270647c605.jpg,True
101,101,101,101,/content/dataset/shared_dataset_seed9517/images/test/101/0ff14dc9-64e5-477a-a0db-c64e1ed18104.jpg,True
101,101,101,101,/content/dataset/shared_dataset_seed9517/images/test/101/142dea45-7ad2-49e6-9d31-44452019e114.jpg,True
101,101,101,101,/content/dataset/shared_dataset_seed9517/images/test/101/62a07c37-9d03-4e0b-9d29-ceecdb5b16a2.jpg,True
101,101,101,101,/content/dataset/shared_dataset_seed9517/images/test/101/66db29bb-4ea1-46b9-bb06-910234bc2300.jpg,True
101,101,101,101,/content/dataset/shared_dataset_seed9517/images/test/101/94d78f47-beb3-43c0-8a90-e1836d7dc6eb.jpg,True
101,101,101,101,/content/dataset/shared_dataset_seed9517/images/test/101/9beacb01-d216-47ae-a981-4389481d2632.jpg,True
101,101,101,101,/content/dataset/shared_dataset_seed9517/images/test/101/9fe79c8f-30ea-4440-b82a-9513d2f91226.jpg,True
101,101,101,101,/content/dataset/shared_dataset_seed9517/images/test/101/c17a7560-54da-4841-a918-a6d4b681e8d9.jpg,True
101,101,101,101,/content/dataset/shared_dataset_seed9517/images/test/101/d4d7827d-1eb9-4205-9f3f-e7862cb96763.jpg,True
101,101,101,101,/content/dataset/shared_dataset_seed9517/images/test/101/d9981335-157e-4756-a712-b56893d21055.jpg,True
102,243,102,243,/content/dataset/shared_dataset_seed9517/images/test/102/0af842a0-4de3-422c-a372-8409c8814ec4.jpg,False
102,102,102,102,/content/dataset/shared_dataset_seed9517/images/test/102/3ae863e7-f30a-4ec0-abca-2b8a4d0907fa.jpg,True
102,102,102,102,/content/dataset/shared_dataset_seed9517/images/test/102/71159992-bbd4-40d9-b383-2b55ff6e2d57.jpg,True
102,102,102,102,/content/dataset/shared_dataset_seed9517/images/test/102/7f5e3789-e270-41ef-a110-d780067e56eb.jpg,True
102,102,102,102,/content/dataset/shared_dataset_seed9517/images/test/102/8a2afb58-1ee8-412a-84af-4a7cdf12e4a6.jpg,True
102,3,102,3,/content/dataset/shared_dataset_seed9517/images/test/102/8a936306-6904-4288-a6ad-b8206a76abcf.jpg,False
102,102,102,102,/content/dataset/shared_dataset_seed9517/images/test/102/a232887b-7513-4f66-9edc-499af86c73aa.jpg,True
102,108,102,108,/content/dataset/shared_dataset_seed9517/images/test/102/a4df3a3a-fbe1-41fd-af87-67e06566e54b.jpg,False
102,102,102,102,/content/dataset/shared_dataset_seed9517/images/test/102/b5f18aca-c178-426e-9a3b-ed72599bb122.jpg,True
102,55,102,55,/content/dataset/shared_dataset_seed9517/images/test/102/e0a44fa1-d064-46a1-b7e8-32ab7b5a1cc1.jpg,False
103,103,103,103,/content/dataset/shared_dataset_seed9517/images/test/103/002c9483-1ab3-4940-981e-6156879c4cbd.jpg,True
103,103,103,103,/content/dataset/shared_dataset_seed9517/images/test/103/07b1424e-156e-4a74-a54e-16d421e11988.jpg,True
103,103,103,103,/content/dataset/shared_dataset_seed9517/images/test/103/0d334e1e-f397-4d65-b835-7475338371ae.jpg,True
103,103,103,103,/content/dataset/shared_dataset_seed9517/images/test/103/10b3f171-0cec-4abb-a911-4a13c534076b.jpg,True
103,103,103,103,/content/dataset/shared_dataset_seed9517/images/test/103/15f0f8a9-98ef-4b25-bfd4-e6357a36ff2c.jpg,True
103,12,103,12,/content/dataset/shared_dataset_seed9517/images/test/103/3505d798-fb23-4672-ae32-8413494c7223.jpg,False
103,103,103,103,/content/dataset/shared_dataset_seed9517/images/test/103/36adc6ee-d6e7-4ebb-bad7-6fe126e3c24f.jpg,True
103,103,103,103,/content/dataset/shared_dataset_seed9517/images/test/103/9c31751b-b77a-4926-b58b-2735dc6ad93b.jpg,True
103,104,103,104,/content/dataset/shared_dataset_seed9517/images/test/103/c5016f5b-f167-404f-bf9e-61c567ed03b7.jpg,False
103,103,103,103,/content/dataset/shared_dataset_seed9517/images/test/103/e36ef0ef-56e3-4a45-973e-45d920f65788.jpg,True
104,104,104,104,/content/dataset/shared_dataset_seed9517/images/test/104/1d3f38d6-67ad-4c96-90c4-2654ff5f5276.jpg,True
104,104,104,104,/content/dataset/shared_dataset_seed9517/images/test/104/7db0f34d-f61b-41f5-a211-88dc303ff3c2.jpg,True
104,104,104,104,/content/dataset/shared_dataset_seed9517/images/test/104/805b255b-43ab-4675-9b8a-31d58193fdbd.jpg,True
104,104,104,104,/content/dataset/shared_dataset_seed9517/images/test/104/8a41a07e-665e-46c0-b400-00fc73ef8cfd.jpg,True
104,104,104,104,/content/dataset/shared_dataset_seed9517/images/test/104/90cb0c6e-9a2f-4a39-8c91-27b1fe6757c0.jpg,True
104,104,104,104,/content/dataset/shared_dataset_seed9517/images/test/104/a181beb0-d86d-4a50-a490-815a7a0cf1b5.jpg,True
104,104,104,104,/content/dataset/shared_dataset_seed9517/images/test/104/aea73c4e-8a2b-4f91-bf7c-7e14e047e025.jpg,True
104,104,104,104,/content/dataset/shared_dataset_seed9517/images/test/104/bc64accc-5ce1-444a-99cf-6bf2fff89fa4.jpg,True
104,104,104,104,/content/dataset/shared_dataset_seed9517/images/test/104/e1904529-930f-4909-bcc9-5d042ddf2835.jpg,True
104,103,104,103,/content/dataset/shared_dataset_seed9517/images/test/104/ee34338b-b1a1-4b1e-9196-e874388a9904.jpg,False
105,105,105,105,/content/dataset/shared_dataset_seed9517/images/test/105/4ff95ed5-e25e-478f-9610-c7ae2325d743.jpg,True
105,105,105,105,/content/dataset/shared_dataset_seed9517/images/test/105/66a8083a-b44a-46f8-8fc9-3dd095ab4caa.jpg,True
105,398,105,398,/content/dataset/shared_dataset_seed9517/images/test/105/758de39f-2a75-409a-a044-42b77be12cab.jpg,False
105,105,105,105,/content/dataset/shared_dataset_seed9517/images/test/105/911cd059-b388-433d-b8c5-25c9aca88bfa.jpg,True
105,105,105,105,/content/dataset/shared_dataset_seed9517/images/test/105/9acf485b-f49b-4b62-b600-82fefeb0715c.jpg,True
105,105,105,105,/content/dataset/shared_dataset_seed9517/images/test/105/ac874749-1b95-4855-8f01-e47d4300cf9c.jpg,True
105,67,105,67,/content/dataset/shared_dataset_seed9517/images/test/105/b2cfb626-3c5a-4123-bf23-d11d7c0a29ec.jpg,False
105,105,105,105,/content/dataset/shared_dataset_seed9517/images/test/105/f2151451-cb5e-4cf3-bf4a-33ac3cbbcd71.jpg,True
105,105,105,105,/content/dataset/shared_dataset_seed9517/images/test/105/f7aaf092-7eea-4fd4-ba15-f7b7bfeabad1.jpg,True
105,105,105,105,/content/dataset/shared_dataset_seed9517/images/test/105/fa2256f6-e901-4248-b1b1-b21abc89ca8a.jpg,True
106,106,106,106,/content/dataset/shared_dataset_seed9517/images/test/106/00b9b6f7-d46d-4712-9489-b4b19d1d8de2.jpg,True
106,106,106,106,/content/dataset/shared_dataset_seed9517/images/test/106/2abc9ea8-338c-4264-9a92-5bd74c7fcb04.jpg,True
106,106,106,106,/content/dataset/shared_dataset_seed9517/images/test/106/3432bb68-f6d9-4a53-9986-d0a3cbc6e38c.jpg,True
106,54,106,54,/content/dataset/shared_dataset_seed9517/images/test/106/3440c08a-3f5b-4a82-9671-25c3db198faf.jpg,False
106,106,106,106,/content/dataset/shared_dataset_seed9517/images/test/106/729926f6-4f60-44a7-8c13-3a8f8bb6ffdb.jpg,True
106,106,106,106,/content/dataset/shared_dataset_seed9517/images/test/106/882dbd70-2bc4-4d67-8979-d0e4dd7b1144.jpg,True
106,106,106,106,/content/dataset/shared_dataset_seed9517/images/test/106/8ec05d8f-7379-4a1c-8747-b73facce55f8.jpg,True
106,106,106,106,/content/dataset/shared_dataset_seed9517/images/test/106/bf875a25-4814-4c22-b068-266f8379e636.jpg,True
106,106,106,106,/content/dataset/shared_dataset_seed9517/images/test/106/cd192b0c-bd7d-4164-9ed1-c1916da4554d.jpg,True
106,204,106,204,/content/dataset/shared_dataset_seed9517/images/test/106/d7a3d5c0-1a2a-4367-8c27-f721f2316b7c.jpg,False
107,107,107,107,/content/dataset/shared_dataset_seed9517/images/test/107/1d75a65e-be20-4faa-b4cb-bd65f583e8f4.jpg,True
107,107,107,107,/content/dataset/shared_dataset_seed9517/images/test/107/27047faa-beb1-448a-bfbb-4c2df38f35c4.jpg,True
107,49,107,49,/content/dataset/shared_dataset_seed9517/images/test/107/3e322d7c-11b7-410d-8d47-60cc4a5a1222.jpg,False
107,69,107,69,/content/dataset/shared_dataset_seed9517/images/test/107/46948e5a-eb3a-4423-bf0e-adba07608fff.jpg,False
107,107,107,107,/content/dataset/shared_dataset_seed9517/images/test/107/570121a6-daa8-4476-8f5e-e5c39b98d705.jpg,True
107,107,107,107,/content/dataset/shared_dataset_seed9517/images/test/107/8e5e7e8b-8985-4fb2-9a39-60493a2300b0.jpg,True
107,251,107,251,/content/dataset/shared_dataset_seed9517/images/test/107/97efe7e5-1ddb-4c62-9a26-b4524cf45fc7.jpg,False
107,107,107,107,/content/dataset/shared_dataset_seed9517/images/test/107/9c2dfb35-28c3-4c31-9e2c-ba653ca791b8.jpg,True
107,57,107,57,/content/dataset/shared_dataset_seed9517/images/test/107/a2f097fa-81b7-47b0-9ea6-cedac0ec153b.jpg,False
107,107,107,107,/content/dataset/shared_dataset_seed9517/images/test/107/e2455ae8-93e2-4673-8e87-de55cac593b6.jpg,True
108,108,108,108,/content/dataset/shared_dataset_seed9517/images/test/108/16fe56d8-814c-4133-b540-5bb9433c73af.jpg,True
108,108,108,108,/content/dataset/shared_dataset_seed9517/images/test/108/174f5531-dcbc-44b3-868f-9a4e16cdf394.jpg,True
108,67,108,67,/content/dataset/shared_dataset_seed9517/images/test/108/304552a1-7f76-428d-b62a-7b6cab0e50f2.jpg,False
108,108,108,108,/content/dataset/shared_dataset_seed9517/images/test/108/5c2ec40f-8fc3-4201-b24e-82035b51c1d4.jpg,True
108,108,108,108,/content/dataset/shared_dataset_seed9517/images/test/108/67253d51-0f20-42e4-bbe0-18a7454810ab.jpg,True
108,47,108,47,/content/dataset/shared_dataset_seed9517/images/test/108/84021b2c-735c-4afb-b0a3-748b7ad31029.jpg,False
108,141,108,141,/content/dataset/shared_dataset_seed9517/images/test/108/b3c32fdc-b3cf-4991-acc2-1b1047b65738.jpg,False
108,108,108,108,/content/dataset/shared_dataset_seed9517/images/test/108/d5b19fa0-482b-4370-ba44-477e88867793.jpg,True
108,108,108,108,/content/dataset/shared_dataset_seed9517/images/test/108/d610393e-0849-4dae-babb-7b7aa8f9b525.jpg,True
108,108,108,108,/content/dataset/shared_dataset_seed9517/images/test/108/d6816f9b-afce-4bee-802f-b64124b22f16.jpg,True
109,110,109,110,/content/dataset/shared_dataset_seed9517/images/test/109/04556d1e-4912-45cf-8466-7eac29b3850a.jpg,False
109,109,109,109,/content/dataset/shared_dataset_seed9517/images/test/109/433b273e-3be3-4ebe-ad39-f5bc2d131a7d.jpg,True
109,109,109,109,/content/dataset/shared_dataset_seed9517/images/test/109/43e6105b-f15e-4ad0-9789-29d24d6b0d6f.jpg,True
109,98,109,98,/content/dataset/shared_dataset_seed9517/images/test/109/4a7ce32d-08e4-4ad2-a769-6e5084de8373.jpg,False
109,109,109,109,/content/dataset/shared_dataset_seed9517/images/test/109/4cea50ee-ca8a-4822-85af-c3b7fd99cd27.jpg,True
109,109,109,109,/content/dataset/shared_dataset_seed9517/images/test/109/a3c7def7-c258-440d-a2f5-4ac28f340980.jpg,True
109,109,109,109,/content/dataset/shared_dataset_seed9517/images/test/109/a75f1e41-a321-4a8a-bab1-89bc11699cab.jpg,True
109,83,109,83,/content/dataset/shared_dataset_seed9517/images/test/109/b75e7dae-1940-49ad-bb91-446b4dac3997.jpg,False
109,98,109,98,/content/dataset/shared_dataset_seed9517/images/test/109/d937be21-9951-4cca-9cdc-7addbf13fad2.jpg,False
109,98,109,98,/content/dataset/shared_dataset_seed9517/images/test/109/f667fb78-dcbe-45a9-901e-41f5d541081b.jpg,False
110,98,110,98,/content/dataset/shared_dataset_seed9517/images/test/110/16fd420c-4327-4be6-9fd2-6059806e6a45.jpg,False
110,110,110,110,/content/dataset/shared_dataset_seed9517/images/test/110/2ec97ae3-0d4f-40d4-a499-e91996cbbb66.jpg,True
110,110,110,110,/content/dataset/shared_dataset_seed9517/images/test/110/32d8fa25-d9a8-4779-a78b-a5482b5bd310.jpg,True
110,110,110,110,/content/dataset/shared_dataset_seed9517/images/test/110/440f1bb0-f033-4f04-b579-76ec2e20a4e0.jpg,True
110,110,110,110,/content/dataset/shared_dataset_seed9517/images/test/110/861f6e5f-cd7f-4106-8283-c9a6da62142e.jpg,True
110,110,110,110,/content/dataset/shared_dataset_seed9517/images/test/110/c7371cf1-18c3-4cf3-beb8-17ec80f5401b.jpg,True
110,110,110,110,/content/dataset/shared_dataset_seed9517/images/test/110/c8b458be-4c8e-47c7-a2e6-badc923760d3.jpg,True
110,110,110,110,/content/dataset/shared_dataset_seed9517/images/test/110/daa63fbc-b929-452b-8a8d-fbcfc2d356f1.jpg,True
110,110,110,110,/content/dataset/shared_dataset_seed9517/images/test/110/e26e789d-b349-4e8f-b17e-a13508ad54fa.jpg,True
110,17,110,17,/content/dataset/shared_dataset_seed9517/images/test/110/eae39f54-5ea0-4360-9d36-9d288746f817.jpg,False
111,111,111,111,/content/dataset/shared_dataset_seed9517/images/test/111/037d021f-aba4-45ea-918c-cb343c3a5335.jpg,True
111,111,111,111,/content/dataset/shared_dataset_seed9517/images/test/111/26278f05-4057-4d54-a0eb-34837e9d6958.jpg,True
111,111,111,111,/content/dataset/shared_dataset_seed9517/images/test/111/29cccfcd-d845-4cba-80e7-b37bfef9f719.jpg,True
111,111,111,111,/content/dataset/shared_dataset_seed9517/images/test/111/59d4e1b3-5f15-4e36-9285-ef8b1adccaad.jpg,True
111,111,111,111,/content/dataset/shared_dataset_seed9517/images/test/111/a64007e7-9bce-4480-ba8a-ecbedaa6f340.jpg,True
111,111,111,111,/content/dataset/shared_dataset_seed9517/images/test/111/ae14ebaa-3572-4f1c-9512-697034d0392e.jpg,True
111,111,111,111,/content/dataset/shared_dataset_seed9517/images/test/111/ba812b20-8d42-42d1-82d8-064a42371cd3.jpg,True
111,111,111,111,/content/dataset/shared_dataset_seed9517/images/test/111/c60ad1c1-bfd6-454e-9a20-505ea71f5cc1.jpg,True
111,111,111,111,/content/dataset/shared_dataset_seed9517/images/test/111/ca05fc8c-4bd3-4d2d-95b0-c84d48b9a4b0.jpg,True
111,111,111,111,/content/dataset/shared_dataset_seed9517/images/test/111/e9182057-d296-4665-a704-c68371908230.jpg,True
112,112,112,112,/content/dataset/shared_dataset_seed9517/images/test/112/25592033-88e2-4b0f-90c1-53a3365aa48b.jpg,True
112,112,112,112,/content/dataset/shared_dataset_seed9517/images/test/112/4351fe2e-c77f-4aa7-85de-42ea2fe51eb6.jpg,True
112,112,112,112,/content/dataset/shared_dataset_seed9517/images/test/112/6ba34c72-86d8-4f46-95fe-974f85dc765f.jpg,True
112,112,112,112,/content/dataset/shared_dataset_seed9517/images/test/112/9d3874fa-e558-4a21-bed4-c6bf8a53108b.jpg,True
112,112,112,112,/content/dataset/shared_dataset_seed9517/images/test/112/a628c834-2840-4b30-a9ae-fbb2f280d6ec.jpg,True
112,112,112,112,/content/dataset/shared_dataset_seed9517/images/test/112/b754ecb6-4895-467e-a836-04e28bc6b6a6.jpg,True
112,112,112,112,/content/dataset/shared_dataset_seed9517/images/test/112/bb5425f7-1618-4d40-81ea-a93fa5dc15bf.jpg,True
112,112,112,112,/content/dataset/shared_dataset_seed9517/images/test/112/cecc9cf4-3fd1-4f5a-a4ea-40304171344b.jpg,True
112,112,112,112,/content/dataset/shared_dataset_seed9517/images/test/112/d096b75e-6c21-45ca-9b20-c121b5e50aa4.jpg,True
112,112,112,112,/content/dataset/shared_dataset_seed9517/images/test/112/f1a65f0d-fb35-4d3c-907b-bec5bcfe4621.jpg,True
113,467,113,467,/content/dataset/shared_dataset_seed9517/images/test/113/09c7b1d3-2ab9-4cd2-a3b1-42ce0a7a7732.jpg,False
113,44,113,44,/content/dataset/shared_dataset_seed9517/images/test/113/1e25a8b7-d5d9-4062-ab5f-61d78bde81df.jpg,False
113,404,113,404,/content/dataset/shared_dataset_seed9517/images/test/113/305349a8-900a-4913-b2c0-57f7d94a307e.jpg,False
113,113,113,113,/content/dataset/shared_dataset_seed9517/images/test/113/5762510b-44d4-4436-be7e-854c35bb469e.jpg,True
113,113,113,113,/content/dataset/shared_dataset_seed9517/images/test/113/75a07f5a-3193-4797-b86f-af60e7a74266.jpg,True
113,113,113,113,/content/dataset/shared_dataset_seed9517/images/test/113/9a1e870f-c17d-4382-845f-4df1350f871b.jpg,True
113,113,113,113,/content/dataset/shared_dataset_seed9517/images/test/113/9ed6b845-97c7-4439-8f2d-84ee14859316.jpg,True
113,113,113,113,/content/dataset/shared_dataset_seed9517/images/test/113/bd1d48ed-e874-45ef-87c5-07be81b799bb.jpg,True
113,24,113,24,/content/dataset/shared_dataset_seed9517/images/test/113/e91f6771-1ac4-4676-b38a-c1957e40eb60.jpg,False
113,295,113,295,/content/dataset/shared_dataset_seed9517/images/test/113/f879791a-27ff-448b-94da-043bbf81c877.jpg,False
114,114,114,114,/content/dataset/shared_dataset_seed9517/images/test/114/1d9e3780-9595-44dd-ade2-b477dce3b73d.jpg,True
114,114,114,114,/content/dataset/shared_dataset_seed9517/images/test/114/6e93e6c9-4d2d-40e1-825f-af3ef46541e9.jpg,True
114,114,114,114,/content/dataset/shared_dataset_seed9517/images/test/114/790194c0-b369-4e80-bf8c-1f2c694d6ba2.jpg,True
114,114,114,114,/content/dataset/shared_dataset_seed9517/images/test/114/8143bc3c-3cbc-47dc-af97-366c06ef95c1.jpg,True
114,7,114,7,/content/dataset/shared_dataset_seed9517/images/test/114/958e5823-585a-4667-8791-de7a5bf20952.jpg,False
114,114,114,114,/content/dataset/shared_dataset_seed9517/images/test/114/975d7c5d-b56c-49a8-bdd6-8c480f3c8092.jpg,True
114,114,114,114,/content/dataset/shared_dataset_seed9517/images/test/114/a638069f-8140-4ce2-a0a7-a10a451582a4.jpg,True
114,114,114,114,/content/dataset/shared_dataset_seed9517/images/test/114/a74f3763-db56-4922-9c8a-5292a258bafb.jpg,True
114,114,114,114,/content/dataset/shared_dataset_seed9517/images/test/114/ca127392-aa50-417a-bf3f-951a9b98f997.jpg,True
114,114,114,114,/content/dataset/shared_dataset_seed9517/images/test/114/e2850df9-896b-475a-91f9-ad8acb21b354.jpg,True
115,115,115,115,/content/dataset/shared_dataset_seed9517/images/test/115/1596c06c-b6c5-49d0-a2d8-ae2a32a4f30e.jpg,True
115,115,115,115,/content/dataset/shared_dataset_seed9517/images/test/115/1f976c04-5089-4bb0-bf42-7b03319aaf3f.jpg,True
115,115,115,115,/content/dataset/shared_dataset_seed9517/images/test/115/40aa2314-8b57-4503-9154-951e5d007d08.jpg,True
115,115,115,115,/content/dataset/shared_dataset_seed9517/images/test/115/42326a86-b9af-422b-a0d5-deaf6371df69.jpg,True
115,115,115,115,/content/dataset/shared_dataset_seed9517/images/test/115/473db88a-8164-4cb1-9600-0e5dfca8ddbd.jpg,True
115,115,115,115,/content/dataset/shared_dataset_seed9517/images/test/115/4caf444f-212d-4fb9-be74-b97c00c02bad.jpg,True
115,115,115,115,/content/dataset/shared_dataset_seed9517/images/test/115/6e23a67e-1390-46bd-ab93-816fd800d6c9.jpg,True
115,115,115,115,/content/dataset/shared_dataset_seed9517/images/test/115/9f543f0c-9d3c-40d1-a2f3-3517f938abf8.jpg,True
115,115,115,115,/content/dataset/shared_dataset_seed9517/images/test/115/baf3bcd8-7fbc-4b69-86c6-f4a48d1a1687.jpg,True
115,115,115,115,/content/dataset/shared_dataset_seed9517/images/test/115/e9484bb6-eb13-4dd8-8c61-2510c63d1a8c.jpg,True
116,116,116,116,/content/dataset/shared_dataset_seed9517/images/test/116/32fbd1b9-584b-4ceb-bed1-a1d210ecf5e0.jpg,True
116,116,116,116,/content/dataset/shared_dataset_seed9517/images/test/116/36df78c2-cbd6-427e-a2dd-3bbde52a3c26.jpg,True
116,367,116,367,/content/dataset/shared_dataset_seed9517/images/test/116/560bcf7e-75c6-46eb-9fa4-ef4e7f13ec58.jpg,False
116,116,116,116,/content/dataset/shared_dataset_seed9517/images/test/116/6bb3ffa5-6d07-4ea5-b010-7c9fb5cfa370.jpg,True
116,67,116,67,/content/dataset/shared_dataset_seed9517/images/test/116/9b814727-cfd1-43ed-a65b-acf11f1e741e.jpg,False
116,116,116,116,/content/dataset/shared_dataset_seed9517/images/test/116/b9bd6b4e-b3e4-444f-a205-2161c8cbf936.jpg,True
116,116,116,116,/content/dataset/shared_dataset_seed9517/images/test/116/d59e658a-640a-44bc-bbad-fc72895acb39.jpg,True
116,116,116,116,/content/dataset/shared_dataset_seed9517/images/test/116/e8f1b3f2-2d6b-48ca-beb5-5bd0866eb8fe.jpg,True
116,116,116,116,/content/dataset/shared_dataset_seed9517/images/test/116/f16a572d-83ff-41b3-8d05-c931a5514ae5.jpg,True
116,116,116,116,/content/dataset/shared_dataset_seed9517/images/test/116/f791e118-09d5-4238-a310-bf81b4dd694a.jpg,True
117,118,117,118,/content/dataset/shared_dataset_seed9517/images/test/117/001a6db4-6951-40ee-b89c-a3c3eb9c6c89.jpg,False
117,118,117,118,/content/dataset/shared_dataset_seed9517/images/test/117/14f2e523-dc72-469c-827e-0d56ef47faa2.jpg,False
117,117,117,117,/content/dataset/shared_dataset_seed9517/images/test/117/22c33a92-d320-4cd3-b776-75d9a4a82606.jpg,True
117,118,117,118,/content/dataset/shared_dataset_seed9517/images/test/117/27bf10a5-5bc1-47c5-99b9-454ea0a7c472.jpg,False
117,117,117,117,/content/dataset/shared_dataset_seed9517/images/test/117/8f350cbd-e735-4f0d-80d4-ee747b49f4e4.jpg,True
117,117,117,117,/content/dataset/shared_dataset_seed9517/images/test/117/93f59241-b449-4e40-a504-bf78424c7776.jpg,True
117,117,117,117,/content/dataset/shared_dataset_seed9517/images/test/117/a0378b68-4745-48a3-b093-5c8cd7e2bbd1.jpg,True
117,118,117,118,/content/dataset/shared_dataset_seed9517/images/test/117/a80b02cd-0102-4d78-b07b-fa4dbe850b21.jpg,False
117,118,117,118,/content/dataset/shared_dataset_seed9517/images/test/117/bb908704-6ab5-43bf-a324-135835a770d9.jpg,False
117,117,117,117,/content/dataset/shared_dataset_seed9517/images/test/117/d8d43208-bfdd-4d9f-9640-938181831e43.jpg,True
118,117,118,117,/content/dataset/shared_dataset_seed9517/images/test/118/0e423724-7913-4c4a-9882-2f10c946bcb3.jpg,False
118,117,118,117,/content/dataset/shared_dataset_seed9517/images/test/118/334b250d-00f5-47c0-a4e6-25826c16bac5.jpg,False
118,118,118,118,/content/dataset/shared_dataset_seed9517/images/test/118/60ed2ed8-08a2-41cd-8648-dc02a547f9ec.jpg,True
118,118,118,118,/content/dataset/shared_dataset_seed9517/images/test/118/87b47c12-efc4-4709-8e98-e41c1510ecbf.jpg,True
118,118,118,118,/content/dataset/shared_dataset_seed9517/images/test/118/8b499312-0ff9-41f6-91ce-a2aa997a2716.jpg,True
118,118,118,118,/content/dataset/shared_dataset_seed9517/images/test/118/8b8c5941-eba7-41dd-96d8-832891bb019c.jpg,True
118,118,118,118,/content/dataset/shared_dataset_seed9517/images/test/118/92b0c3de-b5d0-46a5-befa-d7cbe014c0ec.jpg,True
118,118,118,118,/content/dataset/shared_dataset_seed9517/images/test/118/c7483ed7-d1f2-4ade-a844-b936bc05aa49.jpg,True
118,118,118,118,/content/dataset/shared_dataset_seed9517/images/test/118/dfee5123-16c4-4628-9bcb-8afd98e61c94.jpg,True
118,118,118,118,/content/dataset/shared_dataset_seed9517/images/test/118/e492b971-d305-4485-b7cf-3db7c288f61a.jpg,True
119,119,119,119,/content/dataset/shared_dataset_seed9517/images/test/119/10eb5f92-d5be-413b-82f0-22aece4617ee.jpg,True
119,119,119,119,/content/dataset/shared_dataset_seed9517/images/test/119/312a76d4-f5d3-4c8a-8deb-257ca180288f.jpg,True
119,119,119,119,/content/dataset/shared_dataset_seed9517/images/test/119/4ca9a975-accc-4d4c-8222-31c41029ab5f.jpg,True
119,119,119,119,/content/dataset/shared_dataset_seed9517/images/test/119/7010eddb-f03b-4234-8b33-ce693c95714c.jpg,True
119,119,119,119,/content/dataset/shared_dataset_seed9517/images/test/119/85942f4b-5b7d-40da-8928-266ffec8ed66.jpg,True
119,119,119,119,/content/dataset/shared_dataset_seed9517/images/test/119/8ede8c21-65f0-409f-b9c4-4f4bd33d6f19.jpg,True
119,119,119,119,/content/dataset/shared_dataset_seed9517/images/test/119/944daf6f-88f6-4242-98f8-4e01aacf9602.jpg,True
119,119,119,119,/content/dataset/shared_dataset_seed9517/images/test/119/ac3f696c-9cfd-411f-ac6c-e7b13c8d384f.jpg,True
119,119,119,119,/content/dataset/shared_dataset_seed9517/images/test/119/eba8649c-61a6-4009-8231-9e9ce8d31b0c.jpg,True
119,119,119,119,/content/dataset/shared_dataset_seed9517/images/test/119/fa41cf17-06d5-498b-837c-c8410ea091ea.jpg,True
120,120,120,120,/content/dataset/shared_dataset_seed9517/images/test/120/01a706cc-1d1d-4e91-acbd-b233b1c04108.jpg,True
120,120,120,120,/content/dataset/shared_dataset_seed9517/images/test/120/0f1f9a65-9355-43dc-b8f4-08fea5361b8b.jpg,True
120,120,120,120,/content/dataset/shared_dataset_seed9517/images/test/120/3142816c-67cf-4746-ba69-ec586a4a42c4.jpg,True
120,120,120,120,/content/dataset/shared_dataset_seed9517/images/test/120/49d39b65-1b43-46d5-8c5d-5c5c22af2b1a.jpg,True
120,120,120,120,/content/dataset/shared_dataset_seed9517/images/test/120/661729e7-5fa2-46c6-996d-18cb7bcdd73b.jpg,True
120,120,120,120,/content/dataset/shared_dataset_seed9517/images/test/120/85481d8e-8926-4ffb-92f5-21b621592827.jpg,True
120,120,120,120,/content/dataset/shared_dataset_seed9517/images/test/120/9d9b9af1-d259-4190-ad07-556fdc85ea7c.jpg,True
120,120,120,120,/content/dataset/shared_dataset_seed9517/images/test/120/b0f8cdff-759d-4547-89a6-18d18ca7b4ee.jpg,True
120,120,120,120,/content/dataset/shared_dataset_seed9517/images/test/120/b0f9f723-5ebc-4893-b38a-a246e41d39ee.jpg,True
120,39,120,39,/content/dataset/shared_dataset_seed9517/images/test/120/ca3226bf-5339-460f-868f-a727a6242a6c.jpg,False
121,121,121,121,/content/dataset/shared_dataset_seed9517/images/test/121/1dbc06a0-4f2e-46fd-a6e3-379f12e15181.jpg,True
121,121,121,121,/content/dataset/shared_dataset_seed9517/images/test/121/2680e99e-38f8-4b02-9aa6-fe7d92c6147a.jpg,True
121,121,121,121,/content/dataset/shared_dataset_seed9517/images/test/121/42851cdd-f653-4239-9f58-2cc30d5c0ef6.jpg,True
121,120,121,120,/content/dataset/shared_dataset_seed9517/images/test/121/659ede77-4171-4e84-850e-128a83c21e9e.jpg,False
121,121,121,121,/content/dataset/shared_dataset_seed9517/images/test/121/8972b2ce-3f8c-471d-ad34-a3d41088936a.jpg,True
121,121,121,121,/content/dataset/shared_dataset_seed9517/images/test/121/ce6c153b-e7c0-4152-b0bd-8396a83eea63.jpg,True
121,121,121,121,/content/dataset/shared_dataset_seed9517/images/test/121/dc08d6bf-c0b5-478a-b415-75383d86b005.jpg,True
121,121,121,121,/content/dataset/shared_dataset_seed9517/images/test/121/e7891889-91e1-4a12-9988-f6fcb3d78f93.jpg,True
121,121,121,121,/content/dataset/shared_dataset_seed9517/images/test/121/f5ffbf69-cfff-4ec7-8776-5bff3944682c.jpg,True
121,118,121,118,/content/dataset/shared_dataset_seed9517/images/test/121/fafb2051-df9a-4769-8417-729e88b1fae3.jpg,False
122,122,122,122,/content/dataset/shared_dataset_seed9517/images/test/122/02b2c021-c50f-4897-a019-627c1589ad0b.jpg,True
122,122,122,122,/content/dataset/shared_dataset_seed9517/images/test/122/55000eb9-e506-40da-be22-5e70bda13ec8.jpg,True
122,122,122,122,/content/dataset/shared_dataset_seed9517/images/test/122/74b47154-23f9-4fd1-b3c9-446d55716bbf.jpg,True
122,122,122,122,/content/dataset/shared_dataset_seed9517/images/test/122/81867750-6d42-43a7-8d9a-50c85f24333c.jpg,True
122,122,122,122,/content/dataset/shared_dataset_seed9517/images/test/122/8867daf9-da8b-4923-b0bf-7017c7972183.jpg,True
122,122,122,122,/content/dataset/shared_dataset_seed9517/images/test/122/9e71810a-b360-420a-b202-52f54294bb14.jpg,True
122,122,122,122,/content/dataset/shared_dataset_seed9517/images/test/122/a30ce64f-a2e9-40ec-b090-e1d085c5f714.jpg,True
122,122,122,122,/content/dataset/shared_dataset_seed9517/images/test/122/a9dc7710-9033-422f-825a-a039df0d4806.jpg,True
122,122,122,122,/content/dataset/shared_dataset_seed9517/images/test/122/b1234649-9de0-47f1-909f-7fd8eda3a9bd.jpg,True
122,119,122,119,/content/dataset/shared_dataset_seed9517/images/test/122/f9fe8fb9-aa3b-4848-bbbb-40b516be8597.jpg,False
123,123,123,123,/content/dataset/shared_dataset_seed9517/images/test/123/01e666d6-af0c-4522-b694-721cd1080a50.jpg,True
123,123,123,123,/content/dataset/shared_dataset_seed9517/images/test/123/3b15e7d8-8f23-40ee-b56a-d5a24c112d15.jpg,True
123,94,123,94,/content/dataset/shared_dataset_seed9517/images/test/123/484e7e0f-ecdb-4539-92f7-8b0b978ff83c.jpg,False
123,123,123,123,/content/dataset/shared_dataset_seed9517/images/test/123/566c729a-ed9c-4668-a775-5e95dd5aa93d.jpg,True
123,123,123,123,/content/dataset/shared_dataset_seed9517/images/test/123/6fce0f8d-ca19-49e6-9334-68a8b46da583.jpg,True
123,123,123,123,/content/dataset/shared_dataset_seed9517/images/test/123/80c2c0ff-a43d-4765-af7e-e50eec1c9db3.jpg,True
123,123,123,123,/content/dataset/shared_dataset_seed9517/images/test/123/888c51a0-e316-49e2-ac06-c58061be4fab.jpg,True
123,123,123,123,/content/dataset/shared_dataset_seed9517/images/test/123/9d7f2722-f136-4f77-86b4-fe242db2b6f3.jpg,True
123,123,123,123,/content/dataset/shared_dataset_seed9517/images/test/123/c31ae85d-5c35-44dd-a665-2506062ba889.jpg,True
123,39,123,39,/content/dataset/shared_dataset_seed9517/images/test/123/f0f1227e-e5b0-42e2-a293-01c71d6aaf1f.jpg,False
124,124,124,124,/content/dataset/shared_dataset_seed9517/images/test/124/085e0c12-473e-4afc-8d74-657c84a180a5.jpg,True
124,124,124,124,/content/dataset/shared_dataset_seed9517/images/test/124/28eac0e8-769b-4da2-99d2-2d5b6da58672.jpg,True
124,125,124,125,/content/dataset/shared_dataset_seed9517/images/test/124/37708dc5-de64-4223-a82a-471c2f3bd723.jpg,False
124,124,124,124,/content/dataset/shared_dataset_seed9517/images/test/124/38cf32c0-fd89-4c04-a01a-e2de3ef7b689.jpg,True
124,124,124,124,/content/dataset/shared_dataset_seed9517/images/test/124/74be4062-d2e3-4c36-a413-e171c3c58c19.jpg,True
124,124,124,124,/content/dataset/shared_dataset_seed9517/images/test/124/84c6a0ed-8dcc-48b8-9f1c-ca4dfd427ebb.jpg,True
124,113,124,113,/content/dataset/shared_dataset_seed9517/images/test/124/8969f523-7a01-4be2-a46d-dfd7d84b12a8.jpg,False
124,113,124,113,/content/dataset/shared_dataset_seed9517/images/test/124/d70514ed-0e4d-4c18-a560-59a42296aac6.jpg,False
124,124,124,124,/content/dataset/shared_dataset_seed9517/images/test/124/e2e42116-52ce-4e49-8fce-51a7aed0e1f5.jpg,True
124,124,124,124,/content/dataset/shared_dataset_seed9517/images/test/124/f2b5fe8d-9637-4628-97af-4a10e86b32d8.jpg,True
125,125,125,125,/content/dataset/shared_dataset_seed9517/images/test/125/01eb4780-bd9f-48fe-a791-aaac37e3aa03.jpg,True
125,125,125,125,/content/dataset/shared_dataset_seed9517/images/test/125/1ffa9d68-7ca1-41ab-94c5-a78668f359b3.jpg,True
125,44,125,44,/content/dataset/shared_dataset_seed9517/images/test/125/28c476d6-a2dd-4d13-bb89-6c0ee540a9aa.jpg,False
125,44,125,44,/content/dataset/shared_dataset_seed9517/images/test/125/7b1dc936-5df8-4f66-8c1c-0b5c2932cd5a.jpg,False
125,125,125,125,/content/dataset/shared_dataset_seed9517/images/test/125/b0d3ec0b-8ba1-4530-948f-d8323406dd38.jpg,True
125,125,125,125,/content/dataset/shared_dataset_seed9517/images/test/125/b2d2484f-01b9-4f0e-b35e-80ad32be3253.jpg,True
125,125,125,125,/content/dataset/shared_dataset_seed9517/images/test/125/c43c0f42-e2c3-4535-85c1-7cd0410ad65e.jpg,True
125,125,125,125,/content/dataset/shared_dataset_seed9517/images/test/125/cb5e0a73-e6fd-4ad6-84b5-901e7460ed87.jpg,True
125,142,125,142,/content/dataset/shared_dataset_seed9517/images/test/125/cc32813c-64b9-497e-8089-a66420c0c218.jpg,False
125,125,125,125,/content/dataset/shared_dataset_seed9517/images/test/125/cf4f88b9-7312-43e8-b7b7-35336b6ab537.jpg,True
126,10,126,10,/content/dataset/shared_dataset_seed9517/images/test/126/12aa4545-841b-4a40-8cec-635e30a66439.jpg,False
126,126,126,126,/content/dataset/shared_dataset_seed9517/images/test/126/22f6322a-a9c5-421e-9cd6-82649ffa8825.jpg,True
126,107,126,107,/content/dataset/shared_dataset_seed9517/images/test/126/30833a3f-93c2-467f-8a49-3457cb70e46b.jpg,False
126,126,126,126,/content/dataset/shared_dataset_seed9517/images/test/126/30d13957-4382-4d9e-8133-58dc0158ccc2.jpg,True
126,126,126,126,/content/dataset/shared_dataset_seed9517/images/test/126/3abb9908-c17b-4e5f-ac32-ebfab276c572.jpg,True
126,126,126,126,/content/dataset/shared_dataset_seed9517/images/test/126/5d481016-4fb8-4f9e-9568-b70af85064e1.jpg,True
126,126,126,126,/content/dataset/shared_dataset_seed9517/images/test/126/6dc8672c-7be4-40a4-a055-ccd5e5d14a60.jpg,True
126,35,126,35,/content/dataset/shared_dataset_seed9517/images/test/126/7bfecc39-e6d6-40d8-a036-fb5d7674afba.jpg,False
126,143,126,143,/content/dataset/shared_dataset_seed9517/images/test/126/b79b30c4-9df5-42c8-b387-4dc385966cf6.jpg,False
126,134,126,134,/content/dataset/shared_dataset_seed9517/images/test/126/f0bd1366-1658-4e75-b1c0-d665a1bf637b.jpg,False
127,127,127,127,/content/dataset/shared_dataset_seed9517/images/test/127/02220208-a0c3-4afa-a237-9828c9aa266e.jpg,True
127,127,127,127,/content/dataset/shared_dataset_seed9517/images/test/127/3799cd60-1716-4c29-95c2-e6ff8e609431.jpg,True
127,127,127,127,/content/dataset/shared_dataset_seed9517/images/test/127/4c558c6b-1132-45a0-b49f-9fe29068d23d.jpg,True
127,127,127,127,/content/dataset/shared_dataset_seed9517/images/test/127/60080332-f359-4d32-b0c7-a989df820a47.jpg,True
127,10,127,10,/content/dataset/shared_dataset_seed9517/images/test/127/8d19d629-4d19-4d8f-84cf-8b02e5ecdc73.jpg,False
127,127,127,127,/content/dataset/shared_dataset_seed9517/images/test/127/9f1c55a6-30e0-4b98-90db-86876825e4e6.jpg,True
127,127,127,127,/content/dataset/shared_dataset_seed9517/images/test/127/ad677add-8911-406b-92b3-19e90e119608.jpg,True
127,127,127,127,/content/dataset/shared_dataset_seed9517/images/test/127/c271a475-dc89-4ba8-aeb1-1e7a582a6354.jpg,True
127,127,127,127,/content/dataset/shared_dataset_seed9517/images/test/127/e4061cc6-bfd7-42b6-8a41-16b2eab767db.jpg,True
127,127,127,127,/content/dataset/shared_dataset_seed9517/images/test/127/f2350726-ad2a-4eb7-ad83-c2de20b9019a.jpg,True
128,128,128,128,/content/dataset/shared_dataset_seed9517/images/test/128/06766b99-ee4a-485e-af41-c8d3111be51b.jpg,True
128,128,128,128,/content/dataset/shared_dataset_seed9517/images/test/128/081a6889-8f5d-4d58-9a1a-0051a9a65b9d.jpg,True
128,128,128,128,/content/dataset/shared_dataset_seed9517/images/test/128/18920a53-61b9-4d6a-be75-fc1352ac591f.jpg,True
128,128,128,128,/content/dataset/shared_dataset_seed9517/images/test/128/1d1e6e37-4594-46ea-9131-9f70bbbe8f9a.jpg,True
128,128,128,128,/content/dataset/shared_dataset_seed9517/images/test/128/3754cc24-3de1-40e3-8b21-19f26f389c98.jpg,True
128,128,128,128,/content/dataset/shared_dataset_seed9517/images/test/128/4d524879-1db2-4b9d-a02c-6b464eeab762.jpg,True
128,128,128,128,/content/dataset/shared_dataset_seed9517/images/test/128/5ed7b253-2ba4-40d7-9938-5b552360d669.jpg,True
128,128,128,128,/content/dataset/shared_dataset_seed9517/images/test/128/6ce5c7e5-1198-411c-b4c8-14ac8786d867.jpg,True
128,128,128,128,/content/dataset/shared_dataset_seed9517/images/test/128/9ef2dfb1-5871-467b-9e58-41401bfda903.jpg,True
128,128,128,128,/content/dataset/shared_dataset_seed9517/images/test/128/ba14416a-361e-45d9-a3ac-4c176ef91961.jpg,True
129,128,129,128,/content/dataset/shared_dataset_seed9517/images/test/129/04adb275-8013-452a-a106-eb1f20483e5a.jpg,False
129,129,129,129,/content/dataset/shared_dataset_seed9517/images/test/129/1e7cb6e2-b3fc-47b9-9ed2-0d558e8c27da.jpg,True
129,130,129,130,/content/dataset/shared_dataset_seed9517/images/test/129/2b8c6935-494c-443f-89d2-aa0dbb3e0283.jpg,False
129,129,129,129,/content/dataset/shared_dataset_seed9517/images/test/129/61c66b42-b3cd-4a35-bf19-653daacd1561.jpg,True
129,129,129,129,/content/dataset/shared_dataset_seed9517/images/test/129/7b85573c-58a9-41a1-b7bd-b5383ed817a7.jpg,True
129,44,129,44,/content/dataset/shared_dataset_seed9517/images/test/129/a68a3d33-c1b3-4494-9ad4-991a639beb0a.jpg,False
129,129,129,129,/content/dataset/shared_dataset_seed9517/images/test/129/be994ea0-c282-4224-9655-53dfe0f85d42.jpg,True
129,129,129,129,/content/dataset/shared_dataset_seed9517/images/test/129/cb9e5098-8c67-44dd-b8d2-19047785efb4.jpg,True
129,128,129,128,/content/dataset/shared_dataset_seed9517/images/test/129/ded9166e-1be5-4720-b8f0-6c0646e31141.jpg,False
129,129,129,129,/content/dataset/shared_dataset_seed9517/images/test/129/e9d76b01-b96b-4636-b37d-60e41e55c4a8.jpg,True
130,130,130,130,/content/dataset/shared_dataset_seed9517/images/test/130/4a488b14-f99d-4fc7-9dc2-062427ae882a.jpg,True
130,130,130,130,/content/dataset/shared_dataset_seed9517/images/test/130/639f35b6-750a-418c-9476-2bce57cdd0c5.jpg,True
130,130,130,130,/content/dataset/shared_dataset_seed9517/images/test/130/90c09e82-e167-4f96-b26c-0071fe48ca27.jpg,True
130,130,130,130,/content/dataset/shared_dataset_seed9517/images/test/130/9533fa48-c235-463b-991a-5171521723b3.jpg,True
130,130,130,130,/content/dataset/shared_dataset_seed9517/images/test/130/9592bd17-dec2-4828-b854-db616ee66c62.jpg,True
130,130,130,130,/content/dataset/shared_dataset_seed9517/images/test/130/bad8c2a0-ddcc-4cec-bdb4-f2d53406f576.jpg,True
130,130,130,130,/content/dataset/shared_dataset_seed9517/images/test/130/c5f10f15-93a8-46c5-be2b-a78a4cf8f5f0.jpg,True
130,130,130,130,/content/dataset/shared_dataset_seed9517/images/test/130/d810e413-4ce5-43e4-bd00-a6c1e4f7c3cd.jpg,True
130,130,130,130,/content/dataset/shared_dataset_seed9517/images/test/130/e3782022-a77f-48e6-9ca4-ae9cbed7f630.jpg,True
130,130,130,130,/content/dataset/shared_dataset_seed9517/images/test/130/e39629c5-4f22-4d06-856c-b03980d56482.jpg,True
131,131,131,131,/content/dataset/shared_dataset_seed9517/images/test/131/15117181-965e-4ef4-bf99-740d77268ed6.jpg,True
131,131,131,131,/content/dataset/shared_dataset_seed9517/images/test/131/158c5c98-352b-4644-b907-e21b53f5f34c.jpg,True
131,131,131,131,/content/dataset/shared_dataset_seed9517/images/test/131/36318fba-de1d-49a2-a40b-797eff21bca8.jpg,True
131,131,131,131,/content/dataset/shared_dataset_seed9517/images/test/131/4f0b0b98-235e-4b38-aa71-093cd9e8299d.jpg,True
131,135,131,135,/content/dataset/shared_dataset_seed9517/images/test/131/6daa2306-e869-4086-b547-bb08f2390f80.jpg,False
131,131,131,131,/content/dataset/shared_dataset_seed9517/images/test/131/786f3f3e-d593-4b5a-ba7a-c554419a82f7.jpg,True
131,131,131,131,/content/dataset/shared_dataset_seed9517/images/test/131/873d60e4-9548-4d42-bc1a-b26b4c3dac37.jpg,True
131,131,131,131,/content/dataset/shared_dataset_seed9517/images/test/131/e9bf6697-2a99-4fdc-a0ef-20e98e6efd82.jpg,True
131,131,131,131,/content/dataset/shared_dataset_seed9517/images/test/131/f6750833-7974-4030-bd66-35051090d301.jpg,True
131,131,131,131,/content/dataset/shared_dataset_seed9517/images/test/131/ffc6d8ba-84f8-4d22-9310-4773401d9c00.jpg,True
132,132,132,132,/content/dataset/shared_dataset_seed9517/images/test/132/00aef7ea-2810-43d7-b54c-4ff6929d8f52.jpg,True
132,132,132,132,/content/dataset/shared_dataset_seed9517/images/test/132/263992bd-1ba5-4ae9-b410-d02f8047f55b.jpg,True
132,132,132,132,/content/dataset/shared_dataset_seed9517/images/test/132/3bdd6414-6add-41f0-97eb-722a91e3a27c.jpg,True
132,132,132,132,/content/dataset/shared_dataset_seed9517/images/test/132/456533e8-09cc-441b-b270-6212b4093135.jpg,True
132,132,132,132,/content/dataset/shared_dataset_seed9517/images/test/132/5a41d4ca-3204-45f6-a9fb-e3731e5002db.jpg,True
132,132,132,132,/content/dataset/shared_dataset_seed9517/images/test/132/62f6ca06-82b7-4f24-ae2f-d7fca833417c.jpg,True
132,132,132,132,/content/dataset/shared_dataset_seed9517/images/test/132/803bb2ff-d3f9-4cb3-bc02-01a804066620.jpg,True
132,132,132,132,/content/dataset/shared_dataset_seed9517/images/test/132/c4233d9a-5422-4733-a5a6-ef3e1cc5f5cb.jpg,True
132,132,132,132,/content/dataset/shared_dataset_seed9517/images/test/132/ca379b23-a467-4bff-bb07-f80650507d8d.jpg,True
132,132,132,132,/content/dataset/shared_dataset_seed9517/images/test/132/eddf3297-1daa-4bbf-b331-d483aec9f0d8.jpg,True
133,133,133,133,/content/dataset/shared_dataset_seed9517/images/test/133/0bc4b43d-ff1e-4258-9a24-efb6a7bc5b10.jpg,True
133,133,133,133,/content/dataset/shared_dataset_seed9517/images/test/133/42c4c47a-b79e-4c2a-9058-cf0a45a6a7d7.jpg,True
133,133,133,133,/content/dataset/shared_dataset_seed9517/images/test/133/54868fe9-bcaf-4c8c-9c95-169ac585ae65.jpg,True
133,133,133,133,/content/dataset/shared_dataset_seed9517/images/test/133/54c0c318-67ef-4aa9-b3db-12d849e52e35.jpg,True
133,133,133,133,/content/dataset/shared_dataset_seed9517/images/test/133/7dd7170c-8bea-470b-9636-fead49dc03ff.jpg,True
133,134,133,134,/content/dataset/shared_dataset_seed9517/images/test/133/8d150b69-4039-4b3c-9a9d-70f36bf4d39e.jpg,False
133,133,133,133,/content/dataset/shared_dataset_seed9517/images/test/133/d05c15f3-be03-4fe4-abed-1678112cc9b1.jpg,True
133,98,133,98,/content/dataset/shared_dataset_seed9517/images/test/133/d79fb666-d7bb-4261-9f3b-13f480161556.jpg,False
133,133,133,133,/content/dataset/shared_dataset_seed9517/images/test/133/dd85fa89-d5c2-479f-90ee-8512478d1b94.jpg,True
133,134,133,134,/content/dataset/shared_dataset_seed9517/images/test/133/ff82209f-fa22-4084-acff-25f9ca9d7490.jpg,False
134,134,134,134,/content/dataset/shared_dataset_seed9517/images/test/134/39668dfb-000e-440a-b325-46f77eb582c0.jpg,True
134,134,134,134,/content/dataset/shared_dataset_seed9517/images/test/134/3a9589dd-65a2-48cd-88b2-9b90e75787de.jpg,True
134,134,134,134,/content/dataset/shared_dataset_seed9517/images/test/134/3c7fc045-f2a1-4c19-a138-1623b8d3c0d6.jpg,True
134,134,134,134,/content/dataset/shared_dataset_seed9517/images/test/134/61dba49e-5fd9-4670-97d0-adb7c6bbb204.jpg,True
134,128,134,128,/content/dataset/shared_dataset_seed9517/images/test/134/822a9afc-a1cb-4199-95b2-ee3aa069720b.jpg,False
134,134,134,134,/content/dataset/shared_dataset_seed9517/images/test/134/9b15bf1e-0c79-4be5-a9c0-b2dc9955e6e7.jpg,True
134,134,134,134,/content/dataset/shared_dataset_seed9517/images/test/134/a58a6b3b-ae26-4a4b-a4d1-b8f50a88ec4d.jpg,True
134,134,134,134,/content/dataset/shared_dataset_seed9517/images/test/134/ad545346-ef8e-4965-afa5-d6ea496062bb.jpg,True
134,134,134,134,/content/dataset/shared_dataset_seed9517/images/test/134/bef3002f-69ef-4ab5-94ac-a0031b3394cb.jpg,True
134,134,134,134,/content/dataset/shared_dataset_seed9517/images/test/134/fb178f6c-7d5d-42af-90cf-05a82bf8fafd.jpg,True
135,135,135,135,/content/dataset/shared_dataset_seed9517/images/test/135/080f9b6e-3b2e-4a35-89ab-992e1e8d5479.jpg,True
135,135,135,135,/content/dataset/shared_dataset_seed9517/images/test/135/0b536bcf-8ced-4c17-8f69-aa05fab3520b.jpg,True
135,135,135,135,/content/dataset/shared_dataset_seed9517/images/test/135/0b7506d2-7424-4b70-94b4-f9c5193d0749.jpg,True
135,135,135,135,/content/dataset/shared_dataset_seed9517/images/test/135/28f70c55-aeb3-42b3-a24c-e715d01d0e19.jpg,True
135,135,135,135,/content/dataset/shared_dataset_seed9517/images/test/135/386fc22c-964c-45b4-95c3-7748b919c21e.jpg,True
135,161,135,161,/content/dataset/shared_dataset_seed9517/images/test/135/a841668f-7e3b-489a-9f35-9d96a76a4c49.jpg,False
135,135,135,135,/content/dataset/shared_dataset_seed9517/images/test/135/b752b736-1a3e-4406-b84a-0b8c05d6e840.jpg,True
135,135,135,135,/content/dataset/shared_dataset_seed9517/images/test/135/dfb6e416-dc33-4ebb-974d-bc1cc00deccf.jpg,True
135,135,135,135,/content/dataset/shared_dataset_seed9517/images/test/135/eadf98e8-cd70-464c-a6e8-d190b894f983.jpg,True
135,130,135,130,/content/dataset/shared_dataset_seed9517/images/test/135/f8db9beb-fa0b-4dad-85fc-03a346929902.jpg,False
136,136,136,136,/content/dataset/shared_dataset_seed9517/images/test/136/0dff253b-2928-4be0-b9dd-299131ae9bfa.jpg,True
136,136,136,136,/content/dataset/shared_dataset_seed9517/images/test/136/355d7796-a42a-4509-b46e-b805d80022c5.jpg,True
136,136,136,136,/content/dataset/shared_dataset_seed9517/images/test/136/55fec4f8-6f4e-4bd8-987b-9b6fb56296a8.jpg,True
136,136,136,136,/content/dataset/shared_dataset_seed9517/images/test/136/64974ce0-a258-41e5-b69b-f5dea444d79f.jpg,True
136,136,136,136,/content/dataset/shared_dataset_seed9517/images/test/136/760088a4-cccb-4754-8628-9ff7f54d4a75.jpg,True
136,136,136,136,/content/dataset/shared_dataset_seed9517/images/test/136/94a97538-b51a-4e41-a630-c95435e6b05d.jpg,True
136,136,136,136,/content/dataset/shared_dataset_seed9517/images/test/136/b35f0b02-bf33-4120-83c8-bf8c5203e24a.jpg,True
136,136,136,136,/content/dataset/shared_dataset_seed9517/images/test/136/bc0395e6-ff34-4c45-9a6d-3b796d003ac2.jpg,True
136,136,136,136,/content/dataset/shared_dataset_seed9517/images/test/136/bc560786-8f06-471e-ade7-506c57ff355d.jpg,True
136,136,136,136,/content/dataset/shared_dataset_seed9517/images/test/136/f6e9eede-f645-49ef-b02f-a5172ba35613.jpg,True
137,137,137,137,/content/dataset/shared_dataset_seed9517/images/test/137/04585f6d-a497-4b2c-8a27-b7f4cac04142.jpg,True
137,137,137,137,/content/dataset/shared_dataset_seed9517/images/test/137/43903bdf-b17c-4d9f-bac6-a5ee5bf38430.jpg,True
137,131,137,131,/content/dataset/shared_dataset_seed9517/images/test/137/5bede232-62a6-4501-959f-5ad3fab42527.jpg,False
137,137,137,137,/content/dataset/shared_dataset_seed9517/images/test/137/6b4908d0-5d7d-45eb-bfb1-a40740c95f68.jpg,True
137,227,137,227,/content/dataset/shared_dataset_seed9517/images/test/137/a38709f9-9d62-467a-9ea3-9ac3469b45bb.jpg,False
137,138,137,138,/content/dataset/shared_dataset_seed9517/images/test/137/b767c32e-6097-4354-a4f2-d32089fad7f6.jpg,False
137,137,137,137,/content/dataset/shared_dataset_seed9517/images/test/137/ba2d8363-ea3f-4e6f-8562-4d10b5e89733.jpg,True
137,137,137,137,/content/dataset/shared_dataset_seed9517/images/test/137/c929e64c-5591-4964-959e-c5a89afb75b6.jpg,True
137,212,137,212,/content/dataset/shared_dataset_seed9517/images/test/137/e3cc3241-862c-4eb2-a0a0-8a78cfa5ac27.jpg,False
137,137,137,137,/content/dataset/shared_dataset_seed9517/images/test/137/ea9afd45-e28b-448f-910b-207325d9bc44.jpg,True
138,138,138,138,/content/dataset/shared_dataset_seed9517/images/test/138/019357a4-cb49-42f6-80e6-c401ce60c50f.jpg,True
138,138,138,138,/content/dataset/shared_dataset_seed9517/images/test/138/13955d34-0975-4fb4-9482-9be7e8b09f09.jpg,True
138,138,138,138,/content/dataset/shared_dataset_seed9517/images/test/138/3970f38e-1eac-4f6e-996a-593135041fd3.jpg,True
138,138,138,138,/content/dataset/shared_dataset_seed9517/images/test/138/6e0c423b-a143-4515-a575-36dd8436ddf5.jpg,True
138,138,138,138,/content/dataset/shared_dataset_seed9517/images/test/138/7117f259-49c4-49d3-ae26-921fe3aba4b9.jpg,True
138,138,138,138,/content/dataset/shared_dataset_seed9517/images/test/138/795dd265-e015-41a4-8642-f1a05aabf170.jpg,True
138,128,138,128,/content/dataset/shared_dataset_seed9517/images/test/138/8eda2b2a-3cd2-4bec-97f5-2d9ea2b55a1f.jpg,False
138,138,138,138,/content/dataset/shared_dataset_seed9517/images/test/138/ba1b725b-366b-463d-9105-97d634dee017.jpg,True
138,134,138,134,/content/dataset/shared_dataset_seed9517/images/test/138/e09a3b2f-9e0c-4bdf-92ae-2e1b25efe2d4.jpg,False
138,138,138,138,/content/dataset/shared_dataset_seed9517/images/test/138/efc3f58e-772e-4fec-8bbe-2023c01f54c9.jpg,True
139,139,139,139,/content/dataset/shared_dataset_seed9517/images/test/139/07aaa6f7-1c55-4da5-a804-a88a83a6d145.jpg,True
139,139,139,139,/content/dataset/shared_dataset_seed9517/images/test/139/1a203509-1d05-4a1f-bfc2-db106b6e1b5c.jpg,True
139,133,139,133,/content/dataset/shared_dataset_seed9517/images/test/139/283a5793-bda3-4dbf-a45b-08f85830c329.jpg,False
139,139,139,139,/content/dataset/shared_dataset_seed9517/images/test/139/4f4962a8-0f7e-4729-b7ab-c4aa5525295e.jpg,True
139,139,139,139,/content/dataset/shared_dataset_seed9517/images/test/139/63c6457c-c33f-4301-aa8a-505a0a9dd2ec.jpg,True
139,102,139,102,/content/dataset/shared_dataset_seed9517/images/test/139/69ea2b7d-4fd7-4d2f-a0fb-37fcef3e879c.jpg,False
139,139,139,139,/content/dataset/shared_dataset_seed9517/images/test/139/870a41c5-6ca6-4c42-87b2-fdb0a39fa6f5.jpg,True
139,139,139,139,/content/dataset/shared_dataset_seed9517/images/test/139/bb306e95-6700-4f62-b6b9-2a9231240a25.jpg,True
139,134,139,134,/content/dataset/shared_dataset_seed9517/images/test/139/c91937ab-a86b-4236-902c-2ef0e53b5c4d.jpg,False
139,139,139,139,/content/dataset/shared_dataset_seed9517/images/test/139/dd3b9d37-fbc5-4141-998a-2798ebf44c26.jpg,True
140,140,140,140,/content/dataset/shared_dataset_seed9517/images/test/140/054e6e96-cfea-4634-b58c-88723ffdd5b4.jpg,True
140,140,140,140,/content/dataset/shared_dataset_seed9517/images/test/140/2ba26f4b-cd1a-4eef-a425-52b810a7a4c4.jpg,True
140,140,140,140,/content/dataset/shared_dataset_seed9517/images/test/140/6333c38b-6a77-4694-b9d7-785898f6f2d2.jpg,True
140,140,140,140,/content/dataset/shared_dataset_seed9517/images/test/140/6791e877-4a2d-4bf5-a1ac-5fb6be1471fc.jpg,True
140,140,140,140,/content/dataset/shared_dataset_seed9517/images/test/140/6c1d11af-40d5-4915-b785-fdddf0a336b5.jpg,True
140,140,140,140,/content/dataset/shared_dataset_seed9517/images/test/140/76df3fea-6a23-451f-a810-d1889ade3eb9.jpg,True
140,140,140,140,/content/dataset/shared_dataset_seed9517/images/test/140/c22bf11b-4005-46c5-ab14-328621fc5c3a.jpg,True
140,140,140,140,/content/dataset/shared_dataset_seed9517/images/test/140/dacabda0-7969-4023-9871-74d305242085.jpg,True
140,140,140,140,/content/dataset/shared_dataset_seed9517/images/test/140/f157109b-9c6d-4ffc-8dc1-7271b0cda4e9.jpg,True
140,140,140,140,/content/dataset/shared_dataset_seed9517/images/test/140/f60725f4-9fb1-4f05-8b66-8f835888963f.jpg,True
141,141,141,141,/content/dataset/shared_dataset_seed9517/images/test/141/0321d0ab-e89e-4498-880b-27b6c2c1fc90.jpg,True
141,110,141,110,/content/dataset/shared_dataset_seed9517/images/test/141/0c84f3e9-bcb6-4827-abbf-1701fe3ba82a.jpg,False
141,141,141,141,/content/dataset/shared_dataset_seed9517/images/test/141/1064d227-c1bc-4aca-8372-3c559c7cfa99.jpg,True
141,141,141,141,/content/dataset/shared_dataset_seed9517/images/test/141/12d0f183-1f1e-417c-b54f-4559f67b123c.jpg,True
141,141,141,141,/content/dataset/shared_dataset_seed9517/images/test/141/190bbddc-5ad1-4238-8666-f412d6e1eddc.jpg,True
141,143,141,143,/content/dataset/shared_dataset_seed9517/images/test/141/46200390-14c0-4cb4-bd26-89d30c864f6f.jpg,False
141,49,141,49,/content/dataset/shared_dataset_seed9517/images/test/141/5a4a443f-c67a-4d89-84c6-89afebd54ca8.jpg,False
141,71,141,71,/content/dataset/shared_dataset_seed9517/images/test/141/6a66b043-4499-49db-aa22-40aa36093359.jpg,False
141,141,141,141,/content/dataset/shared_dataset_seed9517/images/test/141/6ad502df-2987-4611-83b4-adc2f9385def.jpg,True
141,141,141,141,/content/dataset/shared_dataset_seed9517/images/test/141/70d85b2b-0728-4b61-aeb1-f9164fb4c85c.jpg,True
142,142,142,142,/content/dataset/shared_dataset_seed9517/images/test/142/06d970d9-9bba-48ab-af77-1ed34bced4be.jpg,True
142,83,142,83,/content/dataset/shared_dataset_seed9517/images/test/142/3379b0eb-be9f-48d9-a2b1-f38fcce293b8.jpg,False
142,310,142,310,/content/dataset/shared_dataset_seed9517/images/test/142/4bb4c2fb-7c41-4eb8-b82f-5e2cad1f2109.jpg,False
142,142,142,142,/content/dataset/shared_dataset_seed9517/images/test/142/4d1a8fb4-f237-46c3-a8b4-58025c21bd05.jpg,True
142,142,142,142,/content/dataset/shared_dataset_seed9517/images/test/142/6383cd02-785f-4d9b-822c-f5f9b380bb0e.jpg,True
142,142,142,142,/content/dataset/shared_dataset_seed9517/images/test/142/ceb0b28f-903f-494f-81a1-48c7866a1bb7.jpg,True
142,142,142,142,/content/dataset/shared_dataset_seed9517/images/test/142/d07a5b8c-0a3e-4910-8764-f53ab7fc73c3.jpg,True
142,142,142,142,/content/dataset/shared_dataset_seed9517/images/test/142/d90f803b-98d9-4bf2-a632-de9fba9b0a97.jpg,True
142,17,142,17,/content/dataset/shared_dataset_seed9517/images/test/142/e0d2ee5f-c88d-4fff-96ca-e0a723ae4a51.jpg,False
142,44,142,44,/content/dataset/shared_dataset_seed9517/images/test/142/f5fe90a6-d533-48e7-bcd4-bc3b7fbc3e2f.jpg,False
143,143,143,143,/content/dataset/shared_dataset_seed9517/images/test/143/09acfb2e-2029-449f-9811-8202a1f53728.jpg,True
143,240,143,240,/content/dataset/shared_dataset_seed9517/images/test/143/4196e575-54a8-4fd6-82ee-8881d57a3d14.jpg,False
143,143,143,143,/content/dataset/shared_dataset_seed9517/images/test/143/6087f6f4-7d5f-433f-8406-6b74f4b91e00.jpg,True
143,143,143,143,/content/dataset/shared_dataset_seed9517/images/test/143/7a901496-cf0e-4099-8c41-fe5e845a452a.jpg,True
143,143,143,143,/content/dataset/shared_dataset_seed9517/images/test/143/81081292-abbe-4d54-9d71-dff55c247b74.jpg,True
143,143,143,143,/content/dataset/shared_dataset_seed9517/images/test/143/8f7962d0-60e1-4415-be46-ec374aee696a.jpg,True
143,237,143,237,/content/dataset/shared_dataset_seed9517/images/test/143/90f86805-be7d-4651-b9f6-6df9405b1d90.jpg,False
143,126,143,126,/content/dataset/shared_dataset_seed9517/images/test/143/a330ee33-d4f2-4ade-ab5e-a346121442b4.jpg,False
143,236,143,236,/content/dataset/shared_dataset_seed9517/images/test/143/aeae9f3b-ab7a-4674-9a20-a53fb1154234.jpg,False
143,143,143,143,/content/dataset/shared_dataset_seed9517/images/test/143/c1164105-53aa-4f78-8926-3465d90ab670.jpg,True
144,144,144,144,/content/dataset/shared_dataset_seed9517/images/test/144/08d6e03e-d30a-4e24-880d-cfc139ab2d89.jpg,True
144,144,144,144,/content/dataset/shared_dataset_seed9517/images/test/144/1142d88e-f981-4f84-9c08-49a7cf164233.jpg,True
144,235,144,235,/content/dataset/shared_dataset_seed9517/images/test/144/183f3337-37b6-48d9-8ee5-3eb25495c917.jpg,False
144,144,144,144,/content/dataset/shared_dataset_seed9517/images/test/144/365e72bb-116b-4a0b-b31a-58bcef9248be.jpg,True
144,144,144,144,/content/dataset/shared_dataset_seed9517/images/test/144/644dc8f9-ec30-49c8-b70d-f35850a53971.jpg,True
144,144,144,144,/content/dataset/shared_dataset_seed9517/images/test/144/8b17534d-88c6-403e-aa18-add6d20858f4.jpg,True
144,144,144,144,/content/dataset/shared_dataset_seed9517/images/test/144/aa3b098e-1e3a-4a4a-b89d-9de5c2942e37.jpg,True
144,144,144,144,/content/dataset/shared_dataset_seed9517/images/test/144/b1d5dffb-3369-47a3-9b1e-74cc22636481.jpg,True
144,144,144,144,/content/dataset/shared_dataset_seed9517/images/test/144/c0fb0637-2d19-4b83-bdce-06ea3d7315e5.jpg,True
144,144,144,144,/content/dataset/shared_dataset_seed9517/images/test/144/c32dc661-9795-43b2-97d2-2d0bd5a3b99f.jpg,True
145,97,145,97,/content/dataset/shared_dataset_seed9517/images/test/145/2a0667bb-a019-4de4-9196-00c6a9f73a5b.jpg,False
145,133,145,133,/content/dataset/shared_dataset_seed9517/images/test/145/468d66b2-0a37-444a-990b-f6b663605477.jpg,False
145,145,145,145,/content/dataset/shared_dataset_seed9517/images/test/145/87fe2fc2-f53a-4f43-be8a-9421f16cae0f.jpg,True
145,145,145,145,/content/dataset/shared_dataset_seed9517/images/test/145/8e413476-9ba9-41e0-9023-cfaa34bb76d3.jpg,True
145,128,145,128,/content/dataset/shared_dataset_seed9517/images/test/145/906d5632-3ed9-4a07-b312-4099129cbdcc.jpg,False
145,10,145,10,/content/dataset/shared_dataset_seed9517/images/test/145/9177b706-ea11-46ed-9e7f-c547d18358b2.jpg,False
145,245,145,245,/content/dataset/shared_dataset_seed9517/images/test/145/96da1a79-9fbb-4f42-88ee-f086a755b5af.jpg,False
145,13,145,13,/content/dataset/shared_dataset_seed9517/images/test/145/a9afacf2-7c8b-4923-a594-ae1b60c50ebc.jpg,False
145,145,145,145,/content/dataset/shared_dataset_seed9517/images/test/145/dee84bf8-23a8-436b-9eac-825397b2857b.jpg,True
145,238,145,238,/content/dataset/shared_dataset_seed9517/images/test/145/f534c0ce-7cda-46ea-bae4-63f203fa3572.jpg,False
146,193,146,193,/content/dataset/shared_dataset_seed9517/images/test/146/0d0a0c69-51ee-4531-a79c-ffa8b297af20.jpg,False
146,146,146,146,/content/dataset/shared_dataset_seed9517/images/test/146/40757630-4729-47a7-92b5-448172a19fc7.jpg,True
146,147,146,147,/content/dataset/shared_dataset_seed9517/images/test/146/6cdc1a65-33e7-40c1-a80b-98ed5a56f595.jpg,False
146,230,146,230,/content/dataset/shared_dataset_seed9517/images/test/146/7c0d2f56-1b43-4cfe-9a87-db84155c3d1b.jpg,False
146,178,146,178,/content/dataset/shared_dataset_seed9517/images/test/146/985fb2a1-08be-45ad-a101-0be5ff4f8848.jpg,False
146,146,146,146,/content/dataset/shared_dataset_seed9517/images/test/146/aa8efa71-e901-4a1f-85a3-1bc414ccd64e.jpg,True
146,146,146,146,/content/dataset/shared_dataset_seed9517/images/test/146/c540c2dd-42a8-44e8-aa68-61b5e3ab9ca4.jpg,True
146,147,146,147,/content/dataset/shared_dataset_seed9517/images/test/146/cd33bc4a-107b-4c20-a3c3-018eeaed7bcd.jpg,False
146,146,146,146,/content/dataset/shared_dataset_seed9517/images/test/146/df55e8d0-db37-4f52-a0d4-57383b9f591b.jpg,True
146,147,146,147,/content/dataset/shared_dataset_seed9517/images/test/146/e8b3bb4e-f965-46db-91a6-14ec08890d2c.jpg,False
147,146,147,146,/content/dataset/shared_dataset_seed9517/images/test/147/0ead498d-1d1f-4297-bdd1-e9b2495c9a1f.jpg,False
147,147,147,147,/content/dataset/shared_dataset_seed9517/images/test/147/26c3cc20-7109-4f93-a1b6-4832045869b0.jpg,True
147,147,147,147,/content/dataset/shared_dataset_seed9517/images/test/147/34267248-1c2e-4795-8bde-7bb3f9907226.jpg,True
147,147,147,147,/content/dataset/shared_dataset_seed9517/images/test/147/34dfb882-3644-40e9-9dd5-bd00f1956791.jpg,True
147,147,147,147,/content/dataset/shared_dataset_seed9517/images/test/147/5d224229-b7ea-4586-ac4a-2dc2a44d4b4d.jpg,True
147,147,147,147,/content/dataset/shared_dataset_seed9517/images/test/147/6b5e9a4a-54b1-4434-bbf6-2adc10af00d4.jpg,True
147,147,147,147,/content/dataset/shared_dataset_seed9517/images/test/147/6be86a16-e3d7-448c-8fc8-7610d0de0751.jpg,True
147,147,147,147,/content/dataset/shared_dataset_seed9517/images/test/147/98e33f4f-75c4-4469-9b8c-dc6791f95db2.jpg,True
147,232,147,232,/content/dataset/shared_dataset_seed9517/images/test/147/c207b40d-0559-41ab-b0d0-27b8eea0c8bf.jpg,False
147,147,147,147,/content/dataset/shared_dataset_seed9517/images/test/147/c3ce64e3-b261-442d-ae4c-31f4362dd2d5.jpg,True
148,148,148,148,/content/dataset/shared_dataset_seed9517/images/test/148/00ab3d2d-e688-4414-b759-62a72cdba117.jpg,True
148,148,148,148,/content/dataset/shared_dataset_seed9517/images/test/148/1bfbc28c-f8d5-4002-b3e3-715301e040da.jpg,True
148,148,148,148,/content/dataset/shared_dataset_seed9517/images/test/148/253d78bb-8b3c-4ee9-9fdb-e402274d34c3.jpg,True
148,148,148,148,/content/dataset/shared_dataset_seed9517/images/test/148/2b5c7c65-1186-48ff-b0aa-38813b589d57.jpg,True
148,148,148,148,/content/dataset/shared_dataset_seed9517/images/test/148/3f63d618-6c5e-41a7-8477-dcf3c1bc630b.jpg,True
148,148,148,148,/content/dataset/shared_dataset_seed9517/images/test/148/4627968a-2e74-4b9d-a32f-0ec1777e9bfd.jpg,True
148,148,148,148,/content/dataset/shared_dataset_seed9517/images/test/148/7da9ad42-2038-4829-ab30-f9dd740173bc.jpg,True
148,150,148,150,/content/dataset/shared_dataset_seed9517/images/test/148/86807b18-693f-420a-b62f-7ddc136e244c.jpg,False
148,193,148,193,/content/dataset/shared_dataset_seed9517/images/test/148/eb53e993-ad52-4059-9986-cc39d2808fb7.jpg,False
148,148,148,148,/content/dataset/shared_dataset_seed9517/images/test/148/fd8edecc-ca16-4927-a167-23abd9ec55cc.jpg,True
149,149,149,149,/content/dataset/shared_dataset_seed9517/images/test/149/05dac9df-278c-4ce3-a846-f7e176481d6f.jpg,True
149,149,149,149,/content/dataset/shared_dataset_seed9517/images/test/149/08f267bd-5180-4d9b-8d89-fb5055509f95.jpg,True
149,151,149,151,/content/dataset/shared_dataset_seed9517/images/test/149/52c3fce7-97d4-45da-a93f-c088d3837cae.jpg,False
149,161,149,161,/content/dataset/shared_dataset_seed9517/images/test/149/8b2b802e-6f59-49c4-818b-c997de006cfa.jpg,False
149,161,149,161,/content/dataset/shared_dataset_seed9517/images/test/149/a6ff0682-3027-4400-b72e-aa4caf2feb90.jpg,False
149,162,149,162,/content/dataset/shared_dataset_seed9517/images/test/149/a9e2888d-8d1b-4d29-a718-6e91f1618110.jpg,False
149,149,149,149,/content/dataset/shared_dataset_seed9517/images/test/149/ae119fb3-9278-41db-84e0-69b07ea5f291.jpg,True
149,149,149,149,/content/dataset/shared_dataset_seed9517/images/test/149/cc0e3130-449d-4721-90f6-a89f7db05a26.jpg,True
149,149,149,149,/content/dataset/shared_dataset_seed9517/images/test/149/e59e70a4-ec3c-462a-ac67-54a92445cd1c.jpg,True
149,149,149,149,/content/dataset/shared_dataset_seed9517/images/test/149/f7033d7b-4ef9-400a-b06a-252b29a98129.jpg,True
150,150,150,150,/content/dataset/shared_dataset_seed9517/images/test/150/399172c6-aacd-4415-b938-469637f79cdd.jpg,True
150,150,150,150,/content/dataset/shared_dataset_seed9517/images/test/150/8369b0d0-4ada-4e33-804b-7d91c98568c2.jpg,True
150,150,150,150,/content/dataset/shared_dataset_seed9517/images/test/150/89f7ccb9-9b90-4b1e-9098-86d0c69721a5.jpg,True
150,151,150,151,/content/dataset/shared_dataset_seed9517/images/test/150/94ad3bf7-19d0-4bc8-9d75-5f3547aad27a.jpg,False
150,150,150,150,/content/dataset/shared_dataset_seed9517/images/test/150/98e445ba-6b87-4fcd-8d0f-d77d5ed6631f.jpg,True
150,150,150,150,/content/dataset/shared_dataset_seed9517/images/test/150/aa38a26e-d2aa-420c-8742-324a85e7e868.jpg,True
150,150,150,150,/content/dataset/shared_dataset_seed9517/images/test/150/c04ddd7e-6019-4c8d-a8e6-dae767ae33bf.jpg,True
150,150,150,150,/content/dataset/shared_dataset_seed9517/images/test/150/ed095b9e-208c-4d18-ac96-c9a3587fe793.jpg,True
150,172,150,172,/content/dataset/shared_dataset_seed9517/images/test/150/f08aebf2-10c1-4bab-94f8-4bc2c7770a31.jpg,False
150,198,150,198,/content/dataset/shared_dataset_seed9517/images/test/150/f1916ea3-c496-44b7-bb54-0a9e32e1880e.jpg,False
151,152,151,152,/content/dataset/shared_dataset_seed9517/images/test/151/09b1fada-29e1-4d83-b0b6-fd63647eae3b.jpg,False
151,151,151,151,/content/dataset/shared_dataset_seed9517/images/test/151/0f4eac09-c2b6-47ca-a966-d0bc6ef821b4.jpg,True
151,151,151,151,/content/dataset/shared_dataset_seed9517/images/test/151/32208690-a25f-4ae0-a7ac-aa226178c5ff.jpg,True
151,151,151,151,/content/dataset/shared_dataset_seed9517/images/test/151/3cb90472-f807-47e7-94f6-7d081b39e633.jpg,True
151,162,151,162,/content/dataset/shared_dataset_seed9517/images/test/151/663ea2d3-4472-4ea1-97e2-42e2d0d0fbef.jpg,False
151,151,151,151,/content/dataset/shared_dataset_seed9517/images/test/151/782e214a-1c74-4bd1-8536-13f54d62d170.jpg,True
151,161,151,161,/content/dataset/shared_dataset_seed9517/images/test/151/78b47f41-8eb0-4632-b713-1088ce39a9c1.jpg,False
151,151,151,151,/content/dataset/shared_dataset_seed9517/images/test/151/9468aad6-fa17-4366-8380-6474dd8a8546.jpg,True
151,151,151,151,/content/dataset/shared_dataset_seed9517/images/test/151/a8cae111-a065-4b0d-a737-0dcf579c5718.jpg,True
151,151,151,151,/content/dataset/shared_dataset_seed9517/images/test/151/ac061518-ce0f-41c5-9fba-2c25120c6001.jpg,True
152,152,152,152,/content/dataset/shared_dataset_seed9517/images/test/152/0752f6bd-d191-45ed-ab6f-3f5abdc75440.jpg,True
152,152,152,152,/content/dataset/shared_dataset_seed9517/images/test/152/08d508f5-add4-40e6-8d50-f862a057480a.jpg,True
152,152,152,152,/content/dataset/shared_dataset_seed9517/images/test/152/5d818563-1a2e-4ddb-bbb3-b06f7c162415.jpg,True
152,152,152,152,/content/dataset/shared_dataset_seed9517/images/test/152/63dee311-47a2-4dcb-9814-8bdd4ebfcf68.jpg,True
152,152,152,152,/content/dataset/shared_dataset_seed9517/images/test/152/685dbe25-cd6d-4ed2-8d89-d3d013e8427e.jpg,True
152,152,152,152,/content/dataset/shared_dataset_seed9517/images/test/152/a6c1d485-eeef-43be-bbe3-8228f013bedc.jpg,True
152,152,152,152,/content/dataset/shared_dataset_seed9517/images/test/152/bd6e0c2b-ecd4-4598-8316-9f3e78363663.jpg,True
152,150,152,150,/content/dataset/shared_dataset_seed9517/images/test/152/c2b06cb5-cb2d-4986-ae3e-39ffa1ca2268.jpg,False
152,152,152,152,/content/dataset/shared_dataset_seed9517/images/test/152/dd7a7937-f65a-428b-92df-5311d0e6db7a.jpg,True
152,152,152,152,/content/dataset/shared_dataset_seed9517/images/test/152/f54d4037-2227-495f-b53d-a5f5dfd4cdeb.jpg,True
153,182,153,182,/content/dataset/shared_dataset_seed9517/images/test/153/01a18826-7382-4292-a950-a0ad1e661a1e.jpg,False
153,153,153,153,/content/dataset/shared_dataset_seed9517/images/test/153/041e08a9-6743-43c8-8b56-d41099ab8617.jpg,True
153,153,153,153,/content/dataset/shared_dataset_seed9517/images/test/153/5ffa3a43-8aa1-4d29-bfdb-d55f4325d6d3.jpg,True
153,203,153,203,/content/dataset/shared_dataset_seed9517/images/test/153/62bcf43a-f341-4f9b-ac6c-8919c7baacfb.jpg,False
153,416,153,416,/content/dataset/shared_dataset_seed9517/images/test/153/8f21e4e3-352b-4a60-8b24-d4c3e0cc7731.jpg,False
153,153,153,153,/content/dataset/shared_dataset_seed9517/images/test/153/8fc9a468-e6cb-45ab-87a9-fd5244b02f16.jpg,True
153,153,153,153,/content/dataset/shared_dataset_seed9517/images/test/153/a9f91110-8fce-4bce-81cd-627a679305cc.jpg,True
153,153,153,153,/content/dataset/shared_dataset_seed9517/images/test/153/cbd0ffee-ea87-43c7-a8de-5753e8cf7b4e.jpg,True
153,154,153,154,/content/dataset/shared_dataset_seed9517/images/test/153/e50deb16-0973-4d3b-a60a-e13c0293ce55.jpg,False
153,153,153,153,/content/dataset/shared_dataset_seed9517/images/test/153/f9224e17-3c57-437d-bd00-1187124fc3ad.jpg,True
154,154,154,154,/content/dataset/shared_dataset_seed9517/images/test/154/05dc5e90-3272-4866-bbba-b579fd300e5d.jpg,True
154,153,154,153,/content/dataset/shared_dataset_seed9517/images/test/154/05fdd097-aa0f-406c-9bce-d9ea61b705d1.jpg,False
154,154,154,154,/content/dataset/shared_dataset_seed9517/images/test/154/16fa9507-ca6d-4033-bf26-4e0771b48b2c.jpg,True
154,154,154,154,/content/dataset/shared_dataset_seed9517/images/test/154/1f3d65ac-3890-4d6c-a1e8-688de0cd36cb.jpg,True
154,154,154,154,/content/dataset/shared_dataset_seed9517/images/test/154/27349bbe-c3c0-42bd-b601-6198d7222fb1.jpg,True
154,153,154,153,/content/dataset/shared_dataset_seed9517/images/test/154/40667769-335f-47eb-93d7-0a255a26d128.jpg,False
154,154,154,154,/content/dataset/shared_dataset_seed9517/images/test/154/a0a31689-3844-4015-b16e-9df9b6fa2965.jpg,True
154,154,154,154,/content/dataset/shared_dataset_seed9517/images/test/154/a5351356-1d27-47f7-ad7c-579482d3036b.jpg,True
154,154,154,154,/content/dataset/shared_dataset_seed9517/images/test/154/db657cfa-7131-4144-895e-91b7468f9e51.jpg,True
154,154,154,154,/content/dataset/shared_dataset_seed9517/images/test/154/e973434d-58b0-43f7-90d3-331ed0ba1e91.jpg,True
155,155,155,155,/content/dataset/shared_dataset_seed9517/images/test/155/2c1b85a4-694d-466d-9831-ffeccffa7094.jpg,True
155,155,155,155,/content/dataset/shared_dataset_seed9517/images/test/155/3866f333-644e-430f-a5a7-0de5d0d26f27.jpg,True
155,155,155,155,/content/dataset/shared_dataset_seed9517/images/test/155/39de7c13-0a26-4fe2-ba9c-87096f8ff191.jpg,True
155,165,155,165,/content/dataset/shared_dataset_seed9517/images/test/155/3f5d16a4-cc42-4b82-9340-42e1d98975ba.jpg,False
155,155,155,155,/content/dataset/shared_dataset_seed9517/images/test/155/43dd3acd-05fa-4c88-950e-c07f58145b60.jpg,True
155,155,155,155,/content/dataset/shared_dataset_seed9517/images/test/155/4c9ad26f-92f5-4952-9443-121fcc4ee14f.jpg,True
155,156,155,156,/content/dataset/shared_dataset_seed9517/images/test/155/6833b1b8-2ee3-4c85-89d7-c108ad3be06b.jpg,False
155,223,155,223,/content/dataset/shared_dataset_seed9517/images/test/155/7cd796e0-aa40-4d34-b42e-e0b55a4879cd.jpg,False
155,155,155,155,/content/dataset/shared_dataset_seed9517/images/test/155/82a229a1-db56-442e-a18d-9679ca4c69fa.jpg,True
155,156,155,156,/content/dataset/shared_dataset_seed9517/images/test/155/de996d94-4d26-48ce-80e8-fa3f2a1557dc.jpg,False
156,156,156,156,/content/dataset/shared_dataset_seed9517/images/test/156/111e51ff-a1e6-4c3c-8b94-4597c9440583.jpg,True
156,156,156,156,/content/dataset/shared_dataset_seed9517/images/test/156/15c22595-a199-4fa2-b9de-06ffbe7b21ea.jpg,True
156,156,156,156,/content/dataset/shared_dataset_seed9517/images/test/156/2bc63049-96ea-4d54-a50a-feaf1854e9e2.jpg,True
156,156,156,156,/content/dataset/shared_dataset_seed9517/images/test/156/4adadc10-03dd-4243-9588-a3b0acbec765.jpg,True
156,156,156,156,/content/dataset/shared_dataset_seed9517/images/test/156/4db53458-476f-4582-a9c0-249d425c6cc4.jpg,True
156,156,156,156,/content/dataset/shared_dataset_seed9517/images/test/156/5a797d4a-c256-4bf7-841f-b37c0107e8d4.jpg,True
156,156,156,156,/content/dataset/shared_dataset_seed9517/images/test/156/8987a474-82d5-407e-ba86-7e71b6c0b28d.jpg,True
156,156,156,156,/content/dataset/shared_dataset_seed9517/images/test/156/8a596c65-2a7a-4e54-a333-08db055843e6.jpg,True
156,156,156,156,/content/dataset/shared_dataset_seed9517/images/test/156/e080e8f5-4324-4c06-b26d-b22196b49816.jpg,True
156,156,156,156,/content/dataset/shared_dataset_seed9517/images/test/156/f1ba1c60-fbee-4b1d-8987-53240cfdc12a.jpg,True
157,157,157,157,/content/dataset/shared_dataset_seed9517/images/test/157/0939e8a7-abf2-4f84-8492-5942d42ca877.jpg,True
157,157,157,157,/content/dataset/shared_dataset_seed9517/images/test/157/234d7622-77da-469b-a4cc-b39fbcc7977d.jpg,True
157,157,157,157,/content/dataset/shared_dataset_seed9517/images/test/157/3294a323-149b-4a72-8b05-74ef9e7e2890.jpg,True
157,157,157,157,/content/dataset/shared_dataset_seed9517/images/test/157/85b54f0b-b48d-4851-b279-6b5be80ab4fc.jpg,True
157,157,157,157,/content/dataset/shared_dataset_seed9517/images/test/157/88588a4d-8e89-4c2f-bcf1-93677cf7465e.jpg,True
157,193,157,193,/content/dataset/shared_dataset_seed9517/images/test/157/89cf177e-9875-41c9-ae7c-8278a84682b9.jpg,False
157,165,157,165,/content/dataset/shared_dataset_seed9517/images/test/157/b70477fa-7342-41df-bde1-d00dfe77b369.jpg,False
157,157,157,157,/content/dataset/shared_dataset_seed9517/images/test/157/cfad88f0-1505-4b92-ba93-251d91cf3479.jpg,True
157,157,157,157,/content/dataset/shared_dataset_seed9517/images/test/157/d41e0850-491f-4c56-9393-edbfccc7dda2.jpg,True
157,157,157,157,/content/dataset/shared_dataset_seed9517/images/test/157/ee07730e-c924-4206-bdb6-827f25b60b7a.jpg,True
158,158,158,158,/content/dataset/shared_dataset_seed9517/images/test/158/0cbbd008-2580-43c0-9ee0-1ff83ae56717.jpg,True
158,158,158,158,/content/dataset/shared_dataset_seed9517/images/test/158/1b026463-b49c-4406-958b-22d6d161663e.jpg,True
158,158,158,158,/content/dataset/shared_dataset_seed9517/images/test/158/3055bd8e-035a-4c4f-8bf8-a3c94d63d631.jpg,True
158,158,158,158,/content/dataset/shared_dataset_seed9517/images/test/158/40feb23b-ce48-49f2-a642-3b48076c6fd0.jpg,True
158,161,158,161,/content/dataset/shared_dataset_seed9517/images/test/158/5b019c59-3392-49f8-bff2-de0036e4e40b.jpg,False
158,158,158,158,/content/dataset/shared_dataset_seed9517/images/test/158/6437c60c-029f-4475-b317-6608799ad8d6.jpg,True
158,177,158,177,/content/dataset/shared_dataset_seed9517/images/test/158/6635eead-c7f3-4716-b2a6-2f2de73506d4.jpg,False
158,158,158,158,/content/dataset/shared_dataset_seed9517/images/test/158/75042d71-fd41-4a48-9e90-257f5dee12fc.jpg,True
158,158,158,158,/content/dataset/shared_dataset_seed9517/images/test/158/daa25d1b-89f3-4846-9242-300f9fb8bf49.jpg,True
158,158,158,158,/content/dataset/shared_dataset_seed9517/images/test/158/fff9f411-0ea7-4387-8510-038f3338db8a.jpg,True
159,156,159,156,/content/dataset/shared_dataset_seed9517/images/test/159/06a2ddd6-0957-4be9-8a43-35e01638c157.jpg,False
159,178,159,178,/content/dataset/shared_dataset_seed9517/images/test/159/11c1eff4-bb8f-4ad3-a9d2-9e59e410b2be.jpg,False
159,159,159,159,/content/dataset/shared_dataset_seed9517/images/test/159/27265e96-f261-47ab-a1a9-71ea50ad15dd.jpg,True
159,159,159,159,/content/dataset/shared_dataset_seed9517/images/test/159/5e116338-ea30-4641-8563-2543a486fd14.jpg,True
159,168,159,168,/content/dataset/shared_dataset_seed9517/images/test/159/772add61-01d7-49d2-8da8-d2a14f368fa9.jpg,False
159,159,159,159,/content/dataset/shared_dataset_seed9517/images/test/159/8e5369b7-0ca7-407f-b32b-b8e06271915a.jpg,True
159,227,159,227,/content/dataset/shared_dataset_seed9517/images/test/159/a3b01c50-121a-4cb4-ae87-92980a9af439.jpg,False
159,159,159,159,/content/dataset/shared_dataset_seed9517/images/test/159/dd8d860f-3e88-4923-9106-bfc0842d8547.jpg,True
159,159,159,159,/content/dataset/shared_dataset_seed9517/images/test/159/e5a2d705-0d42-4630-a360-3a128d627db5.jpg,True
159,159,159,159,/content/dataset/shared_dataset_seed9517/images/test/159/f2d6a0a5-f3f5-444a-a419-fb4e618443f5.jpg,True
160,161,160,161,/content/dataset/shared_dataset_seed9517/images/test/160/1c1a50e0-7c22-4800-87ec-1f591a967587.jpg,False
160,163,160,163,/content/dataset/shared_dataset_seed9517/images/test/160/3282027b-6c27-4a18-858c-630c6246371f.jpg,False
160,160,160,160,/content/dataset/shared_dataset_seed9517/images/test/160/4e5bf5a0-6ad9-429d-9848-b4e8010c3362.jpg,True
160,161,160,161,/content/dataset/shared_dataset_seed9517/images/test/160/54467c3b-2eb8-44e8-888c-fcea9024c37b.jpg,False
160,163,160,163,/content/dataset/shared_dataset_seed9517/images/test/160/71bfecc9-fa2f-491e-b68c-6415d69d72d4.jpg,False
160,162,160,162,/content/dataset/shared_dataset_seed9517/images/test/160/76a53627-e739-4dee-a246-9eb2a4944182.jpg,False
160,163,160,163,/content/dataset/shared_dataset_seed9517/images/test/160/77e875d7-dd12-4e4a-9433-32bea2116984.jpg,False
160,151,160,151,/content/dataset/shared_dataset_seed9517/images/test/160/aaa92392-f5be-49ef-8220-8529f0df9705.jpg,False
160,161,160,161,/content/dataset/shared_dataset_seed9517/images/test/160/e056e1aa-8231-44bb-b89f-5ccc80bc088b.jpg,False
160,162,160,162,/content/dataset/shared_dataset_seed9517/images/test/160/f67c48fa-86db-4956-861d-8bb45f008036.jpg,False
161,161,161,161,/content/dataset/shared_dataset_seed9517/images/test/161/185f5d68-7b6e-4f76-9f76-1e975891079d.jpg,True
161,160,161,160,/content/dataset/shared_dataset_seed9517/images/test/161/2e19e6ad-0961-4acb-a354-29cc7a92ce4f.jpg,False
161,160,161,160,/content/dataset/shared_dataset_seed9517/images/test/161/5393aed5-9960-4106-8604-af7f658cbd97.jpg,False
161,161,161,161,/content/dataset/shared_dataset_seed9517/images/test/161/6023e79c-3da4-42d0-b709-c4df79138a40.jpg,True
161,162,161,162,/content/dataset/shared_dataset_seed9517/images/test/161/65bad439-1763-46d8-9b27-3245f81653b0.jpg,False
161,152,161,152,/content/dataset/shared_dataset_seed9517/images/test/161/724adb40-b05d-4b6c-994c-52cde5bc1145.jpg,False
161,161,161,161,/content/dataset/shared_dataset_seed9517/images/test/161/86d223d3-23ed-46eb-a051-9a14d2687427.jpg,True
161,162,161,162,/content/dataset/shared_dataset_seed9517/images/test/161/9953c5b8-fcc6-40cb-9389-411c7cb32fac.jpg,False
161,162,161,162,/content/dataset/shared_dataset_seed9517/images/test/161/b3530d17-727e-4764-95b1-ad381c33c92b.jpg,False
161,149,161,149,/content/dataset/shared_dataset_seed9517/images/test/161/bcbae826-c16d-4097-b7b0-3d192f957fa9.jpg,False
162,163,162,163,/content/dataset/shared_dataset_seed9517/images/test/162/05f47de1-88d2-413f-9eec-4a16fb49cd5a.jpg,False
162,163,162,163,/content/dataset/shared_dataset_seed9517/images/test/162/503220e3-cbb4-425e-9944-e1f22fd7b20a.jpg,False
162,163,162,163,/content/dataset/shared_dataset_seed9517/images/test/162/541fb741-8130-4ac2-b869-c3eb0be1db96.jpg,False
162,162,162,162,/content/dataset/shared_dataset_seed9517/images/test/162/5a1ae2a6-0a47-45f9-af20-4f71154636d9.jpg,True
162,161,162,161,/content/dataset/shared_dataset_seed9517/images/test/162/70205756-33aa-4d86-b3a8-d36b7b411b22.jpg,False
162,165,162,165,/content/dataset/shared_dataset_seed9517/images/test/162/73958a98-bd2a-44ae-a180-d7c9ae93358e.jpg,False
162,163,162,163,/content/dataset/shared_dataset_seed9517/images/test/162/7f66635a-27e9-41ab-bb2d-c4cc9f8908c3.jpg,False
162,178,162,178,/content/dataset/shared_dataset_seed9517/images/test/162/864f6702-d597-404a-ad8e-d02a56445c61.jpg,False
162,163,162,163,/content/dataset/shared_dataset_seed9517/images/test/162/a5ee8eec-0d50-4e38-a375-278bd577e0f7.jpg,False
162,162,162,162,/content/dataset/shared_dataset_seed9517/images/test/162/f6a99847-7b4c-4104-846e-ae4aaa4f58bd.jpg,True
163,163,163,163,/content/dataset/shared_dataset_seed9517/images/test/163/28d6fe07-ce13-49c8-86ac-95aad9d155d4.jpg,True
163,160,163,160,/content/dataset/shared_dataset_seed9517/images/test/163/3bc85f43-97ec-4eb5-b12f-299221e1f68f.jpg,False
163,160,163,160,/content/dataset/shared_dataset_seed9517/images/test/163/493609a5-e3f2-4606-8257-2cf5b47c5460.jpg,False
163,163,163,163,/content/dataset/shared_dataset_seed9517/images/test/163/6dc9785e-0c14-4480-b0bd-7661b2229eca.jpg,True
163,226,163,226,/content/dataset/shared_dataset_seed9517/images/test/163/75b6533a-8f12-4c25-9341-3d9f6498c2fd.jpg,False
163,163,163,163,/content/dataset/shared_dataset_seed9517/images/test/163/b4523c80-3964-48d2-8108-119940039228.jpg,True
163,163,163,163,/content/dataset/shared_dataset_seed9517/images/test/163/e20d2695-f96e-426f-aed2-2b6cf0766e0b.jpg,True
163,162,163,162,/content/dataset/shared_dataset_seed9517/images/test/163/e2510e0f-8f2e-4e2e-b450-cc81cda436ed.jpg,False
163,163,163,163,/content/dataset/shared_dataset_seed9517/images/test/163/ea6ee903-2962-4f5e-b1c9-04bd1c83e096.jpg,True
163,163,163,163,/content/dataset/shared_dataset_seed9517/images/test/163/f4ab6c29-aabe-4c0a-ae14-c77d95b4a8d5.jpg,True
164,164,164,164,/content/dataset/shared_dataset_seed9517/images/test/164/657155bd-a963-474a-95e2-0a6ad19cca55.jpg,True
164,164,164,164,/content/dataset/shared_dataset_seed9517/images/test/164/96e3692c-3e42-4df8-99ff-4cbea5eb4fe7.jpg,True
164,164,164,164,/content/dataset/shared_dataset_seed9517/images/test/164/a5eac327-9741-48c7-8706-7b2207bed3b5.jpg,True
164,164,164,164,/content/dataset/shared_dataset_seed9517/images/test/164/aff60481-bed8-4d66-8254-2049947eb0b3.jpg,True
164,164,164,164,/content/dataset/shared_dataset_seed9517/images/test/164/b37db330-e586-4f78-94df-d8fbd5cb1a2c.jpg,True
164,164,164,164,/content/dataset/shared_dataset_seed9517/images/test/164/b5b57dde-8ba2-4be9-a493-f7b58a112e15.jpg,True
164,164,164,164,/content/dataset/shared_dataset_seed9517/images/test/164/c3cc8c9f-08bb-4d6f-90b5-8bb3e457e9d2.jpg,True
164,157,164,157,/content/dataset/shared_dataset_seed9517/images/test/164/f2cea325-baa3-44bf-ada0-1014eed69a12.jpg,False
164,164,164,164,/content/dataset/shared_dataset_seed9517/images/test/164/f3f1be67-8f73-4304-8354-47faff6df2c8.jpg,True
164,164,164,164,/content/dataset/shared_dataset_seed9517/images/test/164/f99af78e-a288-4526-8186-a738b6eca1c7.jpg,True
165,165,165,165,/content/dataset/shared_dataset_seed9517/images/test/165/5ac9ecb4-d0a3-490e-8e56-adc2f0712148.jpg,True
165,165,165,165,/content/dataset/shared_dataset_seed9517/images/test/165/5b7271b9-c626-4528-b9d2-6bb4eae5c765.jpg,True
165,156,165,156,/content/dataset/shared_dataset_seed9517/images/test/165/5d956527-62f8-4aca-a0d6-620b69567abc.jpg,False
165,165,165,165,/content/dataset/shared_dataset_seed9517/images/test/165/603f17ae-c4a7-4701-ac91-191256763f84.jpg,True
165,165,165,165,/content/dataset/shared_dataset_seed9517/images/test/165/63166d00-891b-429a-b046-317544eb8d85.jpg,True
165,165,165,165,/content/dataset/shared_dataset_seed9517/images/test/165/8a6a75e3-adb2-4ff8-b0c0-488f17a3dac6.jpg,True
165,165,165,165,/content/dataset/shared_dataset_seed9517/images/test/165/a3472ea4-46a5-4f0e-93a0-5b1340401afc.jpg,True
165,165,165,165,/content/dataset/shared_dataset_seed9517/images/test/165/af7e5e12-5208-48a6-bfb6-b40072c70eb7.jpg,True
165,165,165,165,/content/dataset/shared_dataset_seed9517/images/test/165/c2b5ba74-ee11-4348-823a-de1183dbab48.jpg,True
165,165,165,165,/content/dataset/shared_dataset_seed9517/images/test/165/fef766f5-72dc-4d79-a52c-bee9f4417b1d.jpg,True
166,166,166,166,/content/dataset/shared_dataset_seed9517/images/test/166/0439dd12-ea4b-4bef-bd09-c2faca509de2.jpg,True
166,166,166,166,/content/dataset/shared_dataset_seed9517/images/test/166/21e88573-ad25-480d-8c50-1bda129e51bb.jpg,True
166,206,166,206,/content/dataset/shared_dataset_seed9517/images/test/166/28782dff-9f44-4b3e-a5a9-a479b59d0902.jpg,False
166,166,166,166,/content/dataset/shared_dataset_seed9517/images/test/166/3c6a9ef1-fff0-4917-a1bf-785f24b99f75.jpg,True
166,166,166,166,/content/dataset/shared_dataset_seed9517/images/test/166/7279cfce-33cf-4609-b738-899e7600aa49.jpg,True
166,173,166,173,/content/dataset/shared_dataset_seed9517/images/test/166/8466ea02-b029-4028-975a-b62e558ff6d6.jpg,False
166,208,166,208,/content/dataset/shared_dataset_seed9517/images/test/166/93afc85b-0c14-434f-b4cb-98f7af4b0698.jpg,False
166,166,166,166,/content/dataset/shared_dataset_seed9517/images/test/166/a50e43f3-2c4e-42a3-b72f-ca63be54e217.jpg,True
166,166,166,166,/content/dataset/shared_dataset_seed9517/images/test/166/cb5b46ab-9c18-439d-b998-4ed115bab8e0.jpg,True
166,176,166,176,/content/dataset/shared_dataset_seed9517/images/test/166/f7b2dbd4-4aad-4e99-a566-f9f6b6d685ad.jpg,False
167,167,167,167,/content/dataset/shared_dataset_seed9517/images/test/167/0250a092-3d44-4f61-b1ff-79d13034ff27.jpg,True
167,167,167,167,/content/dataset/shared_dataset_seed9517/images/test/167/0580fbb2-77fc-40af-94f0-256f0fa9590a.jpg,True
167,167,167,167,/content/dataset/shared_dataset_seed9517/images/test/167/24b99ba7-2688-4e09-9311-729d3834aea5.jpg,True
167,167,167,167,/content/dataset/shared_dataset_seed9517/images/test/167/37d97669-ad43-4c39-88c0-a53d1d1d4221.jpg,True
167,167,167,167,/content/dataset/shared_dataset_seed9517/images/test/167/727710d0-c4f1-4da9-88e3-2573bd525199.jpg,True
167,167,167,167,/content/dataset/shared_dataset_seed9517/images/test/167/8c374c45-3648-4011-845b-aac3cf2a96d1.jpg,True
167,167,167,167,/content/dataset/shared_dataset_seed9517/images/test/167/b433b3bf-b79e-4eb4-9761-5fc3c6fd046a.jpg,True
167,167,167,167,/content/dataset/shared_dataset_seed9517/images/test/167/b82395b2-a355-42e9-92d2-48b2c479b2f2.jpg,True
167,167,167,167,/content/dataset/shared_dataset_seed9517/images/test/167/bdff86af-027f-46ab-bcfc-dc3dfc3e16d8.jpg,True
167,167,167,167,/content/dataset/shared_dataset_seed9517/images/test/167/f24ae8ed-5c06-404e-9ad1-b0585e735d52.jpg,True
168,168,168,168,/content/dataset/shared_dataset_seed9517/images/test/168/0a888b05-2817-43d0-89c7-e29596927f7a.jpg,True
168,168,168,168,/content/dataset/shared_dataset_seed9517/images/test/168/2a8aaf71-5ae2-455e-a544-3dc693e75802.jpg,True
168,168,168,168,/content/dataset/shared_dataset_seed9517/images/test/168/4daf3ddd-b1e0-40f0-9528-e3a28a9e4f09.jpg,True
168,168,168,168,/content/dataset/shared_dataset_seed9517/images/test/168/52a45d64-6b78-4949-9bfe-a07ad48b8905.jpg,True
168,168,168,168,/content/dataset/shared_dataset_seed9517/images/test/168/6785f79b-dd46-429e-be7a-70fa151ba3e2.jpg,True
168,168,168,168,/content/dataset/shared_dataset_seed9517/images/test/168/8731fbcd-331c-45ad-a700-c1f79280e095.jpg,True
168,168,168,168,/content/dataset/shared_dataset_seed9517/images/test/168/8b897a23-8436-4abc-a066-3f582e77b3fa.jpg,True
168,168,168,168,/content/dataset/shared_dataset_seed9517/images/test/168/8cc1beb3-26f9-49c1-af17-42bc42ab4abb.jpg,True
168,168,168,168,/content/dataset/shared_dataset_seed9517/images/test/168/a44c133b-dd46-48a3-b593-74a1c6faa090.jpg,True
168,168,168,168,/content/dataset/shared_dataset_seed9517/images/test/168/c769860d-e2cd-4525-b908-dfee7e579ecb.jpg,True
169,169,169,169,/content/dataset/shared_dataset_seed9517/images/test/169/2066703b-c0a1-40aa-abaa-67f106c91bef.jpg,True
169,195,169,195,/content/dataset/shared_dataset_seed9517/images/test/169/2dc089cc-76bf-4f45-8dd9-14e26a0d29a8.jpg,False
169,169,169,169,/content/dataset/shared_dataset_seed9517/images/test/169/4d6e0fbf-e7ea-4f7f-b32b-34906dd5b783.jpg,True
169,218,169,218,/content/dataset/shared_dataset_seed9517/images/test/169/52df0153-e9ee-4530-9175-0f45aa1d28b9.jpg,False
169,152,169,152,/content/dataset/shared_dataset_seed9517/images/test/169/6e8c1dbf-9503-455e-b1da-9204de0c5a69.jpg,False
169,169,169,169,/content/dataset/shared_dataset_seed9517/images/test/169/a732b6fb-e1ad-482b-bca8-225720da99a4.jpg,True
169,169,169,169,/content/dataset/shared_dataset_seed9517/images/test/169/ac27472b-f106-43f3-a786-53cd9962b7ec.jpg,True
169,169,169,169,/content/dataset/shared_dataset_seed9517/images/test/169/d3580e5a-998d-4297-96d1-d863ed5f71bb.jpg,True
169,169,169,169,/content/dataset/shared_dataset_seed9517/images/test/169/f57253a9-3d99-4f2c-9125-8123814a23bd.jpg,True
169,169,169,169,/content/dataset/shared_dataset_seed9517/images/test/169/fb17cc84-a9db-420b-8a6b-b301abd5b4a4.jpg,True
170,170,170,170,/content/dataset/shared_dataset_seed9517/images/test/170/1463ce78-7fe1-48ce-9879-150817e12729.jpg,True
170,208,170,208,/content/dataset/shared_dataset_seed9517/images/test/170/3c8981e1-9e53-4a4e-b7a5-25acf572edd5.jpg,False
170,170,170,170,/content/dataset/shared_dataset_seed9517/images/test/170/604f9604-6092-4bbb-b140-8de8f0aa6176.jpg,True
170,170,170,170,/content/dataset/shared_dataset_seed9517/images/test/170/9009c72c-ea12-46a5-bf17-52683076b74b.jpg,True
170,190,170,190,/content/dataset/shared_dataset_seed9517/images/test/170/9b2ba9f6-8237-431a-8984-3f4c03b8398b.jpg,False
170,190,170,190,/content/dataset/shared_dataset_seed9517/images/test/170/ad6d87e3-b85a-4691-9836-4563019c8645.jpg,False
170,170,170,170,/content/dataset/shared_dataset_seed9517/images/test/170/bcd182cf-9915-4e97-9bbb-028bca3b24fc.jpg,True
170,170,170,170,/content/dataset/shared_dataset_seed9517/images/test/170/c0c01146-7b7a-4023-bf78-0ec9ee4fa5c6.jpg,True
170,41,170,41,/content/dataset/shared_dataset_seed9517/images/test/170/ec189d92-3acd-4eb8-928c-27a8d8fb5bc6.jpg,False
170,170,170,170,/content/dataset/shared_dataset_seed9517/images/test/170/fec839f3-7396-41e0-aca6-120c7eac9b71.jpg,True
171,445,171,445,/content/dataset/shared_dataset_seed9517/images/test/171/030f6f1c-ff8f-423f-9999-e41bd72154f6.jpg,False
171,64,171,64,/content/dataset/shared_dataset_seed9517/images/test/171/0c7b7eb8-b0dc-4f2e-aab5-663628b9eab2.jpg,False
171,171,171,171,/content/dataset/shared_dataset_seed9517/images/test/171/21cf870f-3fc1-4a39-901e-d9a27448546b.jpg,True
171,171,171,171,/content/dataset/shared_dataset_seed9517/images/test/171/5ffb3362-c9e7-472d-a083-dd093e546a47.jpg,True
171,488,171,488,/content/dataset/shared_dataset_seed9517/images/test/171/6eba52c1-8a88-4869-809f-bf0a1ab56991.jpg,False
171,171,171,171,/content/dataset/shared_dataset_seed9517/images/test/171/82e2e9cf-2ce6-43f7-b4a4-d99a7bb10635.jpg,True
171,171,171,171,/content/dataset/shared_dataset_seed9517/images/test/171/a8063096-6ac9-40af-9aed-b547c4cfe2ff.jpg,True
171,171,171,171,/content/dataset/shared_dataset_seed9517/images/test/171/db98475d-93fe-40a0-a98a-8e75782aa0ae.jpg,True
171,171,171,171,/content/dataset/shared_dataset_seed9517/images/test/171/e2fe56dd-62bf-4966-8ecf-28ade166f194.jpg,True
171,487,171,487,/content/dataset/shared_dataset_seed9517/images/test/171/f174c682-0919-4c03-8c85-dc036d80fb7d.jpg,False
172,172,172,172,/content/dataset/shared_dataset_seed9517/images/test/172/071225d3-4027-4a40-951c-3998a6e01436.jpg,True
172,172,172,172,/content/dataset/shared_dataset_seed9517/images/test/172/26bae480-860d-4f0c-b1c7-4880a08d1012.jpg,True
172,393,172,393,/content/dataset/shared_dataset_seed9517/images/test/172/3be61c9e-e288-4a06-bc7a-e0c0880bd69d.jpg,False
172,182,172,182,/content/dataset/shared_dataset_seed9517/images/test/172/444f4677-af23-43f3-bee3-35bf19e7ad0f.jpg,False
172,162,172,162,/content/dataset/shared_dataset_seed9517/images/test/172/64e27990-baef-4668-afc7-e5386fb58f9a.jpg,False
172,172,172,172,/content/dataset/shared_dataset_seed9517/images/test/172/673bbd52-13e3-41ea-8e85-63fa0e91690d.jpg,True
172,172,172,172,/content/dataset/shared_dataset_seed9517/images/test/172/7d9f2a02-2ef5-4bfb-9073-27e7575812eb.jpg,True
172,172,172,172,/content/dataset/shared_dataset_seed9517/images/test/172/b0f59e02-ee68-4995-8e72-e80271129691.jpg,True
172,223,172,223,/content/dataset/shared_dataset_seed9517/images/test/172/d560fc5b-437c-4e60-a8f4-81205ae0e97f.jpg,False
172,172,172,172,/content/dataset/shared_dataset_seed9517/images/test/172/f6baf744-8d99-498e-bd24-a614378da5e6.jpg,True
173,180,173,180,/content/dataset/shared_dataset_seed9517/images/test/173/0fcedbda-16a7-4cb0-83b1-0659c76b62bf.jpg,False
173,173,173,173,/content/dataset/shared_dataset_seed9517/images/test/173/17ed0f48-960f-42c0-931f-f3f3cbce7cba.jpg,True
173,211,173,211,/content/dataset/shared_dataset_seed9517/images/test/173/2f098ac6-3cba-46a6-bc62-e477a85ee3c1.jpg,False
173,173,173,173,/content/dataset/shared_dataset_seed9517/images/test/173/38022ca9-3af2-474b-bb53-6a00f567738b.jpg,True
173,172,173,172,/content/dataset/shared_dataset_seed9517/images/test/173/5dcad0e2-a06b-4252-bab7-20b9f0a916f5.jpg,False
173,173,173,173,/content/dataset/shared_dataset_seed9517/images/test/173/8d34ebe3-bd2a-4c4f-bf43-09e3299f97b4.jpg,True
173,195,173,195,/content/dataset/shared_dataset_seed9517/images/test/173/9980fe56-a4a1-4fd3-903d-1a89194f5726.jpg,False
173,203,173,203,/content/dataset/shared_dataset_seed9517/images/test/173/bd32c6b4-0512-443d-93c3-d4b98fbe2948.jpg,False
173,173,173,173,/content/dataset/shared_dataset_seed9517/images/test/173/c07debee-f1d3-42da-a800-f5b2e54f6d8b.jpg,True
173,201,173,201,/content/dataset/shared_dataset_seed9517/images/test/173/c3d9de4a-af8b-4282-abff-22a775ac0076.jpg,False
174,174,174,174,/content/dataset/shared_dataset_seed9517/images/test/174/6c1484e9-d119-4998-8713-056957c8a99a.jpg,True
174,174,174,174,/content/dataset/shared_dataset_seed9517/images/test/174/6e438811-8764-4259-8716-cb4f5f76f943.jpg,True
174,174,174,174,/content/dataset/shared_dataset_seed9517/images/test/174/8908fb33-2ee9-4a1f-bfe7-cbc9a8a60003.jpg,True
174,174,174,174,/content/dataset/shared_dataset_seed9517/images/test/174/9cd0e81c-78f9-483b-b322-d557bdde00b5.jpg,True
174,174,174,174,/content/dataset/shared_dataset_seed9517/images/test/174/a31ebbc4-bc08-4ef9-a88f-a0e26d8cca4e.jpg,True
174,226,174,226,/content/dataset/shared_dataset_seed9517/images/test/174/ab163684-b61b-4d73-aa0d-b4f707e0388d.jpg,False
174,172,174,172,/content/dataset/shared_dataset_seed9517/images/test/174/bd2e61bd-eb85-401f-bc36-40a6e04db4be.jpg,False
174,174,174,174,/content/dataset/shared_dataset_seed9517/images/test/174/e6bd20cd-4cee-4194-9486-ae9d868be362.jpg,True
174,174,174,174,/content/dataset/shared_dataset_seed9517/images/test/174/ff812350-8dda-4cbf-8f51-5e1e729ac469.jpg,True
174,174,174,174,/content/dataset/shared_dataset_seed9517/images/test/174/ffba760c-54c9-4832-8bbb-443cb325e7f5.jpg,True
175,353,175,353,/content/dataset/shared_dataset_seed9517/images/test/175/1f63b078-aff2-4dc9-9c6d-42c36b84581a.jpg,False
175,175,175,175,/content/dataset/shared_dataset_seed9517/images/test/175/2748969c-855b-4601-95e6-d1b738f07c18.jpg,True
175,370,175,370,/content/dataset/shared_dataset_seed9517/images/test/175/29fd67cd-c5e5-4812-b7ff-d44231aadea4.jpg,False
175,175,175,175,/content/dataset/shared_dataset_seed9517/images/test/175/42e92cf0-9eb3-4562-9f5b-a983e6505b8a.jpg,True
175,158,175,158,/content/dataset/shared_dataset_seed9517/images/test/175/53a204ba-41f3-4b06-b8a7-bb376be57587.jpg,False
175,175,175,175,/content/dataset/shared_dataset_seed9517/images/test/175/589780f1-2994-4d91-a592-d6a5c149dfbb.jpg,True
175,175,175,175,/content/dataset/shared_dataset_seed9517/images/test/175/93c47efe-8cdd-40a2-b29d-8fea5050b0c5.jpg,True
175,175,175,175,/content/dataset/shared_dataset_seed9517/images/test/175/95ea94cd-c5ef-423f-bf72-1ecff9492de3.jpg,True
175,188,175,188,/content/dataset/shared_dataset_seed9517/images/test/175/b0e03fcd-c630-4579-8b5f-d82db193f03d.jpg,False
175,175,175,175,/content/dataset/shared_dataset_seed9517/images/test/175/dfb86594-dbb6-4955-b29d-3cc7b15654c8.jpg,True
176,201,176,201,/content/dataset/shared_dataset_seed9517/images/test/176/134396ac-4ce6-466f-92e2-9d0b381618bb.jpg,False
176,176,176,176,/content/dataset/shared_dataset_seed9517/images/test/176/2b67672e-87bf-4ca2-b6e3-7ba03e690f17.jpg,True
176,176,176,176,/content/dataset/shared_dataset_seed9517/images/test/176/3cc07335-a7da-48c2-ada8-1920800711e9.jpg,True
176,183,176,183,/content/dataset/shared_dataset_seed9517/images/test/176/495ea09c-4cd8-4b42-b0ff-d41b9cafe80d.jpg,False
176,177,176,177,/content/dataset/shared_dataset_seed9517/images/test/176/70668b45-22db-423f-ace4-86678b8fcabe.jpg,False
176,201,176,201,/content/dataset/shared_dataset_seed9517/images/test/176/9528f548-fd2f-4229-9109-5a3ee7e2694d.jpg,False
176,186,176,186,/content/dataset/shared_dataset_seed9517/images/test/176/c98fc44f-3f4b-4303-a36d-8ae10ec2d4d1.jpg,False
176,176,176,176,/content/dataset/shared_dataset_seed9517/images/test/176/ddca365e-11ac-4e14-ae0f-8bab0373d9c1.jpg,True
176,176,176,176,/content/dataset/shared_dataset_seed9517/images/test/176/f5fae0c6-e40d-488e-8527-5b0b1451b238.jpg,True
176,176,176,176,/content/dataset/shared_dataset_seed9517/images/test/176/f7c5e2ad-edad-43cc-a763-ade143b4209e.jpg,True
177,195,177,195,/content/dataset/shared_dataset_seed9517/images/test/177/0fcee27f-e76d-4de9-999c-72cfdb1ec5c2.jpg,False
177,211,177,211,/content/dataset/shared_dataset_seed9517/images/test/177/10e1ade6-ee1b-4852-a5a4-9bb3acfe6b3b.jpg,False
177,179,177,179,/content/dataset/shared_dataset_seed9517/images/test/177/142b44aa-1d95-4979-ad96-d6d6123ad529.jpg,False
177,177,177,177,/content/dataset/shared_dataset_seed9517/images/test/177/389222df-cf8a-487a-906f-2a510690ae65.jpg,True
177,41,177,41,/content/dataset/shared_dataset_seed9517/images/test/177/5ef8943b-634a-4327-9b95-57a336005f81.jpg,False
177,177,177,177,/content/dataset/shared_dataset_seed9517/images/test/177/63906a59-73c9-4f4c-891e-fa14a8913974.jpg,True
177,169,177,169,/content/dataset/shared_dataset_seed9517/images/test/177/806c8952-140b-4031-b417-e00a2bc62ad3.jpg,False
177,177,177,177,/content/dataset/shared_dataset_seed9517/images/test/177/a5bb88db-e644-439d-af28-965883f1c3e8.jpg,True
177,177,177,177,/content/dataset/shared_dataset_seed9517/images/test/177/a746186c-3de9-48cb-b809-a614a2253a66.jpg,True
177,177,177,177,/content/dataset/shared_dataset_seed9517/images/test/177/f043a3de-f3b8-40d0-ba3e-5d1163bb1f0f.jpg,True
178,304,178,304,/content/dataset/shared_dataset_seed9517/images/test/178/21d3ba65-9eb6-4a68-b063-e2236f0e2771.jpg,False
178,178,178,178,/content/dataset/shared_dataset_seed9517/images/test/178/44530ec2-ce9c-4a9a-8524-a3c05ca8a144.jpg,True
178,48,178,48,/content/dataset/shared_dataset_seed9517/images/test/178/5e069ffe-91af-4ea2-8395-f6ae8aed0775.jpg,False
178,178,178,178,/content/dataset/shared_dataset_seed9517/images/test/178/80172d23-f29a-4d91-9938-6c8b1d881190.jpg,True
178,177,178,177,/content/dataset/shared_dataset_seed9517/images/test/178/8a172a0e-5718-4919-b96b-0170ff24f131.jpg,False
178,156,178,156,/content/dataset/shared_dataset_seed9517/images/test/178/94c3b511-2580-4a4a-bd65-9854c5fb8dfe.jpg,False
178,179,178,179,/content/dataset/shared_dataset_seed9517/images/test/178/d7668870-46c0-4117-a8a7-94b8ee24759b.jpg,False
178,177,178,177,/content/dataset/shared_dataset_seed9517/images/test/178/edec049f-1bba-4dc5-bbd2-fe4db88d0d84.jpg,False
178,178,178,178,/content/dataset/shared_dataset_seed9517/images/test/178/f9f6d0b6-2154-4e1e-990e-eaa1c428e4c5.jpg,True
178,223,178,223,/content/dataset/shared_dataset_seed9517/images/test/178/fa97a0ae-5dbd-4afb-b325-f24ee729fc90.jpg,False
179,204,179,204,/content/dataset/shared_dataset_seed9517/images/test/179/061c2776-5545-4fb4-aad5-2ee596d8d5e8.jpg,False
179,179,179,179,/content/dataset/shared_dataset_seed9517/images/test/179/08809793-3d29-4dd9-ac95-513291634ef0.jpg,True
179,203,179,203,/content/dataset/shared_dataset_seed9517/images/test/179/1969ce01-2227-4612-8012-55b77ea88992.jpg,False
179,203,179,203,/content/dataset/shared_dataset_seed9517/images/test/179/4abe90da-510c-4ba7-bf38-03c8af8888a1.jpg,False
179,177,179,177,/content/dataset/shared_dataset_seed9517/images/test/179/4dbcc8b8-8ed5-49eb-86e6-c57c2d68a8b3.jpg,False
179,204,179,204,/content/dataset/shared_dataset_seed9517/images/test/179/5eee763d-a0e1-4a9c-a62d-032a0bac7453.jpg,False
179,204,179,204,/content/dataset/shared_dataset_seed9517/images/test/179/7683f035-d48c-4c2a-853b-fd5c86c58671.jpg,False
179,179,179,179,/content/dataset/shared_dataset_seed9517/images/test/179/7a12dce7-0ae7-4ee0-8a4c-767faf9bfecd.jpg,True
179,179,179,179,/content/dataset/shared_dataset_seed9517/images/test/179/d8def115-de29-4a14-80d4-597535ba6066.jpg,True
179,179,179,179,/content/dataset/shared_dataset_seed9517/images/test/179/f395db99-2240-45d6-9a15-62041eef2f5b.jpg,True
180,220,180,220,/content/dataset/shared_dataset_seed9517/images/test/180/181c325d-15a6-4c99-8491-8631291dce01.jpg,False
180,180,180,180,/content/dataset/shared_dataset_seed9517/images/test/180/347b962b-2c5a-44a3-9550-cb4a2037c75e.jpg,True
180,180,180,180,/content/dataset/shared_dataset_seed9517/images/test/180/4ca11532-263e-4d7f-884c-31ce670a89f7.jpg,True
180,180,180,180,/content/dataset/shared_dataset_seed9517/images/test/180/6e46ada7-3ca0-446f-a459-07642e750eed.jpg,True
180,180,180,180,/content/dataset/shared_dataset_seed9517/images/test/180/a466c325-3b56-4628-832c-018638d4f8be.jpg,True
180,174,180,174,/content/dataset/shared_dataset_seed9517/images/test/180/aa2a8b87-342f-42c6-a94d-b658cd2c6306.jpg,False
180,180,180,180,/content/dataset/shared_dataset_seed9517/images/test/180/c8e13777-7aef-4ad8-8e84-a634c9b1ffae.jpg,True
180,180,180,180,/content/dataset/shared_dataset_seed9517/images/test/180/e36b2051-6451-46ca-b4e0-fb9703e61c26.jpg,True
180,178,180,178,/content/dataset/shared_dataset_seed9517/images/test/180/f1020dd5-058a-465a-ac46-77e053962456.jpg,False
180,180,180,180,/content/dataset/shared_dataset_seed9517/images/test/180/f832a4e8-eaaf-4d44-b4bb-8debcc6dc73b.jpg,True
181,181,181,181,/content/dataset/shared_dataset_seed9517/images/test/181/06016b8e-e216-45f6-a1b5-f6590c7d49f0.jpg,True
181,191,181,191,/content/dataset/shared_dataset_seed9517/images/test/181/26d75640-1830-4c75-be85-caf33af7d7a1.jpg,False
181,172,181,172,/content/dataset/shared_dataset_seed9517/images/test/181/31fd641e-dcdf-4df7-93d8-d8878701518a.jpg,False
181,181,181,181,/content/dataset/shared_dataset_seed9517/images/test/181/50753ad7-6f6f-4991-8094-1360f4dc12d6.jpg,True
181,152,181,152,/content/dataset/shared_dataset_seed9517/images/test/181/7362053d-a220-4ac7-b0e6-0971706e8295.jpg,False
181,181,181,181,/content/dataset/shared_dataset_seed9517/images/test/181/9d81c410-b5de-406c-a5ea-1a581b2510fa.jpg,True
181,181,181,181,/content/dataset/shared_dataset_seed9517/images/test/181/aa095c5f-dedc-44fb-939a-36942314eaa2.jpg,True
181,173,181,173,/content/dataset/shared_dataset_seed9517/images/test/181/cdf5a120-db11-4be3-ac42-c72a716fc906.jpg,False
181,309,181,309,/content/dataset/shared_dataset_seed9517/images/test/181/e165eef9-cefe-44db-80f4-a559ae80743a.jpg,False
181,181,181,181,/content/dataset/shared_dataset_seed9517/images/test/181/e22b7768-c83e-480d-a896-84f9e729fc37.jpg,True
182,182,182,182,/content/dataset/shared_dataset_seed9517/images/test/182/0f605389-bb0c-40f9-bfca-823314858a6f.jpg,True
182,181,182,181,/content/dataset/shared_dataset_seed9517/images/test/182/2d3d33e1-08b0-4e4e-a35f-c453651a6169.jpg,False
182,216,182,216,/content/dataset/shared_dataset_seed9517/images/test/182/2e5a30c8-9854-4842-8cac-1c150700dfa7.jpg,False
182,245,182,245,/content/dataset/shared_dataset_seed9517/images/test/182/34853192-6911-46da-b4a0-86abc14b8c39.jpg,False
182,154,182,154,/content/dataset/shared_dataset_seed9517/images/test/182/483d0f50-fad9-43fc-bc13-2b21184412aa.jpg,False
182,116,182,116,/content/dataset/shared_dataset_seed9517/images/test/182/9a132aac-adbd-4cdb-a979-0458cf182e3b.jpg,False
182,188,182,188,/content/dataset/shared_dataset_seed9517/images/test/182/a813fba2-6d62-4c05-a996-792cbc434551.jpg,False
182,164,182,164,/content/dataset/shared_dataset_seed9517/images/test/182/d39fdbe6-bcee-4873-8813-489e65829761.jpg,False
182,182,182,182,/content/dataset/shared_dataset_seed9517/images/test/182/e51fe8b6-c312-4912-bfe0-75d9172942b1.jpg,True
182,182,182,182,/content/dataset/shared_dataset_seed9517/images/test/182/e8813e4b-373b-4e94-87aa-12747eccd496.jpg,True
183,183,183,183,/content/dataset/shared_dataset_seed9517/images/test/183/044f6300-68e6-4fdb-a593-691e35b6d35e.jpg,True
183,183,183,183,/content/dataset/shared_dataset_seed9517/images/test/183/1ce903dd-437a-424b-8224-6bcbbcd7cc0d.jpg,True
183,223,183,223,/content/dataset/shared_dataset_seed9517/images/test/183/40b278ce-7b2c-436c-a0ea-8d7bb327c9ed.jpg,False
183,183,183,183,/content/dataset/shared_dataset_seed9517/images/test/183/63cd1315-6eb0-4662-997c-ba2e283a7724.jpg,True
183,208,183,208,/content/dataset/shared_dataset_seed9517/images/test/183/73118cb9-5ed0-41bc-b3e0-110f279571c3.jpg,False
183,183,183,183,/content/dataset/shared_dataset_seed9517/images/test/183/9ea2948a-e94d-44da-a893-a3a5bb716906.jpg,True
183,203,183,203,/content/dataset/shared_dataset_seed9517/images/test/183/b0ca26aa-e2ed-48ce-b41e-038534822003.jpg,False
183,183,183,183,/content/dataset/shared_dataset_seed9517/images/test/183/cbc77e00-aea1-4785-b5a1-693077f260fd.jpg,True
183,183,183,183,/content/dataset/shared_dataset_seed9517/images/test/183/df8edd4c-fbb4-4886-8600-a429e5efac23.jpg,True
183,183,183,183,/content/dataset/shared_dataset_seed9517/images/test/183/f515e558-83c7-41dd-bdc5-dc4fca810d3b.jpg,True
184,184,184,184,/content/dataset/shared_dataset_seed9517/images/test/184/0f01d36d-547b-4356-918c-dcfb7bb09ae0.jpg,True
184,184,184,184,/content/dataset/shared_dataset_seed9517/images/test/184/1b9b530d-74a8-4e2b-ae96-61f89c955b32.jpg,True
184,184,184,184,/content/dataset/shared_dataset_seed9517/images/test/184/30aa92d8-1947-4aec-a57f-b8c6b095e6fb.jpg,True
184,184,184,184,/content/dataset/shared_dataset_seed9517/images/test/184/48432604-2f8f-473d-848f-00ed338797dc.jpg,True
184,184,184,184,/content/dataset/shared_dataset_seed9517/images/test/184/55c88670-e84b-4a18-8354-038b2c7fa109.jpg,True
184,193,184,193,/content/dataset/shared_dataset_seed9517/images/test/184/7c8aee46-1cff-4ed6-9f38-b86390b76232.jpg,False
184,41,184,41,/content/dataset/shared_dataset_seed9517/images/test/184/94713fd4-94bd-4232-b6ba-9a54d38f5734.jpg,False
184,184,184,184,/content/dataset/shared_dataset_seed9517/images/test/184/9651dd89-0c24-428e-8957-b47dab727e6a.jpg,True
184,184,184,184,/content/dataset/shared_dataset_seed9517/images/test/184/aba627c7-62ad-4906-85fd-f9d111c1c619.jpg,True
184,184,184,184,/content/dataset/shared_dataset_seed9517/images/test/184/cc4a144f-d990-4555-8b1a-21db7acd52ac.jpg,True
185,185,185,185,/content/dataset/shared_dataset_seed9517/images/test/185/0e3e1e46-2d43-4b26-b3f9-3b341253b7a2.jpg,True
185,185,185,185,/content/dataset/shared_dataset_seed9517/images/test/185/1e07c48f-a2f0-4939-b140-77d6d3375e95.jpg,True
185,181,185,181,/content/dataset/shared_dataset_seed9517/images/test/185/3e144cde-67f5-4bd6-afe2-5664923c7985.jpg,False
185,185,185,185,/content/dataset/shared_dataset_seed9517/images/test/185/4a8f7d56-7286-49a8-b119-ab8d43c00ec3.jpg,True
185,185,185,185,/content/dataset/shared_dataset_seed9517/images/test/185/93ddc852-902d-4949-9b86-49cadf591e79.jpg,True
185,185,185,185,/content/dataset/shared_dataset_seed9517/images/test/185/b03ef821-1b82-4c81-9246-0fe316494de3.jpg,True
185,207,185,207,/content/dataset/shared_dataset_seed9517/images/test/185/b8e5a1a3-1519-4ae3-b4b1-e08d219c8eff.jpg,False
185,185,185,185,/content/dataset/shared_dataset_seed9517/images/test/185/c5116f6d-c3cf-457b-a1d3-42118c4226fa.jpg,True
185,207,185,207,/content/dataset/shared_dataset_seed9517/images/test/185/d6831f0a-1f8c-4912-9fd4-aa3bcf32cdda.jpg,False
185,185,185,185,/content/dataset/shared_dataset_seed9517/images/test/185/fbd74a8a-eed4-4d3e-9e91-888168fd6f68.jpg,True
186,186,186,186,/content/dataset/shared_dataset_seed9517/images/test/186/037edd3a-cd5e-4e13-ba81-3c3cdc814e3f.jpg,True
186,186,186,186,/content/dataset/shared_dataset_seed9517/images/test/186/0b146e71-3eb0-4c94-b1c5-978d522dfdef.jpg,True
186,186,186,186,/content/dataset/shared_dataset_seed9517/images/test/186/42c2508d-81c5-46e5-b7e7-0d0d874b1424.jpg,True
186,214,186,214,/content/dataset/shared_dataset_seed9517/images/test/186/46849ee6-44df-4ce2-bff2-8e498f13df43.jpg,False
186,186,186,186,/content/dataset/shared_dataset_seed9517/images/test/186/738f66a1-76ba-4ebf-99d2-548e7d3f588c.jpg,True
186,187,186,187,/content/dataset/shared_dataset_seed9517/images/test/186/86bf6491-56d8-48fa-8466-9667361c27fd.jpg,False
186,176,186,176,/content/dataset/shared_dataset_seed9517/images/test/186/a04d88be-9ecd-4a7d-b51a-98c25e160a4a.jpg,False
186,224,186,224,/content/dataset/shared_dataset_seed9517/images/test/186/c4fbcc46-fe7d-4886-bb3e-7aeaf0dbf86e.jpg,False
186,186,186,186,/content/dataset/shared_dataset_seed9517/images/test/186/c727e5ab-97a7-4536-a501-d7451513a4df.jpg,True
186,187,186,187,/content/dataset/shared_dataset_seed9517/images/test/186/fbf58903-cd01-492d-82cb-833c2a904d0e.jpg,False
187,195,187,195,/content/dataset/shared_dataset_seed9517/images/test/187/516cd1ff-7edd-4fa1-9047-9aa64fd86325.jpg,False
187,186,187,186,/content/dataset/shared_dataset_seed9517/images/test/187/5d6c4cfa-a473-433b-bbb1-d9be2313993e.jpg,False
187,353,187,353,/content/dataset/shared_dataset_seed9517/images/test/187/7c2da025-f072-42ff-98cc-bb824e1d5381.jpg,False
187,187,187,187,/content/dataset/shared_dataset_seed9517/images/test/187/90711c6e-32de-47b6-8188-774f4e64d222.jpg,True
187,186,187,186,/content/dataset/shared_dataset_seed9517/images/test/187/9a240c26-d007-438e-9089-608a6a1d942a.jpg,False
187,223,187,223,/content/dataset/shared_dataset_seed9517/images/test/187/cc865927-fede-429a-89b5-fdf83462e126.jpg,False
187,186,187,186,/content/dataset/shared_dataset_seed9517/images/test/187/d3e65441-c221-4ee9-aa4b-ffcc72819160.jpg,False
187,173,187,173,/content/dataset/shared_dataset_seed9517/images/test/187/dc6b367f-b25c-4a78-a77a-9343fe152564.jpg,False
187,231,187,231,/content/dataset/shared_dataset_seed9517/images/test/187/df215425-8df2-4292-b22c-c799b7c61031.jpg,False
187,466,187,466,/content/dataset/shared_dataset_seed9517/images/test/187/eb865585-d100-4384-901e-cae36addfb54.jpg,False
188,188,188,188,/content/dataset/shared_dataset_seed9517/images/test/188/1fc817da-02df-4428-a4d8-78301dd8f343.jpg,True
188,188,188,188,/content/dataset/shared_dataset_seed9517/images/test/188/442ca5e7-6dfa-455f-9d2e-486b8b1c8967.jpg,True
188,188,188,188,/content/dataset/shared_dataset_seed9517/images/test/188/48a99bec-c163-4eb5-a867-5a5715fcc7c2.jpg,True
188,432,188,432,/content/dataset/shared_dataset_seed9517/images/test/188/4926fa87-d818-478c-a6cf-b5207665c7b5.jpg,False
188,188,188,188,/content/dataset/shared_dataset_seed9517/images/test/188/503401e0-43f9-4812-ad2c-2cf5dc437475.jpg,True
188,205,188,205,/content/dataset/shared_dataset_seed9517/images/test/188/5de471f6-88d2-44af-8996-551ad336c735.jpg,False
188,465,188,465,/content/dataset/shared_dataset_seed9517/images/test/188/64624763-f91e-4325-87a2-16a6150e4cd4.jpg,False
188,188,188,188,/content/dataset/shared_dataset_seed9517/images/test/188/6be0bfa6-39b0-4a77-82ae-45cf35790e94.jpg,True
188,190,188,190,/content/dataset/shared_dataset_seed9517/images/test/188/a487697f-1eca-4334-bd39-2e32b7154b3a.jpg,False
188,188,188,188,/content/dataset/shared_dataset_seed9517/images/test/188/cd2981c2-9654-415a-8c24-aaf638109cec.jpg,True
189,189,189,189,/content/dataset/shared_dataset_seed9517/images/test/189/16f1311d-680a-412e-99cc-d3b70a012af1.jpg,True
189,189,189,189,/content/dataset/shared_dataset_seed9517/images/test/189/343acd0b-df14-4ed8-9296-47bce3cd1c5f.jpg,True
189,189,189,189,/content/dataset/shared_dataset_seed9517/images/test/189/4caefb23-f95f-4579-9c82-e90d81d6f1a1.jpg,True
189,189,189,189,/content/dataset/shared_dataset_seed9517/images/test/189/62cbb280-cd05-46c2-9377-0ecf7b9b5fe2.jpg,True
189,189,189,189,/content/dataset/shared_dataset_seed9517/images/test/189/8b41bded-2a6d-49ef-b878-4d2298be0aa4.jpg,True
189,189,189,189,/content/dataset/shared_dataset_seed9517/images/test/189/8d682ad6-bb6d-4516-a461-9bf3c0a1e1a8.jpg,True
189,189,189,189,/content/dataset/shared_dataset_seed9517/images/test/189/c3bbde6c-d2c7-45e3-ae29-19693f76b2f1.jpg,True
189,196,189,196,/content/dataset/shared_dataset_seed9517/images/test/189/daa4b011-5fcb-4606-8aa1-c821fe0e2614.jpg,False
189,189,189,189,/content/dataset/shared_dataset_seed9517/images/test/189/dc89e53c-8a03-4b3d-83de-fab63a8a08fa.jpg,True
189,189,189,189,/content/dataset/shared_dataset_seed9517/images/test/189/f94049fe-ee23-4f6a-8600-ffefcd07a32e.jpg,True
190,393,190,393,/content/dataset/shared_dataset_seed9517/images/test/190/2c1e8aa6-1067-4295-b6b6-ba09debcf782.jpg,False
190,190,190,190,/content/dataset/shared_dataset_seed9517/images/test/190/4aa53a29-c644-48b2-941e-4803a74c5c54.jpg,True
190,190,190,190,/content/dataset/shared_dataset_seed9517/images/test/190/4ab561a6-5142-4c35-bf1c-840659e0a5c1.jpg,True
190,190,190,190,/content/dataset/shared_dataset_seed9517/images/test/190/57c0444c-9b74-4deb-95cc-aa3caaccef1a.jpg,True
190,190,190,190,/content/dataset/shared_dataset_seed9517/images/test/190/58a6c740-01c7-4781-b0c2-2e1ee0f80fa3.jpg,True
190,190,190,190,/content/dataset/shared_dataset_seed9517/images/test/190/6dc8a315-981d-4848-a33d-602354bb951a.jpg,True
190,38,190,38,/content/dataset/shared_dataset_seed9517/images/test/190/6ee7364b-a6a3-4fa8-8c2a-e2621e59293b.jpg,False
190,190,190,190,/content/dataset/shared_dataset_seed9517/images/test/190/7fe93095-d8a5-47ef-9d67-00aeb9d7a5ad.jpg,True
190,190,190,190,/content/dataset/shared_dataset_seed9517/images/test/190/ec48b42b-b450-4ba4-8196-d3c8bdefe618.jpg,True
190,190,190,190,/content/dataset/shared_dataset_seed9517/images/test/190/f20e3a6f-304c-4628-9616-9b4c9363f04e.jpg,True
191,191,191,191,/content/dataset/shared_dataset_seed9517/images/test/191/0e8bfaa4-8c56-4153-adf4-c759a6295d0f.jpg,True
191,243,191,243,/content/dataset/shared_dataset_seed9517/images/test/191/2d452f87-e5aa-4d07-8724-002752f52fd1.jpg,False
191,191,191,191,/content/dataset/shared_dataset_seed9517/images/test/191/2d48c21d-5367-41f6-bab2-e9e0b82b9012.jpg,True
191,87,191,87,/content/dataset/shared_dataset_seed9517/images/test/191/3b2d9696-cde9-44d6-83cc-7fb6aa6db128.jpg,False
191,191,191,191,/content/dataset/shared_dataset_seed9517/images/test/191/646bc45d-9077-4e2c-b0e3-17e485e59c58.jpg,True
191,191,191,191,/content/dataset/shared_dataset_seed9517/images/test/191/6b081d51-3376-4d84-b88f-d994505e155d.jpg,True
191,197,191,197,/content/dataset/shared_dataset_seed9517/images/test/191/6ca544e9-341d-4cd3-b98b-fbaea155554d.jpg,False
191,189,191,189,/content/dataset/shared_dataset_seed9517/images/test/191/8c54afb2-4a5a-4280-9059-0ba0d37297f5.jpg,False
191,192,191,192,/content/dataset/shared_dataset_seed9517/images/test/191/ca5b41ed-d457-4a6c-af26-fea041c2726c.jpg,False
191,192,191,192,/content/dataset/shared_dataset_seed9517/images/test/191/cf741cf4-2f7f-4725-b3e9-da0d64de10de.jpg,False
192,192,192,192,/content/dataset/shared_dataset_seed9517/images/test/192/25df23da-2819-45cf-9aba-945264296bb3.jpg,True
192,209,192,209,/content/dataset/shared_dataset_seed9517/images/test/192/3cc0df4f-ca7d-495a-ae4d-688a09d44bd3.jpg,False
192,192,192,192,/content/dataset/shared_dataset_seed9517/images/test/192/60ed6d34-4f8e-49b3-90a5-a1a704635dd2.jpg,True
192,192,192,192,/content/dataset/shared_dataset_seed9517/images/test/192/77d19d4f-7a8d-4840-bff6-31a51a3af69e.jpg,True
192,209,192,209,/content/dataset/shared_dataset_seed9517/images/test/192/81074053-a83b-4914-926b-140c5d3c6019.jpg,False
192,192,192,192,/content/dataset/shared_dataset_seed9517/images/test/192/832adffb-b606-4901-88a1-d651d3ea0a3c.jpg,True
192,179,192,179,/content/dataset/shared_dataset_seed9517/images/test/192/86de703c-24a2-46c5-93e8-16cc3b272a12.jpg,False
192,192,192,192,/content/dataset/shared_dataset_seed9517/images/test/192/a9a1238a-6402-4ae3-8149-89a3b22aead6.jpg,True
192,238,192,238,/content/dataset/shared_dataset_seed9517/images/test/192/b5944ebb-e6e6-45d9-baaf-db5fa965afa7.jpg,False
192,192,192,192,/content/dataset/shared_dataset_seed9517/images/test/192/c01bdc0e-68af-469a-85a3-aa6528ce8d3d.jpg,True
193,193,193,193,/content/dataset/shared_dataset_seed9517/images/test/193/0145e7a7-a681-4187-b1e2-6ba48c4ac49f.jpg,True
193,193,193,193,/content/dataset/shared_dataset_seed9517/images/test/193/1c490820-1251-4ac4-bd1d-a9ee9b7eb78d.jpg,True
193,188,193,188,/content/dataset/shared_dataset_seed9517/images/test/193/35bf7d86-31ec-4448-a32f-80548b84cc0a.jpg,False
193,193,193,193,/content/dataset/shared_dataset_seed9517/images/test/193/41c0d2b8-f1ba-41b7-a8bd-d24e545b1259.jpg,True
193,194,193,194,/content/dataset/shared_dataset_seed9517/images/test/193/4a62e062-7344-4839-8077-17d5396c805e.jpg,False
193,184,193,184,/content/dataset/shared_dataset_seed9517/images/test/193/9e508e7e-d6e7-4dd6-9ece-fb7dc8904e9f.jpg,False
193,217,193,217,/content/dataset/shared_dataset_seed9517/images/test/193/9fc268db-747a-46da-8f7b-31961709d73b.jpg,False
193,184,193,184,/content/dataset/shared_dataset_seed9517/images/test/193/a9c70692-fb57-49fe-b482-073e973455b3.jpg,False
193,193,193,193,/content/dataset/shared_dataset_seed9517/images/test/193/afb5fcb4-243f-4c03-9be0-eb6dafdeaacf.jpg,True
193,193,193,193,/content/dataset/shared_dataset_seed9517/images/test/193/d9eeb16d-90d9-4eb1-8e32-be0fdf1f48f4.jpg,True
194,194,194,194,/content/dataset/shared_dataset_seed9517/images/test/194/0cc4d9b5-3e98-4c2e-b314-ed1c63dbf108.jpg,True
194,194,194,194,/content/dataset/shared_dataset_seed9517/images/test/194/449e413a-0bd8-4748-a22d-74dce21e6d60.jpg,True
194,194,194,194,/content/dataset/shared_dataset_seed9517/images/test/194/664f8d7a-a021-4b74-9f88-6162875437c0.jpg,True
194,194,194,194,/content/dataset/shared_dataset_seed9517/images/test/194/8fe2b94f-0b3b-46f6-8ad1-f53180c68db9.jpg,True
194,194,194,194,/content/dataset/shared_dataset_seed9517/images/test/194/917679df-72bf-4977-9dee-a04a13e2a3fe.jpg,True
194,194,194,194,/content/dataset/shared_dataset_seed9517/images/test/194/a66dcf8d-a0d1-4df0-b34b-1466c4c88654.jpg,True
194,194,194,194,/content/dataset/shared_dataset_seed9517/images/test/194/cb25e450-6ae4-4472-905d-e3626038c418.jpg,True
194,440,194,440,/content/dataset/shared_dataset_seed9517/images/test/194/e67b8b39-911d-4c01-ac2a-822ac96e2903.jpg,False
194,194,194,194,/content/dataset/shared_dataset_seed9517/images/test/194/f34d2873-5f46-4fc1-8826-d94fb5bd6d27.jpg,True
194,194,194,194,/content/dataset/shared_dataset_seed9517/images/test/194/ff3086b6-49ea-4c32-b611-419e1213cc56.jpg,True
195,177,195,177,/content/dataset/shared_dataset_seed9517/images/test/195/10e9256c-ad8c-4856-8057-b7753bb7b47a.jpg,False
195,76,195,76,/content/dataset/shared_dataset_seed9517/images/test/195/1e393e39-aa95-4f6e-a483-d8633018cae6.jpg,False
195,41,195,41,/content/dataset/shared_dataset_seed9517/images/test/195/3b91676d-0105-4bb4-a595-0ee64c08996f.jpg,False
195,168,195,168,/content/dataset/shared_dataset_seed9517/images/test/195/3c5923da-840c-4b6c-9478-cdc356573005.jpg,False
195,195,195,195,/content/dataset/shared_dataset_seed9517/images/test/195/6ab5708b-65b9-4011-9cbc-47c8d69e4a3b.jpg,True
195,195,195,195,/content/dataset/shared_dataset_seed9517/images/test/195/9634fe6e-eef0-40f7-b36f-ab6b577b4edf.jpg,True
195,195,195,195,/content/dataset/shared_dataset_seed9517/images/test/195/d047574e-750b-4594-9d67-af76a5262fb5.jpg,True
195,195,195,195,/content/dataset/shared_dataset_seed9517/images/test/195/d9c5f1d6-3484-4eef-b13c-1257a35cdb87.jpg,True
195,195,195,195,/content/dataset/shared_dataset_seed9517/images/test/195/dc119a64-196b-4a33-89eb-6b126c6c6bd3.jpg,True
195,173,195,173,/content/dataset/shared_dataset_seed9517/images/test/195/f0b3303d-4926-4878-8b8f-87b3d3aaed66.jpg,False
196,196,196,196,/content/dataset/shared_dataset_seed9517/images/test/196/031f11a7-591f-4123-80c8-d4fdfe26abf3.jpg,True
196,196,196,196,/content/dataset/shared_dataset_seed9517/images/test/196/07b6f20c-ea30-48e9-a19a-c99409384d5a.jpg,True
196,196,196,196,/content/dataset/shared_dataset_seed9517/images/test/196/25dff8f4-09ce-4bfc-a9d5-ff709499dc45.jpg,True
196,196,196,196,/content/dataset/shared_dataset_seed9517/images/test/196/2d9eeebf-a7de-46da-8951-dd1e279476d5.jpg,True
196,196,196,196,/content/dataset/shared_dataset_seed9517/images/test/196/473ff2b3-d61c-4e49-8b4e-4c44c749ec13.jpg,True
196,196,196,196,/content/dataset/shared_dataset_seed9517/images/test/196/80641d72-7f21-49f7-bd5b-732f1e0aaf7c.jpg,True
196,187,196,187,/content/dataset/shared_dataset_seed9517/images/test/196/80d59175-db14-428a-b3a8-7cb3f853b78f.jpg,False
196,196,196,196,/content/dataset/shared_dataset_seed9517/images/test/196/c639a3e1-d988-4565-8394-f3ff9429af3b.jpg,True
196,196,196,196,/content/dataset/shared_dataset_seed9517/images/test/196/e11cc804-e628-4af2-9af8-3691a29f0857.jpg,True
196,192,196,192,/content/dataset/shared_dataset_seed9517/images/test/196/fe93fe13-6dca-4da6-98bb-1e76d5951673.jpg,False
197,197,197,197,/content/dataset/shared_dataset_seed9517/images/test/197/21301bba-d9d6-4348-b64f-07b954680969.jpg,True
197,197,197,197,/content/dataset/shared_dataset_seed9517/images/test/197/39425d0c-bd1d-4157-8c6c-dbb1f7f92c4d.jpg,True
197,197,197,197,/content/dataset/shared_dataset_seed9517/images/test/197/75b57bcd-5dad-4e23-b22c-463da3639653.jpg,True
197,197,197,197,/content/dataset/shared_dataset_seed9517/images/test/197/98fc6765-62b9-4b39-95c3-7b9c9f1722cd.jpg,True
197,226,197,226,/content/dataset/shared_dataset_seed9517/images/test/197/a60f1b57-23e4-4fc5-a099-b9d812598cca.jpg,False
197,197,197,197,/content/dataset/shared_dataset_seed9517/images/test/197/ae8403ba-a38d-4ff6-a701-b26deb75dd5a.jpg,True
197,197,197,197,/content/dataset/shared_dataset_seed9517/images/test/197/ca484ac2-5c87-4c83-988e-2652c23fd3e1.jpg,True
197,33,197,33,/content/dataset/shared_dataset_seed9517/images/test/197/cfb9b6e9-1242-487c-92a3-fac3d45325a0.jpg,False
197,197,197,197,/content/dataset/shared_dataset_seed9517/images/test/197/d3bd9a17-ce75-406c-bbc1-8a457b48215a.jpg,True
197,224,197,224,/content/dataset/shared_dataset_seed9517/images/test/197/db550210-77ca-4251-9a8b-d99f54077ae2.jpg,False
198,190,198,190,/content/dataset/shared_dataset_seed9517/images/test/198/3d4dadbd-959a-4894-933d-3ab54e9d720d.jpg,False
198,209,198,209,/content/dataset/shared_dataset_seed9517/images/test/198/3d9a19f7-9b46-4323-a6c4-c3b67fe06113.jpg,False
198,198,198,198,/content/dataset/shared_dataset_seed9517/images/test/198/43105ca6-2f59-4f68-9ea5-6eb9a891999b.jpg,True
198,198,198,198,/content/dataset/shared_dataset_seed9517/images/test/198/77809183-f8e8-492c-879e-83a4af1173ad.jpg,True
198,205,198,205,/content/dataset/shared_dataset_seed9517/images/test/198/ada11ee4-97bd-41de-9db2-43769043fa9b.jpg,False
198,189,198,189,/content/dataset/shared_dataset_seed9517/images/test/198/c56ef5a9-8c5a-43a8-9474-40025b3eeca3.jpg,False
198,192,198,192,/content/dataset/shared_dataset_seed9517/images/test/198/e52f20b9-f790-429c-9655-a1406303875f.jpg,False
198,198,198,198,/content/dataset/shared_dataset_seed9517/images/test/198/f07e8842-4029-441b-84c1-ed28c9289780.jpg,True
198,198,198,198,/content/dataset/shared_dataset_seed9517/images/test/198/fdff4d28-5ad5-4279-98f9-bd0c153352af.jpg,True
198,209,198,209,/content/dataset/shared_dataset_seed9517/images/test/198/fed2a721-2acc-455f-9436-29d5775c3e2f.jpg,False
199,199,199,199,/content/dataset/shared_dataset_seed9517/images/test/199/034261ec-aabf-46e3-84d7-ee2d3f0600e3.jpg,True
199,199,199,199,/content/dataset/shared_dataset_seed9517/images/test/199/0a08c5a9-0f3e-4397-95f3-ae7210f2020b.jpg,True
199,186,199,186,/content/dataset/shared_dataset_seed9517/images/test/199/113330fe-59e7-4107-bd40-6a665d97203a.jpg,False
199,199,199,199,/content/dataset/shared_dataset_seed9517/images/test/199/5b9f42db-62fc-4ac3-bb3a-133dc75521dd.jpg,True
199,199,199,199,/content/dataset/shared_dataset_seed9517/images/test/199/5c54ba9b-57d9-43a7-951b-4bc1bcea32b1.jpg,True
199,199,199,199,/content/dataset/shared_dataset_seed9517/images/test/199/694d3d26-1583-4f80-9848-caa1c35876e1.jpg,True
199,205,199,205,/content/dataset/shared_dataset_seed9517/images/test/199/6fd88c57-439c-47c9-8392-2a6d33394cbf.jpg,False
199,186,199,186,/content/dataset/shared_dataset_seed9517/images/test/199/8a0dacb6-3d4c-4857-a44c-c61a29a49d4e.jpg,False
199,199,199,199,/content/dataset/shared_dataset_seed9517/images/test/199/ab63aaa4-8fc0-4e77-85e4-95428cb61b14.jpg,True
199,186,199,186,/content/dataset/shared_dataset_seed9517/images/test/199/f3454eff-ce20-4637-9114-d52fe3b0078c.jpg,False
200,186,200,186,/content/dataset/shared_dataset_seed9517/images/test/200/0b3a0514-256a-4963-b453-6ee0cd3a0cad.jpg,False
200,200,200,200,/content/dataset/shared_dataset_seed9517/images/test/200/456dc613-49e5-4c7b-9012-2cb6e93d0235.jpg,True
200,200,200,200,/content/dataset/shared_dataset_seed9517/images/test/200/4bc0fda8-5b6c-47fa-bcc2-1352efb3d10e.jpg,True
200,200,200,200,/content/dataset/shared_dataset_seed9517/images/test/200/560d9d71-e478-4d47-b96e-490659c8ddec.jpg,True
200,193,200,193,/content/dataset/shared_dataset_seed9517/images/test/200/8f70b87d-8806-4ecb-bdb5-e785f18e52d3.jpg,False
200,200,200,200,/content/dataset/shared_dataset_seed9517/images/test/200/a9a82602-e94a-4205-a6b5-db7b04559c16.jpg,True
200,200,200,200,/content/dataset/shared_dataset_seed9517/images/test/200/bc760127-2539-481f-a2f7-e4fc032ced7f.jpg,True
200,200,200,200,/content/dataset/shared_dataset_seed9517/images/test/200/c1052a12-0c54-4d8f-a51d-bea5119a4c6b.jpg,True
200,245,200,245,/content/dataset/shared_dataset_seed9517/images/test/200/c33e364a-53bf-4c6a-bf50-d029422d603d.jpg,False
200,188,200,188,/content/dataset/shared_dataset_seed9517/images/test/200/fd622a27-0ce7-4fce-a903-7be8e9898642.jpg,False
201,201,201,201,/content/dataset/shared_dataset_seed9517/images/test/201/07cb24dc-229c-47c8-8264-a4fd4880b11d.jpg,True
201,173,201,173,/content/dataset/shared_dataset_seed9517/images/test/201/2b922a6e-ca86-4393-94f8-e242236eda9e.jpg,False
201,201,201,201,/content/dataset/shared_dataset_seed9517/images/test/201/3924d41b-0765-4c07-bd5f-2151d9863c7a.jpg,True
201,201,201,201,/content/dataset/shared_dataset_seed9517/images/test/201/497c4b0f-a126-4824-8daf-384b31042165.jpg,True
201,201,201,201,/content/dataset/shared_dataset_seed9517/images/test/201/513b31bc-7989-4a6c-8f94-240684c7e492.jpg,True
201,210,201,210,/content/dataset/shared_dataset_seed9517/images/test/201/619eca97-62fa-466e-bf16-e817f9cfb38a.jpg,False
201,201,201,201,/content/dataset/shared_dataset_seed9517/images/test/201/994339d2-8eae-4b03-95f2-b50c9193c9c5.jpg,True
201,201,201,201,/content/dataset/shared_dataset_seed9517/images/test/201/c9c4d433-d50d-4105-af24-5d02d4c7f6d7.jpg,True
201,201,201,201,/content/dataset/shared_dataset_seed9517/images/test/201/ca930f0e-89c8-44e7-bf97-8c32bee8ab19.jpg,True
201,201,201,201,/content/dataset/shared_dataset_seed9517/images/test/201/edb97177-7aef-4b09-bdf3-2d39ae4838ce.jpg,True
202,202,202,202,/content/dataset/shared_dataset_seed9517/images/test/202/0b8d2a69-ad07-4eb9-a06e-8cc9e4d0b0ce.jpg,True
202,202,202,202,/content/dataset/shared_dataset_seed9517/images/test/202/2dd925cb-3b3c-48e3-b15a-b78c0ac230c1.jpg,True
202,188,202,188,/content/dataset/shared_dataset_seed9517/images/test/202/34710505-5747-4bdb-bfe3-f90e4371edbf.jpg,False
202,202,202,202,/content/dataset/shared_dataset_seed9517/images/test/202/449d41fd-e71f-4377-8e0e-3dc57ef99b9d.jpg,True
202,202,202,202,/content/dataset/shared_dataset_seed9517/images/test/202/46d452a2-afb9-4b1e-89a4-5775d3fc741a.jpg,True
202,405,202,405,/content/dataset/shared_dataset_seed9517/images/test/202/6ed088ca-ff8f-40cd-b7fd-7a0bca43af58.jpg,False
202,169,202,169,/content/dataset/shared_dataset_seed9517/images/test/202/9107676c-a0b7-4a1e-a205-13741344b916.jpg,False
202,188,202,188,/content/dataset/shared_dataset_seed9517/images/test/202/ab90a945-1ffe-435b-9a24-90417c1b8e7a.jpg,False
202,238,202,238,/content/dataset/shared_dataset_seed9517/images/test/202/e5012cfc-99cc-43e3-a2da-3de3bcde9ff3.jpg,False
202,202,202,202,/content/dataset/shared_dataset_seed9517/images/test/202/f91b7498-2364-4b60-837d-a866bd753427.jpg,True
203,192,203,192,/content/dataset/shared_dataset_seed9517/images/test/203/02e43d78-6f8a-4274-837e-d4b751aacdeb.jpg,False
203,178,203,178,/content/dataset/shared_dataset_seed9517/images/test/203/08f87a0d-9ae4-4417-baef-0a85d911b552.jpg,False
203,203,203,203,/content/dataset/shared_dataset_seed9517/images/test/203/171754ec-54e3-4792-81ce-716ea3e4d25e.jpg,True
203,203,203,203,/content/dataset/shared_dataset_seed9517/images/test/203/184d009e-5ec1-40fc-a154-f05116b504c5.jpg,True
203,176,203,176,/content/dataset/shared_dataset_seed9517/images/test/203/2a7273f5-9c63-4460-8898-e71289a066bd.jpg,False
203,180,203,180,/content/dataset/shared_dataset_seed9517/images/test/203/5a44fcb1-86ef-4086-9a27-7d7b111a1b0f.jpg,False
203,203,203,203,/content/dataset/shared_dataset_seed9517/images/test/203/624e31a6-b9ad-454d-882d-61e96a2ccd6d.jpg,True
203,203,203,203,/content/dataset/shared_dataset_seed9517/images/test/203/7c81a2c6-c4d1-4817-b1e0-99d53d3aebb0.jpg,True
203,180,203,180,/content/dataset/shared_dataset_seed9517/images/test/203/92acbcd3-d977-4feb-9b80-727e8762a093.jpg,False
203,204,203,204,/content/dataset/shared_dataset_seed9517/images/test/203/a2c7bf6f-e064-4c3c-b46e-bb78800c9196.jpg,False
204,204,204,204,/content/dataset/shared_dataset_seed9517/images/test/204/217473c7-b2d7-43ce-a736-29ebf40f9212.jpg,True
204,205,204,205,/content/dataset/shared_dataset_seed9517/images/test/204/246a88b2-3a2b-4178-b3b6-d04adcd17c65.jpg,False
204,204,204,204,/content/dataset/shared_dataset_seed9517/images/test/204/2fa9b9ad-2aa0-4a5d-be65-eafc785abf17.jpg,True
204,204,204,204,/content/dataset/shared_dataset_seed9517/images/test/204/44b78d0a-42bb-4448-bd39-8fa3174ea12b.jpg,True
204,203,204,203,/content/dataset/shared_dataset_seed9517/images/test/204/78dbdeb3-93e4-443c-afb0-f52270222386.jpg,False
204,187,204,187,/content/dataset/shared_dataset_seed9517/images/test/204/82bb4263-9136-4346-8e31-51ee8a0be971.jpg,False
204,203,204,203,/content/dataset/shared_dataset_seed9517/images/test/204/a858a46a-3fd7-41fe-b301-5baf7a289abb.jpg,False
204,204,204,204,/content/dataset/shared_dataset_seed9517/images/test/204/b6d51351-95d6-4f04-857b-db4a865a4bc9.jpg,True
204,204,204,204,/content/dataset/shared_dataset_seed9517/images/test/204/cd77510a-894e-460d-a05f-e58cad9a8c53.jpg,True
204,228,204,228,/content/dataset/shared_dataset_seed9517/images/test/204/e1da3ed5-e1a7-497c-acbd-eeacb8cfc829.jpg,False
205,205,205,205,/content/dataset/shared_dataset_seed9517/images/test/205/23f888d5-4413-4ec3-acc8-b4d4671ba51d.jpg,True
205,207,205,207,/content/dataset/shared_dataset_seed9517/images/test/205/32009a29-b40f-4910-a842-f4e986877e7a.jpg,False
205,205,205,205,/content/dataset/shared_dataset_seed9517/images/test/205/52638be2-1606-4f4c-ae36-b654b8a7f6ca.jpg,True
205,205,205,205,/content/dataset/shared_dataset_seed9517/images/test/205/717453f6-b0fb-40fa-bdc2-6ac40eaa5185.jpg,True
205,205,205,205,/content/dataset/shared_dataset_seed9517/images/test/205/7f249353-6c48-4060-a992-d7f84784b2b4.jpg,True
205,207,205,207,/content/dataset/shared_dataset_seed9517/images/test/205/81f4f9a4-23ab-4c35-b494-29a837aaede0.jpg,False
205,205,205,205,/content/dataset/shared_dataset_seed9517/images/test/205/b35070f0-de4e-4ffc-a5eb-f0af8d390cd8.jpg,True
205,205,205,205,/content/dataset/shared_dataset_seed9517/images/test/205/b89769b9-b7b5-4602-a5d4-7e58b85e03c1.jpg,True
205,203,205,203,/content/dataset/shared_dataset_seed9517/images/test/205/dd9b0ad7-30ee-4fda-9551-fcd98fca42db.jpg,False
205,205,205,205,/content/dataset/shared_dataset_seed9517/images/test/205/df9a335b-9ece-4b58-b5c1-36a83b7ef0ed.jpg,True
206,122,206,122,/content/dataset/shared_dataset_seed9517/images/test/206/00d1083e-bec7-456a-99e7-609ceef1897c.jpg,False
206,156,206,156,/content/dataset/shared_dataset_seed9517/images/test/206/14cc0adc-4d9d-409e-8ffe-066829bc8a6d.jpg,False
206,206,206,206,/content/dataset/shared_dataset_seed9517/images/test/206/1c9e5987-5410-44c5-bf2f-60ff2dc4193b.jpg,True
206,206,206,206,/content/dataset/shared_dataset_seed9517/images/test/206/289d388d-960d-4448-bc4e-33b646b896b6.jpg,True
206,206,206,206,/content/dataset/shared_dataset_seed9517/images/test/206/36e114d2-c488-4551-8f93-a9d34692dc1d.jpg,True
206,206,206,206,/content/dataset/shared_dataset_seed9517/images/test/206/5de8ba1b-e260-4555-8c86-068294b6f181.jpg,True
206,206,206,206,/content/dataset/shared_dataset_seed9517/images/test/206/71923a9c-5ed9-4c48-9c90-d5f63b9b0d56.jpg,True
206,206,206,206,/content/dataset/shared_dataset_seed9517/images/test/206/b3f2f890-df7a-4e9a-a594-0214d83db97c.jpg,True
206,206,206,206,/content/dataset/shared_dataset_seed9517/images/test/206/cda19b26-4603-4a4f-a9c5-0fa7ffd479e4.jpg,True
206,206,206,206,/content/dataset/shared_dataset_seed9517/images/test/206/f94f7e00-238e-43e7-a2bc-255ea8d93927.jpg,True
207,207,207,207,/content/dataset/shared_dataset_seed9517/images/test/207/51b73055-adc3-498e-acab-963678b8555b.jpg,True
207,190,207,190,/content/dataset/shared_dataset_seed9517/images/test/207/5cf3357e-45fe-4be7-92cc-53cd24dacd83.jpg,False
207,194,207,194,/content/dataset/shared_dataset_seed9517/images/test/207/8f31f71a-10b6-4501-ba25-8cfb068e2bd8.jpg,False
207,207,207,207,/content/dataset/shared_dataset_seed9517/images/test/207/90604353-64ad-4753-9a15-f43fb9723f4d.jpg,True
207,186,207,186,/content/dataset/shared_dataset_seed9517/images/test/207/9eb31a8d-580a-4641-9535-fe86f021e439.jpg,False
207,207,207,207,/content/dataset/shared_dataset_seed9517/images/test/207/b08a87db-6ded-4f3b-bfe4-a289c9ea87fa.jpg,True
207,204,207,204,/content/dataset/shared_dataset_seed9517/images/test/207/b4fe83e8-7367-4fb7-8cb9-acde9673a2b9.jpg,False
207,193,207,193,/content/dataset/shared_dataset_seed9517/images/test/207/bbcaa899-d18a-403b-8daa-6348d3b6fac3.jpg,False
207,207,207,207,/content/dataset/shared_dataset_seed9517/images/test/207/cdb5a295-192a-4b7d-91f1-1e6513849605.jpg,True
207,207,207,207,/content/dataset/shared_dataset_seed9517/images/test/207/eb0c7b7b-fadf-463a-bffc-609b72d5e005.jpg,True
208,208,208,208,/content/dataset/shared_dataset_seed9517/images/test/208/215a23c4-5db1-41bf-a869-a9b40c3e83b3.jpg,True
208,208,208,208,/content/dataset/shared_dataset_seed9517/images/test/208/5bc9dc5a-7fba-4ee0-9b29-8d2bc3be0fca.jpg,True
208,208,208,208,/content/dataset/shared_dataset_seed9517/images/test/208/5ed98efd-41ee-4e75-8812-7e3d108782ef.jpg,True
208,208,208,208,/content/dataset/shared_dataset_seed9517/images/test/208/69acacc8-13e8-4014-a733-8b099e9a0419.jpg,True
208,208,208,208,/content/dataset/shared_dataset_seed9517/images/test/208/785242f2-05af-4fae-9316-d28e0ebe713f.jpg,True
208,495,208,495,/content/dataset/shared_dataset_seed9517/images/test/208/90920e5f-a37e-41e3-8024-ad08e863c871.jpg,False
208,209,208,209,/content/dataset/shared_dataset_seed9517/images/test/208/9ace0ece-aaf6-477a-9fde-31e27be53161.jpg,False
208,194,208,194,/content/dataset/shared_dataset_seed9517/images/test/208/9f004727-167e-4674-81ba-f15095ef043c.jpg,False
208,209,208,209,/content/dataset/shared_dataset_seed9517/images/test/208/b2d78742-7386-4338-8b87-2475b536784e.jpg,False
208,204,208,204,/content/dataset/shared_dataset_seed9517/images/test/208/ba350e4a-5d0c-41b1-a2bd-7db6f2a0eb1b.jpg,False
209,209,209,209,/content/dataset/shared_dataset_seed9517/images/test/209/04c49073-9943-4605-89a2-30fd8257603c.jpg,True
209,479,209,479,/content/dataset/shared_dataset_seed9517/images/test/209/2948fefd-c7b9-4a0a-8b4b-71fd9c89edea.jpg,False
209,209,209,209,/content/dataset/shared_dataset_seed9517/images/test/209/41c91f74-6c1b-48c8-817a-5db14fe56b86.jpg,True
209,208,209,208,/content/dataset/shared_dataset_seed9517/images/test/209/436800fe-3e71-4858-99e7-31cfce146922.jpg,False
209,208,209,208,/content/dataset/shared_dataset_seed9517/images/test/209/4de13013-036c-4546-a720-3a15cbc2f69f.jpg,False
209,209,209,209,/content/dataset/shared_dataset_seed9517/images/test/209/7ec5632d-497f-474b-bf51-fc8a1c58c82e.jpg,True
209,208,209,208,/content/dataset/shared_dataset_seed9517/images/test/209/cd52a966-6959-4f5f-a7e6-994ed5e54bb1.jpg,False
209,209,209,209,/content/dataset/shared_dataset_seed9517/images/test/209/eb1149ed-d66c-49f1-a02b-76920558b0f5.jpg,True
209,209,209,209,/content/dataset/shared_dataset_seed9517/images/test/209/f14d63c9-ec1f-44c6-8243-4008f721eeb3.jpg,True
209,209,209,209,/content/dataset/shared_dataset_seed9517/images/test/209/f96635e2-63e1-4fbe-9eb7-3fe7114382b4.jpg,True
210,211,210,211,/content/dataset/shared_dataset_seed9517/images/test/210/02a4c243-75c8-4b28-bde8-2562ba98d78c.jpg,False
210,210,210,210,/content/dataset/shared_dataset_seed9517/images/test/210/1645ddcd-ccb6-47f2-84f6-726f3338f02a.jpg,True
210,210,210,210,/content/dataset/shared_dataset_seed9517/images/test/210/22bba672-2f2b-47fe-bd35-da9410ecc3f1.jpg,True
210,233,210,233,/content/dataset/shared_dataset_seed9517/images/test/210/81a946e8-40ed-4a7d-8a2c-acf0fc0a9d3c.jpg,False
210,210,210,210,/content/dataset/shared_dataset_seed9517/images/test/210/9371ef33-f8ed-4bac-b124-47c9c5ca39ea.jpg,True
210,210,210,210,/content/dataset/shared_dataset_seed9517/images/test/210/9ae31fb0-fc9c-4a6d-8c11-b1be418c06da.jpg,True
210,210,210,210,/content/dataset/shared_dataset_seed9517/images/test/210/ae74e468-30c2-4387-8d1b-5af8a701310d.jpg,True
210,210,210,210,/content/dataset/shared_dataset_seed9517/images/test/210/c39296db-d496-484d-905e-6176f9bb1b45.jpg,True
210,212,210,212,/content/dataset/shared_dataset_seed9517/images/test/210/c9b52c26-9fc1-408f-a4d6-a8802de6b3d3.jpg,False
210,301,210,301,/content/dataset/shared_dataset_seed9517/images/test/210/de18e670-5272-4c88-8aba-ad59fe465014.jpg,False
211,247,211,247,/content/dataset/shared_dataset_seed9517/images/test/211/1ea8a535-55d4-4920-8c0a-1ffc3fa67f75.jpg,False
211,210,211,210,/content/dataset/shared_dataset_seed9517/images/test/211/41997c38-d769-48c4-908c-452bbe29b381.jpg,False
211,211,211,211,/content/dataset/shared_dataset_seed9517/images/test/211/41b94156-a258-4a8c-93ff-828e18692e67.jpg,True
211,211,211,211,/content/dataset/shared_dataset_seed9517/images/test/211/6d5fd1f2-6469-4d6f-bc98-faf0679d1ae3.jpg,True
211,211,211,211,/content/dataset/shared_dataset_seed9517/images/test/211/8d5d6956-cde9-4c74-abad-9e5e50a6374e.jpg,True
211,211,211,211,/content/dataset/shared_dataset_seed9517/images/test/211/a62e2645-73c6-4e6b-be5a-91fa0c7cebe5.jpg,True
211,211,211,211,/content/dataset/shared_dataset_seed9517/images/test/211/b29a5fd1-1e24-4a1e-873b-8cb3207b2ec1.jpg,True
211,206,211,206,/content/dataset/shared_dataset_seed9517/images/test/211/e5f4367e-1883-494c-ad0e-95c7d3ca800a.jpg,False
211,211,211,211,/content/dataset/shared_dataset_seed9517/images/test/211/f24df8ed-b5df-4596-bc4e-965b853191e9.jpg,True
211,185,211,185,/content/dataset/shared_dataset_seed9517/images/test/211/fb2e081a-222a-4dea-ae42-3e4701c7d083.jpg,False
212,163,212,163,/content/dataset/shared_dataset_seed9517/images/test/212/227595a7-c01c-40bc-9574-96b14a94be13.jpg,False
212,212,212,212,/content/dataset/shared_dataset_seed9517/images/test/212/22e0bf1c-5806-446f-b91a-e1aa4e8fc820.jpg,True
212,212,212,212,/content/dataset/shared_dataset_seed9517/images/test/212/27b05453-6911-425d-9c72-b7e08b732aba.jpg,True
212,162,212,162,/content/dataset/shared_dataset_seed9517/images/test/212/2f237b5a-a77f-441d-8613-01f98e00824c.jpg,False
212,162,212,162,/content/dataset/shared_dataset_seed9517/images/test/212/660563e6-843f-40b5-8249-0b9e4367298f.jpg,False
212,152,212,152,/content/dataset/shared_dataset_seed9517/images/test/212/66f1943b-de9d-48fc-bfd2-d15e063b5944.jpg,False
212,151,212,151,/content/dataset/shared_dataset_seed9517/images/test/212/9b57cc79-7b8e-417a-8428-a5da1cf47b07.jpg,False
212,212,212,212,/content/dataset/shared_dataset_seed9517/images/test/212/b188cf9a-e537-4ed7-807e-fab280a03500.jpg,True
212,212,212,212,/content/dataset/shared_dataset_seed9517/images/test/212/c3c24111-db0b-4615-b999-756e29c4aec9.jpg,True
212,28,212,28,/content/dataset/shared_dataset_seed9517/images/test/212/cd065a2d-e131-40bc-b69e-5723ae616a53.jpg,False
213,213,213,213,/content/dataset/shared_dataset_seed9517/images/test/213/1d9e8b1e-23d6-4446-9dcc-4649356ea5c0.jpg,True
213,213,213,213,/content/dataset/shared_dataset_seed9517/images/test/213/45c9498c-2f46-4038-a919-5e913145a492.jpg,True
213,162,213,162,/content/dataset/shared_dataset_seed9517/images/test/213/58f12be1-e26d-42ea-93af-21ef00e35712.jpg,False
213,213,213,213,/content/dataset/shared_dataset_seed9517/images/test/213/6db2976e-04ec-41de-b1d6-e756ed94bf8b.jpg,True
213,152,213,152,/content/dataset/shared_dataset_seed9517/images/test/213/a4aebeab-2c85-42c9-962b-ba4afa5ae5a7.jpg,False
213,152,213,152,/content/dataset/shared_dataset_seed9517/images/test/213/ac0d7d07-ceb8-4e0c-ae0d-2bcd717e90ea.jpg,False
213,213,213,213,/content/dataset/shared_dataset_seed9517/images/test/213/ac441891-0b11-4df0-b9a0-687be16431f7.jpg,True
213,213,213,213,/content/dataset/shared_dataset_seed9517/images/test/213/dea3e8fd-0466-4be9-a30f-227d7a5482ea.jpg,True
213,213,213,213,/content/dataset/shared_dataset_seed9517/images/test/213/e3be6cb6-7a43-44c8-9231-df76cc845d4d.jpg,True
213,213,213,213,/content/dataset/shared_dataset_seed9517/images/test/213/e3deb500-29cf-41f9-a8af-5a55cb26b1f2.jpg,True
214,214,214,214,/content/dataset/shared_dataset_seed9517/images/test/214/3140bf16-4b17-45fd-9f31-65e30337362f.jpg,True
214,214,214,214,/content/dataset/shared_dataset_seed9517/images/test/214/3214651c-2367-4bc0-b8b7-da917ad3306b.jpg,True
214,403,214,403,/content/dataset/shared_dataset_seed9517/images/test/214/3c36c7ef-c1fc-4d0c-a4b4-2fef20ae514d.jpg,False
214,214,214,214,/content/dataset/shared_dataset_seed9517/images/test/214/3d90900e-6a78-40db-ad80-3aeca3f403f9.jpg,True
214,279,214,279,/content/dataset/shared_dataset_seed9517/images/test/214/4dce0b5c-6cd4-42ba-9988-a6df653cb3ee.jpg,False
214,215,214,215,/content/dataset/shared_dataset_seed9517/images/test/214/52c35c5b-5abe-4f73-8b94-ec91201dcf7c.jpg,False
214,214,214,214,/content/dataset/shared_dataset_seed9517/images/test/214/b4e2569c-5d93-4a70-b0a9-2c9f745075dc.jpg,True
214,214,214,214,/content/dataset/shared_dataset_seed9517/images/test/214/d764e78d-4f36-42ea-9b3e-ffbb3fa6558d.jpg,True
214,171,214,171,/content/dataset/shared_dataset_seed9517/images/test/214/e86789cc-572a-45ef-97f9-220e97b8039f.jpg,False
214,188,214,188,/content/dataset/shared_dataset_seed9517/images/test/214/e8d69a8f-e5f2-4aaf-8c25-c267bbc45f11.jpg,False
215,215,215,215,/content/dataset/shared_dataset_seed9517/images/test/215/0ac5ea1f-3ea2-45fd-8faa-110a5a1568ad.jpg,True
215,228,215,228,/content/dataset/shared_dataset_seed9517/images/test/215/18642588-0c30-417e-91a8-1046febcc954.jpg,False
215,33,215,33,/content/dataset/shared_dataset_seed9517/images/test/215/41bcfa2e-ccbc-4c84-90fc-c4650a91ca99.jpg,False
215,215,215,215,/content/dataset/shared_dataset_seed9517/images/test/215/534f2b0a-546d-4205-87e5-275331c29845.jpg,True
215,214,215,214,/content/dataset/shared_dataset_seed9517/images/test/215/7c147cf7-d626-4472-9d2d-d8b8f9f41585.jpg,False
215,237,215,237,/content/dataset/shared_dataset_seed9517/images/test/215/9843dfb5-1c1a-459b-be47-5b22d259322f.jpg,False
215,215,215,215,/content/dataset/shared_dataset_seed9517/images/test/215/9de5b8e9-2a88-4b64-89ed-8bd4b420cc0f.jpg,True
215,215,215,215,/content/dataset/shared_dataset_seed9517/images/test/215/9f61bd33-6abf-491b-82c9-b0a88dc93e35.jpg,True
215,214,215,214,/content/dataset/shared_dataset_seed9517/images/test/215/cc97d266-0f4f-4f88-abe4-9533d2509b0e.jpg,False
215,215,215,215,/content/dataset/shared_dataset_seed9517/images/test/215/f023d6cd-6206-49ac-8443-7f221fb47efc.jpg,True
216,216,216,216,/content/dataset/shared_dataset_seed9517/images/test/216/03b49897-d72e-4379-b355-62f27c130a68.jpg,True
216,150,216,150,/content/dataset/shared_dataset_seed9517/images/test/216/03d23921-d245-4fa9-ada2-71ed4593ac8d.jpg,False
216,216,216,216,/content/dataset/shared_dataset_seed9517/images/test/216/28db183d-f78a-446f-bd28-519e09896508.jpg,True
216,217,216,217,/content/dataset/shared_dataset_seed9517/images/test/216/2ad5840f-f26d-4c6f-a5f0-f6ec8adf4f0d.jpg,False
216,150,216,150,/content/dataset/shared_dataset_seed9517/images/test/216/45b26750-74b5-4e74-8652-0a62fb327739.jpg,False
216,178,216,178,/content/dataset/shared_dataset_seed9517/images/test/216/54a4d627-06c3-47d7-ad3c-d4c8294edde5.jpg,False
216,229,216,229,/content/dataset/shared_dataset_seed9517/images/test/216/649316c9-6a9e-4e2b-80d5-eff851645a3f.jpg,False
216,152,216,152,/content/dataset/shared_dataset_seed9517/images/test/216/82681475-1614-44a8-a221-d974d106935f.jpg,False
216,150,216,150,/content/dataset/shared_dataset_seed9517/images/test/216/dfa039fa-b3f4-46cd-bec5-6db5057a21e6.jpg,False
216,216,216,216,/content/dataset/shared_dataset_seed9517/images/test/216/f185abe4-96d5-4bee-b726-3ac679aee3db.jpg,True
217,217,217,217,/content/dataset/shared_dataset_seed9517/images/test/217/1e711a94-93af-4cb7-932d-eae6d1b42e80.jpg,True
217,150,217,150,/content/dataset/shared_dataset_seed9517/images/test/217/37f5cffa-d35c-4e77-b23f-462f9f045d87.jpg,False
217,178,217,178,/content/dataset/shared_dataset_seed9517/images/test/217/3ad04699-a524-4619-88b4-419273ce60ba.jpg,False
217,217,217,217,/content/dataset/shared_dataset_seed9517/images/test/217/4d47f260-6798-4339-a39e-c71d6a6c586a.jpg,True
217,217,217,217,/content/dataset/shared_dataset_seed9517/images/test/217/55f85ca0-a3c2-4cb9-b396-a2b80ed58a5d.jpg,True
217,217,217,217,/content/dataset/shared_dataset_seed9517/images/test/217/560068d1-fd87-4d2a-b047-675bf7839987.jpg,True
217,217,217,217,/content/dataset/shared_dataset_seed9517/images/test/217/57abc2c9-c5a6-42a0-9ba9-74d1bd4e433b.jpg,True
217,217,217,217,/content/dataset/shared_dataset_seed9517/images/test/217/7e7b92fe-a43f-496c-afef-24f2d6bcfdb7.jpg,True
217,220,217,220,/content/dataset/shared_dataset_seed9517/images/test/217/97346d7e-f809-49e2-beff-1f3a0498b3f8.jpg,False
217,217,217,217,/content/dataset/shared_dataset_seed9517/images/test/217/e58ed5a2-5cac-4ac6-afe5-4c14031c8dd9.jpg,True
218,218,218,218,/content/dataset/shared_dataset_seed9517/images/test/218/159c6919-b7ea-4d62-b324-d27969ffd06f.jpg,True
218,218,218,218,/content/dataset/shared_dataset_seed9517/images/test/218/21c902a2-2eac-403e-90b1-e2be503ea9a0.jpg,True
218,218,218,218,/content/dataset/shared_dataset_seed9517/images/test/218/78365c31-5ce1-466b-8a76-4f7c15e8c8a8.jpg,True
218,218,218,218,/content/dataset/shared_dataset_seed9517/images/test/218/78641bd3-ea95-4f51-b9dc-bd7e47213f6f.jpg,True
218,218,218,218,/content/dataset/shared_dataset_seed9517/images/test/218/a34c89cb-20d2-41ec-82b7-bcacb58b74c9.jpg,True
218,218,218,218,/content/dataset/shared_dataset_seed9517/images/test/218/c1417694-6876-488e-9199-117633998b96.jpg,True
218,218,218,218,/content/dataset/shared_dataset_seed9517/images/test/218/e9eec831-a671-4b56-a716-c34d17b7d558.jpg,True
218,218,218,218,/content/dataset/shared_dataset_seed9517/images/test/218/f50321d7-a963-43d0-869c-af5cb212eeeb.jpg,True
218,218,218,218,/content/dataset/shared_dataset_seed9517/images/test/218/fa2ac48a-4ead-4bff-8611-cefa16c7d05d.jpg,True
218,218,218,218,/content/dataset/shared_dataset_seed9517/images/test/218/fd16a324-f831-45b7-90b0-7630eaf3532a.jpg,True
219,219,219,219,/content/dataset/shared_dataset_seed9517/images/test/219/04bfa0df-ef72-40b5-8cdd-df609bed3098.jpg,True
219,134,219,134,/content/dataset/shared_dataset_seed9517/images/test/219/0fda5640-990c-4e3a-9092-f8fb43ad10d0.jpg,False
219,251,219,251,/content/dataset/shared_dataset_seed9517/images/test/219/22286000-c25a-4a70-ba4a-d4b0460e61a1.jpg,False
219,219,219,219,/content/dataset/shared_dataset_seed9517/images/test/219/5154dcce-4251-461d-a015-451e1a26db17.jpg,True
219,219,219,219,/content/dataset/shared_dataset_seed9517/images/test/219/68435441-0e66-4ac9-9a77-7f2bc7f76be5.jpg,True
219,150,219,150,/content/dataset/shared_dataset_seed9517/images/test/219/845a308c-95e8-49d0-9749-315f3ce893a3.jpg,False
219,219,219,219,/content/dataset/shared_dataset_seed9517/images/test/219/8ce041f9-7ec1-4937-bf6c-3992f45dbbd8.jpg,True
219,219,219,219,/content/dataset/shared_dataset_seed9517/images/test/219/b054d2c7-1d5c-471e-946f-226de20a4587.jpg,True
219,136,219,136,/content/dataset/shared_dataset_seed9517/images/test/219/ba9c4013-ae5c-42eb-8186-0408d04d70fc.jpg,False
219,219,219,219,/content/dataset/shared_dataset_seed9517/images/test/219/f8b7228e-960b-46ac-9359-9828b192a0dc.jpg,True
220,220,220,220,/content/dataset/shared_dataset_seed9517/images/test/220/0c245645-66d2-4085-a778-619c89ddc2a2.jpg,True
220,220,220,220,/content/dataset/shared_dataset_seed9517/images/test/220/15d74171-9787-4515-a3c5-1a119c33b66b.jpg,True
220,220,220,220,/content/dataset/shared_dataset_seed9517/images/test/220/19b77194-64e0-48cb-85ee-a50b5b99ed2a.jpg,True
220,220,220,220,/content/dataset/shared_dataset_seed9517/images/test/220/2482a600-d880-450c-814a-e917843cb6da.jpg,True
220,220,220,220,/content/dataset/shared_dataset_seed9517/images/test/220/557a00ba-8a6b-45bf-88ff-6813d64b9e72.jpg,True
220,220,220,220,/content/dataset/shared_dataset_seed9517/images/test/220/7833e0e6-afa8-4e90-831a-e2cf893b95ed.jpg,True
220,220,220,220,/content/dataset/shared_dataset_seed9517/images/test/220/84183bff-7355-4963-86c0-6d7214238298.jpg,True
220,220,220,220,/content/dataset/shared_dataset_seed9517/images/test/220/8a4a2afb-7831-4319-b390-6d87a991bf53.jpg,True
220,220,220,220,/content/dataset/shared_dataset_seed9517/images/test/220/b8854f29-e874-4646-8b37-4bbcd0e73ed1.jpg,True
220,162,220,162,/content/dataset/shared_dataset_seed9517/images/test/220/c9476e9e-23ce-4b07-8294-0bf6978524f2.jpg,False
221,222,221,222,/content/dataset/shared_dataset_seed9517/images/test/221/073dd36e-22f9-456a-94a7-cea505bde459.jpg,False
221,221,221,221,/content/dataset/shared_dataset_seed9517/images/test/221/13473a05-8432-4195-883b-06884344faec.jpg,True
221,221,221,221,/content/dataset/shared_dataset_seed9517/images/test/221/30cc6c52-f52f-4a0c-962f-000fa188caac.jpg,True
221,221,221,221,/content/dataset/shared_dataset_seed9517/images/test/221/3984d655-294c-4af4-9480-d3b0021452a6.jpg,True
221,221,221,221,/content/dataset/shared_dataset_seed9517/images/test/221/5917b6be-b3cc-46fa-ab04-e33887af2b7a.jpg,True
221,221,221,221,/content/dataset/shared_dataset_seed9517/images/test/221/8c47d665-9ce1-44a8-86e9-337651ccabb9.jpg,True
221,221,221,221,/content/dataset/shared_dataset_seed9517/images/test/221/8d787e44-b755-4f03-b2be-0b86f0861a72.jpg,True
221,221,221,221,/content/dataset/shared_dataset_seed9517/images/test/221/99945e72-f587-4257-92de-0f34f1baa6cf.jpg,True
221,221,221,221,/content/dataset/shared_dataset_seed9517/images/test/221/cfff82ae-60df-443d-965b-32a609d247ba.jpg,True
221,229,221,229,/content/dataset/shared_dataset_seed9517/images/test/221/f791df2e-b56c-416f-b656-1369576c6704.jpg,False
222,222,222,222,/content/dataset/shared_dataset_seed9517/images/test/222/47700a8e-7c89-4427-9873-7b0daecf8578.jpg,True
222,222,222,222,/content/dataset/shared_dataset_seed9517/images/test/222/4862f78e-409a-4395-93ae-c25addcab6fe.jpg,True
222,488,222,488,/content/dataset/shared_dataset_seed9517/images/test/222/486af590-3a8f-43ca-96f4-8d213ad98765.jpg,False
222,222,222,222,/content/dataset/shared_dataset_seed9517/images/test/222/a3838c21-e7c3-4b6b-96d2-ce15ba1eddca.jpg,True
222,233,222,233,/content/dataset/shared_dataset_seed9517/images/test/222/a6b53efd-aa1f-4ad1-aa28-2761cd8f9678.jpg,False
222,143,222,143,/content/dataset/shared_dataset_seed9517/images/test/222/b2155dbd-56bf-4436-bb0c-7c2248247c5c.jpg,False
222,233,222,233,/content/dataset/shared_dataset_seed9517/images/test/222/bbf01610-83fa-4777-a0b4-739871f141d2.jpg,False
222,222,222,222,/content/dataset/shared_dataset_seed9517/images/test/222/cbe839cf-aab7-4b3c-90ed-53d5fd18e411.jpg,True
222,263,222,263,/content/dataset/shared_dataset_seed9517/images/test/222/e2406060-f634-440d-9b96-4635fe2b9d40.jpg,False
222,138,222,138,/content/dataset/shared_dataset_seed9517/images/test/222/eb1a31c1-a8c0-4f86-8dc0-6a682e721c3d.jpg,False
223,223,223,223,/content/dataset/shared_dataset_seed9517/images/test/223/08262b72-b7e1-4447-9179-05ea7d1e00d5.jpg,True
223,223,223,223,/content/dataset/shared_dataset_seed9517/images/test/223/10a4d9c6-117d-485b-9c5d-a8b6572cb2b1.jpg,True
223,281,223,281,/content/dataset/shared_dataset_seed9517/images/test/223/24dda84a-2957-4222-863a-c436522dc256.jpg,False
223,156,223,156,/content/dataset/shared_dataset_seed9517/images/test/223/5218a3dc-5840-479e-a6cc-d21a11c4d5a7.jpg,False
223,221,223,221,/content/dataset/shared_dataset_seed9517/images/test/223/57edff35-23da-4949-878d-ba80604041d3.jpg,False
223,224,223,224,/content/dataset/shared_dataset_seed9517/images/test/223/5b749fc4-ab16-4163-8c27-680c1f199203.jpg,False
223,223,223,223,/content/dataset/shared_dataset_seed9517/images/test/223/6c050b96-ebd1-44bb-a260-ad744d7f3e1b.jpg,True
223,49,223,49,/content/dataset/shared_dataset_seed9517/images/test/223/77d7750b-9f93-44dc-87ff-2c3406aeca1d.jpg,False
223,246,223,246,/content/dataset/shared_dataset_seed9517/images/test/223/9ee0420d-ee4c-4556-b01f-754d44b7cd99.jpg,False
223,223,223,223,/content/dataset/shared_dataset_seed9517/images/test/223/f90f7914-7d70-4609-b4d2-3287848eaf60.jpg,True
224,224,224,224,/content/dataset/shared_dataset_seed9517/images/test/224/299ae881-3c42-4fcf-b7de-569be9f84ac0.jpg,True
224,224,224,224,/content/dataset/shared_dataset_seed9517/images/test/224/4af8753c-62c6-49f8-b4c0-65fc8d6ca701.jpg,True
224,237,224,237,/content/dataset/shared_dataset_seed9517/images/test/224/4ecad340-33d0-476c-8a84-0a6f93719aa0.jpg,False
224,224,224,224,/content/dataset/shared_dataset_seed9517/images/test/224/710b9cae-8977-49ed-bebc-10d33387b6f8.jpg,True
224,222,224,222,/content/dataset/shared_dataset_seed9517/images/test/224/9861b73d-8b1d-4a53-b5ab-992f7cab58b6.jpg,False
224,224,224,224,/content/dataset/shared_dataset_seed9517/images/test/224/c1dd68a6-9b4a-4bde-b615-cb85a434b896.jpg,True
224,224,224,224,/content/dataset/shared_dataset_seed9517/images/test/224/c9e0e322-2902-4691-80a6-3c5b4ad6d8d3.jpg,True
224,224,224,224,/content/dataset/shared_dataset_seed9517/images/test/224/d519bea6-db4f-4b2a-88c6-577b06eb0911.jpg,True
224,224,224,224,/content/dataset/shared_dataset_seed9517/images/test/224/d67a9e85-b692-4d33-8f17-5684ca820519.jpg,True
224,224,224,224,/content/dataset/shared_dataset_seed9517/images/test/224/f19ab2df-1729-4cd2-b84a-ec7f21f94a82.jpg,True
225,225,225,225,/content/dataset/shared_dataset_seed9517/images/test/225/0afcb26e-d681-45f1-9178-853f85cb1986.jpg,True
225,223,225,223,/content/dataset/shared_dataset_seed9517/images/test/225/14b83c18-104e-49f9-94f0-ed895d6f8a3c.jpg,False
225,223,225,223,/content/dataset/shared_dataset_seed9517/images/test/225/481981dc-453d-4503-814d-b1b361c63af4.jpg,False
225,233,225,233,/content/dataset/shared_dataset_seed9517/images/test/225/48ece5e8-c510-4f44-954a-83ec294fdac3.jpg,False
225,220,225,220,/content/dataset/shared_dataset_seed9517/images/test/225/4f83a10e-8f5b-4683-9145-cae5460e004c.jpg,False
225,225,225,225,/content/dataset/shared_dataset_seed9517/images/test/225/5978d162-c7d9-454e-98b4-82c52c91a466.jpg,True
225,223,225,223,/content/dataset/shared_dataset_seed9517/images/test/225/635b2f74-fa36-4df6-a572-7841a14a0a85.jpg,False
225,226,225,226,/content/dataset/shared_dataset_seed9517/images/test/225/82c485db-c467-4862-a75b-bbf8f07e233f.jpg,False
225,224,225,224,/content/dataset/shared_dataset_seed9517/images/test/225/c23cc5f9-1e46-4bab-89c4-77bb7efd35b6.jpg,False
225,223,225,223,/content/dataset/shared_dataset_seed9517/images/test/225/ea9b16b9-4150-4e32-af8c-193a2cb1caf9.jpg,False
226,226,226,226,/content/dataset/shared_dataset_seed9517/images/test/226/162a7f1e-9142-40a4-8c5c-97dd6bbf66fd.jpg,True
226,214,226,214,/content/dataset/shared_dataset_seed9517/images/test/226/30869b5e-b480-44e2-bc1f-700b810a943a.jpg,False
226,226,226,226,/content/dataset/shared_dataset_seed9517/images/test/226/32f914d3-12af-4476-9796-a674e2b65e0a.jpg,True
226,226,226,226,/content/dataset/shared_dataset_seed9517/images/test/226/83e70775-d74e-4749-9dcc-020fc8252b39.jpg,True
226,226,226,226,/content/dataset/shared_dataset_seed9517/images/test/226/8a7d6e6f-463a-4c72-a1ca-4805a3bda01b.jpg,True
226,226,226,226,/content/dataset/shared_dataset_seed9517/images/test/226/9ec2a1c4-2f98-4cfb-97ce-91236b102673.jpg,True
226,76,226,76,/content/dataset/shared_dataset_seed9517/images/test/226/a878b97f-5182-473c-9366-ca5ff6ff9f46.jpg,False
226,226,226,226,/content/dataset/shared_dataset_seed9517/images/test/226/dff7ca0d-7933-4b19-a420-9c4426fd1e1f.jpg,True
226,226,226,226,/content/dataset/shared_dataset_seed9517/images/test/226/e2878150-9968-4de9-af21-8da592451d7c.jpg,True
226,216,226,216,/content/dataset/shared_dataset_seed9517/images/test/226/f2612017-3cda-4005-bab9-698028319546.jpg,False
227,227,227,227,/content/dataset/shared_dataset_seed9517/images/test/227/058c3d2d-4e77-4e93-a337-c29e217270d1.jpg,True
227,227,227,227,/content/dataset/shared_dataset_seed9517/images/test/227/1716547e-14f6-4278-96df-5329a25a48dc.jpg,True
227,227,227,227,/content/dataset/shared_dataset_seed9517/images/test/227/1b70f02b-56a9-4641-bbda-17977b99dec3.jpg,True
227,232,227,232,/content/dataset/shared_dataset_seed9517/images/test/227/209b0cd5-4bf2-4cf6-98ba-7efb9c19dfba.jpg,False
227,227,227,227,/content/dataset/shared_dataset_seed9517/images/test/227/5316b935-e14b-452a-8d22-c0fee88067de.jpg,True
227,227,227,227,/content/dataset/shared_dataset_seed9517/images/test/227/94528fb8-603f-4d23-baa6-2b6c8315b2b3.jpg,True
227,227,227,227,/content/dataset/shared_dataset_seed9517/images/test/227/a8925e27-59c2-40bb-8000-0af9c0d731ad.jpg,True
227,227,227,227,/content/dataset/shared_dataset_seed9517/images/test/227/c88e8c61-7c31-4cc7-9182-5b377e66addf.jpg,True
227,227,227,227,/content/dataset/shared_dataset_seed9517/images/test/227/d8e641aa-c81e-4534-aebd-7cd5d4db3e25.jpg,True
227,151,227,151,/content/dataset/shared_dataset_seed9517/images/test/227/f0e4542c-ffd4-40e1-a74b-490f2dd127b4.jpg,False
228,228,228,228,/content/dataset/shared_dataset_seed9517/images/test/228/0c829114-55cd-4e72-9462-58620ddb5b90.jpg,True
228,228,228,228,/content/dataset/shared_dataset_seed9517/images/test/228/4de19891-071d-4388-87ee-eb527b29d16c.jpg,True
228,228,228,228,/content/dataset/shared_dataset_seed9517/images/test/228/619e8f69-3c26-448b-bf15-ec7544f7c778.jpg,True
228,228,228,228,/content/dataset/shared_dataset_seed9517/images/test/228/6b78372b-768a-4fe5-a2bc-f05ef3e1497d.jpg,True
228,228,228,228,/content/dataset/shared_dataset_seed9517/images/test/228/6d67dc90-c42b-41d5-844b-07051bac0c34.jpg,True
228,228,228,228,/content/dataset/shared_dataset_seed9517/images/test/228/706be221-52b8-4569-8a7e-0a403b9e08e7.jpg,True
228,228,228,228,/content/dataset/shared_dataset_seed9517/images/test/228/9f7f96e4-8916-45b0-8f40-bc5c216e81f2.jpg,True
228,228,228,228,/content/dataset/shared_dataset_seed9517/images/test/228/b470bd75-c5ed-44b6-b3fb-cc18f1117e06.jpg,True
228,228,228,228,/content/dataset/shared_dataset_seed9517/images/test/228/e999a158-4f3c-4ae6-ba80-2c5e5c9053cf.jpg,True
228,228,228,228,/content/dataset/shared_dataset_seed9517/images/test/228/edfcaff9-f27c-4095-8522-2d4d02da759a.jpg,True
229,229,229,229,/content/dataset/shared_dataset_seed9517/images/test/229/03271829-8cfd-404e-ad6f-0ed6aa773288.jpg,True
229,229,229,229,/content/dataset/shared_dataset_seed9517/images/test/229/309cf6a0-c717-499c-b009-383600c89de9.jpg,True
229,229,229,229,/content/dataset/shared_dataset_seed9517/images/test/229/400f338c-f172-4648-9647-e8afadba93f2.jpg,True
229,229,229,229,/content/dataset/shared_dataset_seed9517/images/test/229/52a28606-e61a-401d-9fa0-9643dde53848.jpg,True
229,229,229,229,/content/dataset/shared_dataset_seed9517/images/test/229/7b45b122-cc51-4569-8482-1cac441e2669.jpg,True
229,229,229,229,/content/dataset/shared_dataset_seed9517/images/test/229/7cde20a5-c1b2-4cab-8946-8acfc3fce27c.jpg,True
229,232,229,232,/content/dataset/shared_dataset_seed9517/images/test/229/a29c82c3-ee7a-4545-b9d3-3e8b4b5fe129.jpg,False
229,229,229,229,/content/dataset/shared_dataset_seed9517/images/test/229/b19a9831-93ec-42f2-b8cf-2e3f5358e5d8.jpg,True
229,229,229,229,/content/dataset/shared_dataset_seed9517/images/test/229/d6651291-60a3-4d3f-bbc6-dd1f4ec1b04a.jpg,True
229,229,229,229,/content/dataset/shared_dataset_seed9517/images/test/229/ed477958-7dda-49ec-b837-dec8f52b1e51.jpg,True
230,230,230,230,/content/dataset/shared_dataset_seed9517/images/test/230/01f06435-b7f1-46e5-882f-749f0d0b86c6.jpg,True
230,152,230,152,/content/dataset/shared_dataset_seed9517/images/test/230/1aba7f54-6c22-43af-812d-36bab89e4b00.jpg,False
230,272,230,272,/content/dataset/shared_dataset_seed9517/images/test/230/282076cd-f687-4693-9a08-0138f887dbb6.jpg,False
230,150,230,150,/content/dataset/shared_dataset_seed9517/images/test/230/6c4d74e5-9f60-4a37-af90-1de71ec8303b.jpg,False
230,407,230,407,/content/dataset/shared_dataset_seed9517/images/test/230/767321d3-f3f5-4f07-ac35-d329b69bdad3.jpg,False
230,150,230,150,/content/dataset/shared_dataset_seed9517/images/test/230/86373ea0-a911-4bc8-af3c-8c7e764de96a.jpg,False
230,230,230,230,/content/dataset/shared_dataset_seed9517/images/test/230/8d2f5bca-4d19-45d1-a4b4-1d5fd6f95c48.jpg,True
230,232,230,232,/content/dataset/shared_dataset_seed9517/images/test/230/b6b071a7-c666-4eaf-82bf-b4a8944cd800.jpg,False
230,130,230,130,/content/dataset/shared_dataset_seed9517/images/test/230/b856bb30-cbee-4e41-b1be-824c4a784cd9.jpg,False
230,230,230,230,/content/dataset/shared_dataset_seed9517/images/test/230/fc132a84-9d43-4f28-b63e-8948b0bcb5b1.jpg,True
231,231,231,231,/content/dataset/shared_dataset_seed9517/images/test/231/2b3f48f9-851d-4d4d-bc52-38d216b5bb35.jpg,True
231,231,231,231,/content/dataset/shared_dataset_seed9517/images/test/231/3fb5c978-d999-476f-9a34-2d195d54cefd.jpg,True
231,231,231,231,/content/dataset/shared_dataset_seed9517/images/test/231/6b50cbc3-9bc4-4385-9bf9-3997b0f58b94.jpg,True
231,231,231,231,/content/dataset/shared_dataset_seed9517/images/test/231/7034795f-7ac9-4aaa-89e5-fa7eecff33a2.jpg,True
231,231,231,231,/content/dataset/shared_dataset_seed9517/images/test/231/9e35d9eb-ad31-48b7-bdd2-22020cf917dc.jpg,True
231,231,231,231,/content/dataset/shared_dataset_seed9517/images/test/231/9f9b247e-4a7e-4d8a-867b-e28a5a4b3e73.jpg,True
231,231,231,231,/content/dataset/shared_dataset_seed9517/images/test/231/ae1c5c1a-d5de-4c74-92f8-13c6d10087ee.jpg,True
231,231,231,231,/content/dataset/shared_dataset_seed9517/images/test/231/ce48dc7e-079b-4bcf-9526-bdefe6f55a0e.jpg,True
231,231,231,231,/content/dataset/shared_dataset_seed9517/images/test/231/f2e5b308-0b81-4114-a534-3a05b40324b5.jpg,True
231,231,231,231,/content/dataset/shared_dataset_seed9517/images/test/231/f5d219c6-0507-4c87-93b7-430c702fa8bf.jpg,True
232,232,232,232,/content/dataset/shared_dataset_seed9517/images/test/232/0bad348c-df36-4e92-9bbc-b7f545ba6ab9.jpg,True
232,232,232,232,/content/dataset/shared_dataset_seed9517/images/test/232/2eeddf1d-2452-4fb0-bf6a-db3c6892c80e.jpg,True
232,232,232,232,/content/dataset/shared_dataset_seed9517/images/test/232/40d654dc-e41e-4c51-887c-b49ad6915c6c.jpg,True
232,232,232,232,/content/dataset/shared_dataset_seed9517/images/test/232/48eb288f-6a4c-4306-9882-4de288b7126f.jpg,True
232,232,232,232,/content/dataset/shared_dataset_seed9517/images/test/232/5f0b574d-3c18-429e-ae26-a197a0dc3050.jpg,True
232,232,232,232,/content/dataset/shared_dataset_seed9517/images/test/232/73374672-8701-4e21-a152-c90ba254bc82.jpg,True
232,232,232,232,/content/dataset/shared_dataset_seed9517/images/test/232/77eff5cb-1602-4f46-9421-5958f43aca10.jpg,True
232,232,232,232,/content/dataset/shared_dataset_seed9517/images/test/232/9276f860-2e32-42e9-acf8-9a71d68d732f.jpg,True
232,232,232,232,/content/dataset/shared_dataset_seed9517/images/test/232/afe07315-54ea-4df9-9dce-d4ffe7e197d7.jpg,True
232,257,232,257,/content/dataset/shared_dataset_seed9517/images/test/232/d621c089-f162-4fa2-9c92-d2fc887659e9.jpg,False
233,233,233,233,/content/dataset/shared_dataset_seed9517/images/test/233/1e8d9786-b2f8-4ba4-9027-fdbb2b70c3f5.jpg,True
233,186,233,186,/content/dataset/shared_dataset_seed9517/images/test/233/3022876f-afea-4a24-984a-52f109258d16.jpg,False
233,233,233,233,/content/dataset/shared_dataset_seed9517/images/test/233/8068b63b-314d-49b9-aaff-395b7788fdae.jpg,True
233,222,233,222,/content/dataset/shared_dataset_seed9517/images/test/233/8979c9b2-0d0e-4c12-b7ec-a6a1bd59f02d.jpg,False
233,233,233,233,/content/dataset/shared_dataset_seed9517/images/test/233/be27dd62-3718-46d1-82c4-7f7ac6787700.jpg,True
233,168,233,168,/content/dataset/shared_dataset_seed9517/images/test/233/bf58141a-142d-43fc-8b82-00dc148d82a5.jpg,False
233,233,233,233,/content/dataset/shared_dataset_seed9517/images/test/233/cf7e442d-f6b7-4d08-85ab-c5e2545a4f3a.jpg,True
233,233,233,233,/content/dataset/shared_dataset_seed9517/images/test/233/dcf06d3a-5efc-49a3-9267-32b110ea4b68.jpg,True
233,167,233,167,/content/dataset/shared_dataset_seed9517/images/test/233/e807c4e5-16f8-4c58-946c-6fc20fca8e83.jpg,False
233,233,233,233,/content/dataset/shared_dataset_seed9517/images/test/233/eec482af-e8b9-40e9-ab9d-a6502087e494.jpg,True
234,141,234,141,/content/dataset/shared_dataset_seed9517/images/test/234/1b072935-8ae6-4d26-bfc5-15eccb153467.jpg,False
234,235,234,235,/content/dataset/shared_dataset_seed9517/images/test/234/452a819c-eb02-4a5c-a4a1-1a6268b8915d.jpg,False
234,234,234,234,/content/dataset/shared_dataset_seed9517/images/test/234/4d0deda9-b3ec-4627-a44b-6d7faabb07da.jpg,True
234,234,234,234,/content/dataset/shared_dataset_seed9517/images/test/234/51ea158f-f9cd-41b6-b33c-75f9e4ba0a02.jpg,True
234,234,234,234,/content/dataset/shared_dataset_seed9517/images/test/234/6621fd9a-c156-4e95-a28c-fcd258075938.jpg,True
234,234,234,234,/content/dataset/shared_dataset_seed9517/images/test/234/866dd587-2df5-4233-a3b2-6438899f3043.jpg,True
234,234,234,234,/content/dataset/shared_dataset_seed9517/images/test/234/a8894137-c71d-4c24-8d6b-e92812139a58.jpg,True
234,234,234,234,/content/dataset/shared_dataset_seed9517/images/test/234/c4e284c2-04e9-4140-a341-1ad0a2a0e4e1.jpg,True
234,246,234,246,/content/dataset/shared_dataset_seed9517/images/test/234/d2246226-0b9b-4efa-ba9e-3e5fb29df0ce.jpg,False
234,235,234,235,/content/dataset/shared_dataset_seed9517/images/test/234/d67de047-4638-4399-9f45-b894972ce9a6.jpg,False
235,235,235,235,/content/dataset/shared_dataset_seed9517/images/test/235/18bcedd9-7208-4ab5-95ae-e2f6d5153241.jpg,True
235,235,235,235,/content/dataset/shared_dataset_seed9517/images/test/235/4148eeff-e543-4a0b-a816-5cae673ce0a0.jpg,True
235,235,235,235,/content/dataset/shared_dataset_seed9517/images/test/235/5e441319-249e-406d-9e8b-6481b897e357.jpg,True
235,235,235,235,/content/dataset/shared_dataset_seed9517/images/test/235/612e29b0-0a2d-4255-8044-3db17382d242.jpg,True
235,235,235,235,/content/dataset/shared_dataset_seed9517/images/test/235/7734e14b-8ccf-457b-a1a6-3b3aebb2f19d.jpg,True
235,162,235,162,/content/dataset/shared_dataset_seed9517/images/test/235/977c6b13-f31c-45b6-b34c-8ebc22000888.jpg,False
235,235,235,235,/content/dataset/shared_dataset_seed9517/images/test/235/a13b5ad4-713f-4767-9d07-ee76ead435ec.jpg,True
235,234,235,234,/content/dataset/shared_dataset_seed9517/images/test/235/a89a0977-70c0-4ed7-a11c-04a3e2106826.jpg,False
235,235,235,235,/content/dataset/shared_dataset_seed9517/images/test/235/ad2efd33-2128-4341-a179-faab1cff78cb.jpg,True
235,145,235,145,/content/dataset/shared_dataset_seed9517/images/test/235/d945edcf-1f90-45d6-b272-a3ba9fce4bbd.jpg,False
236,241,236,241,/content/dataset/shared_dataset_seed9517/images/test/236/0594effc-c526-415f-87f1-6d6efce68550.jpg,False
236,236,236,236,/content/dataset/shared_dataset_seed9517/images/test/236/0704dc24-a470-48a5-8d9e-1ddd9fed1a09.jpg,True
236,240,236,240,/content/dataset/shared_dataset_seed9517/images/test/236/0ff18ec7-b4c0-4a63-afe6-f7aa4be8020d.jpg,False
236,236,236,236,/content/dataset/shared_dataset_seed9517/images/test/236/55a59f34-670e-43a9-b0af-9f96c4115c89.jpg,True
236,241,236,241,/content/dataset/shared_dataset_seed9517/images/test/236/6d22a134-b631-4113-9d15-1c2e70d40554.jpg,False
236,236,236,236,/content/dataset/shared_dataset_seed9517/images/test/236/978eb1e5-3a9a-4144-8072-9e26e1fb7a31.jpg,True
236,462,236,462,/content/dataset/shared_dataset_seed9517/images/test/236/bcf0f230-72f3-4bae-890a-1aa321728d2c.jpg,False
236,236,236,236,/content/dataset/shared_dataset_seed9517/images/test/236/c27dfc9a-8d33-4dcd-9e57-3002eb13fad4.jpg,True
236,241,236,241,/content/dataset/shared_dataset_seed9517/images/test/236/dc631f37-6359-4bf9-9899-9a48b8adc870.jpg,False
236,236,236,236,/content/dataset/shared_dataset_seed9517/images/test/236/ecae8555-c9cc-496a-8ee1-edf0e053ae90.jpg,True
237,237,237,237,/content/dataset/shared_dataset_seed9517/images/test/237/1052f8f7-756e-42ab-8b71-6e11ebbb527a.jpg,True
237,145,237,145,/content/dataset/shared_dataset_seed9517/images/test/237/19e09080-91b6-4483-8b62-38e0b4e89c43.jpg,False
237,237,237,237,/content/dataset/shared_dataset_seed9517/images/test/237/64c83e41-8055-490f-83d8-e3918a54d1a7.jpg,True
237,476,237,476,/content/dataset/shared_dataset_seed9517/images/test/237/6e2e4052-abcd-4152-850a-2be953507c5d.jpg,False
237,237,237,237,/content/dataset/shared_dataset_seed9517/images/test/237/7a203e6c-8293-494f-b743-c555c303b4e4.jpg,True
237,246,237,246,/content/dataset/shared_dataset_seed9517/images/test/237/7df85b64-6a45-4265-bebd-720aba2d908b.jpg,False
237,272,237,272,/content/dataset/shared_dataset_seed9517/images/test/237/8d20d925-5c7b-43a1-8f81-783ca1d0c0ca.jpg,False
237,237,237,237,/content/dataset/shared_dataset_seed9517/images/test/237/974d57e0-ffaf-42ac-bce2-6d48f5147136.jpg,True
237,237,237,237,/content/dataset/shared_dataset_seed9517/images/test/237/a6490e2b-c75e-4f0e-a0d8-ea24b39b8d57.jpg,True
237,296,237,296,/content/dataset/shared_dataset_seed9517/images/test/237/f8f35e90-4036-4c73-b266-aa0fd965381d.jpg,False
238,238,238,238,/content/dataset/shared_dataset_seed9517/images/test/238/3b9578be-e08f-4653-aeb5-a0dbaacad354.jpg,True
238,238,238,238,/content/dataset/shared_dataset_seed9517/images/test/238/4582ba58-4a23-4928-8cca-bff598c7db58.jpg,True
238,240,238,240,/content/dataset/shared_dataset_seed9517/images/test/238/76ebe106-9857-4d78-bd22-f533471f2be3.jpg,False
238,238,238,238,/content/dataset/shared_dataset_seed9517/images/test/238/76ed9dc9-aa95-4324-9180-3ba987ddd1c2.jpg,True
238,238,238,238,/content/dataset/shared_dataset_seed9517/images/test/238/9108de29-3a64-488c-884c-6fbbb3156d6d.jpg,True
238,467,238,467,/content/dataset/shared_dataset_seed9517/images/test/238/ac2ab00a-d0d3-4104-8483-ec66208af5ad.jpg,False
238,238,238,238,/content/dataset/shared_dataset_seed9517/images/test/238/b17b26cb-cb69-4063-83ff-f2d97bb92e64.jpg,True
238,398,238,398,/content/dataset/shared_dataset_seed9517/images/test/238/c30ce183-6944-43bd-bd05-2047308908e5.jpg,False
238,238,238,238,/content/dataset/shared_dataset_seed9517/images/test/238/f2a0b65a-24be-40b0-a2d0-b642f11a42c6.jpg,True
238,238,238,238,/content/dataset/shared_dataset_seed9517/images/test/238/fbb192b8-8930-49b1-961d-acb0bb30ef8c.jpg,True
239,91,239,91,/content/dataset/shared_dataset_seed9517/images/test/239/31c8bd07-d88e-4823-b244-236513f91390.jpg,False
239,239,239,239,/content/dataset/shared_dataset_seed9517/images/test/239/49678d19-03e7-4970-bbb4-160cd9135e8a.jpg,True
239,239,239,239,/content/dataset/shared_dataset_seed9517/images/test/239/959a9806-ff2a-447a-9fe6-0f4bf2b7fd77.jpg,True
239,241,239,241,/content/dataset/shared_dataset_seed9517/images/test/239/9774691b-5129-4c5d-b383-ce466f43e7d3.jpg,False
239,239,239,239,/content/dataset/shared_dataset_seed9517/images/test/239/97f69e89-8421-4f9c-9de0-a7791c4b5277.jpg,True
239,239,239,239,/content/dataset/shared_dataset_seed9517/images/test/239/b2d24158-029c-45e6-8aff-37ee084956cc.jpg,True
239,239,239,239,/content/dataset/shared_dataset_seed9517/images/test/239/d335d620-6ad0-4aae-92c6-341668a4f542.jpg,True
239,239,239,239,/content/dataset/shared_dataset_seed9517/images/test/239/d9afaab6-6b88-49df-891a-d140cd9b557b.jpg,True
239,241,239,241,/content/dataset/shared_dataset_seed9517/images/test/239/ecefe673-1c71-419e-aa73-f436d2d13b82.jpg,False
239,239,239,239,/content/dataset/shared_dataset_seed9517/images/test/239/eda10035-6b5e-467c-bf49-3f196371a5a9.jpg,True
240,240,240,240,/content/dataset/shared_dataset_seed9517/images/test/240/3e33dd71-6861-460d-b04d-ad1b7a64d11b.jpg,True
240,245,240,245,/content/dataset/shared_dataset_seed9517/images/test/240/404f37ff-db9e-4e25-95dd-f81b8301e57c.jpg,False
240,240,240,240,/content/dataset/shared_dataset_seed9517/images/test/240/4b113673-bdfa-4681-8a8a-8673099c2afd.jpg,True
240,245,240,245,/content/dataset/shared_dataset_seed9517/images/test/240/5418bac3-33be-4c96-ba87-3b3598b55ecf.jpg,False
240,128,240,128,/content/dataset/shared_dataset_seed9517/images/test/240/84748541-f98c-4429-abda-5d4e52730bce.jpg,False
240,129,240,129,/content/dataset/shared_dataset_seed9517/images/test/240/90855b84-0c43-4f79-8f4d-0b51a2116241.jpg,False
240,240,240,240,/content/dataset/shared_dataset_seed9517/images/test/240/9fd7a268-9fc4-4ea6-a98e-2d105b4646f0.jpg,True
240,240,240,240,/content/dataset/shared_dataset_seed9517/images/test/240/be8ae38d-18d7-4124-aa3a-675b2f2ddae6.jpg,True
240,240,240,240,/content/dataset/shared_dataset_seed9517/images/test/240/f140ab42-9ef8-4291-b07e-2305edc4dfc8.jpg,True
240,240,240,240,/content/dataset/shared_dataset_seed9517/images/test/240/f64f4d48-4dbf-441e-be36-9d846e022bff.jpg,True
241,245,241,245,/content/dataset/shared_dataset_seed9517/images/test/241/001a8310-2115-48e4-9f60-bc6328469aef.jpg,False
241,78,241,78,/content/dataset/shared_dataset_seed9517/images/test/241/26f1d64b-b8f3-47eb-82eb-5036d0990f96.jpg,False
241,245,241,245,/content/dataset/shared_dataset_seed9517/images/test/241/3eb3b1d9-d9b6-4605-a8b3-1b247eb00794.jpg,False
241,236,241,236,/content/dataset/shared_dataset_seed9517/images/test/241/40787328-7aca-4ee7-b4f3-fb05e83a3351.jpg,False
241,236,241,236,/content/dataset/shared_dataset_seed9517/images/test/241/6910ea2c-e532-48ba-9ab5-aae959ae1c1b.jpg,False
241,245,241,245,/content/dataset/shared_dataset_seed9517/images/test/241/7edb04b5-3ea5-4b4d-ad79-86a758c624d8.jpg,False
241,241,241,241,/content/dataset/shared_dataset_seed9517/images/test/241/8866dd28-3583-40a9-b0f4-dc10d4c20dcd.jpg,True
241,241,241,241,/content/dataset/shared_dataset_seed9517/images/test/241/a78d625d-583a-4c15-8fad-b0c2de069da4.jpg,True
241,236,241,236,/content/dataset/shared_dataset_seed9517/images/test/241/a8909f0d-fa91-4445-9406-5bc836513bd4.jpg,False
241,238,241,238,/content/dataset/shared_dataset_seed9517/images/test/241/b267c7e2-4fda-440f-8101-fce7c5a53c52.jpg,False
242,242,242,242,/content/dataset/shared_dataset_seed9517/images/test/242/0459df18-8d7d-4793-b76d-ceefd0997ab0.jpg,True
242,242,242,242,/content/dataset/shared_dataset_seed9517/images/test/242/0de4e596-1478-41bf-ac22-8b82172f80ba.jpg,True
242,236,242,236,/content/dataset/shared_dataset_seed9517/images/test/242/141e75ad-08b2-4e40-9f1a-ad9d333b385c.jpg,False
242,242,242,242,/content/dataset/shared_dataset_seed9517/images/test/242/3ac7ea85-7ab5-4aa7-9f1e-91dadc9e83e8.jpg,True
242,242,242,242,/content/dataset/shared_dataset_seed9517/images/test/242/6bc9a5d9-ebeb-4e72-932f-eadedc487e66.jpg,True
242,242,242,242,/content/dataset/shared_dataset_seed9517/images/test/242/833bd154-69c6-41f6-87d1-087bd1ac3d76.jpg,True
242,242,242,242,/content/dataset/shared_dataset_seed9517/images/test/242/ae7ca566-2ce8-446b-9642-def388160c1f.jpg,True
242,242,242,242,/content/dataset/shared_dataset_seed9517/images/test/242/e3d52b1c-9ded-4475-b717-8356a969223d.jpg,True
242,145,242,145,/content/dataset/shared_dataset_seed9517/images/test/242/ea25f69e-ad04-4b8b-936d-18d3440f39b4.jpg,False
242,238,242,238,/content/dataset/shared_dataset_seed9517/images/test/242/fe1ec281-7052-444f-84d8-781cf150df50.jpg,False
243,238,243,238,/content/dataset/shared_dataset_seed9517/images/test/243/1b857348-db72-4add-acce-326f7c9c68e2.jpg,False
243,243,243,243,/content/dataset/shared_dataset_seed9517/images/test/243/45a0a390-c5b1-45f9-8e26-83bd88c02511.jpg,True
243,243,243,243,/content/dataset/shared_dataset_seed9517/images/test/243/5d1e41fc-e28a-44c7-94d2-063f258c6fa1.jpg,True
243,247,243,247,/content/dataset/shared_dataset_seed9517/images/test/243/629752d3-996f-4bd6-9052-bd1ad4ee836c.jpg,False
243,243,243,243,/content/dataset/shared_dataset_seed9517/images/test/243/935c2d75-80e7-4ca2-8d5a-0bd54a77f191.jpg,True
243,243,243,243,/content/dataset/shared_dataset_seed9517/images/test/243/c95ecde0-9dba-4ba2-a0fd-a2599b4ae48d.jpg,True
243,388,243,388,/content/dataset/shared_dataset_seed9517/images/test/243/cd326ad6-aceb-4ac3-a373-61bfc24b887e.jpg,False
243,243,243,243,/content/dataset/shared_dataset_seed9517/images/test/243/d7e021c4-2cac-42ca-85be-703343eb923a.jpg,True
243,243,243,243,/content/dataset/shared_dataset_seed9517/images/test/243/d907be6b-70c3-4cdb-865d-e9ae3a5a3a92.jpg,True
243,243,243,243,/content/dataset/shared_dataset_seed9517/images/test/243/e55d72d5-083e-4d38-91fd-dbd51f9010b3.jpg,True
244,244,244,244,/content/dataset/shared_dataset_seed9517/images/test/244/0c0ddeb7-9b3e-4457-a747-cdc710377d5d.jpg,True
244,202,244,202,/content/dataset/shared_dataset_seed9517/images/test/244/433041c2-80a2-413c-8fa8-c6a8c8915606.jpg,False
244,244,244,244,/content/dataset/shared_dataset_seed9517/images/test/244/4b2f9bf0-66aa-4704-af84-e96f5040001e.jpg,True
244,244,244,244,/content/dataset/shared_dataset_seed9517/images/test/244/73b33685-78b7-4d1f-967b-2912f900d8bd.jpg,True
244,107,244,107,/content/dataset/shared_dataset_seed9517/images/test/244/ac587717-b924-483e-953b-d2708e84ee2b.jpg,False
244,244,244,244,/content/dataset/shared_dataset_seed9517/images/test/244/b3f57630-f396-4ea1-8bd4-0dc2dadfcd13.jpg,True
244,237,244,237,/content/dataset/shared_dataset_seed9517/images/test/244/ce59aeb9-d88d-455b-a206-4133abc5fa8b.jpg,False
244,244,244,244,/content/dataset/shared_dataset_seed9517/images/test/244/e84d767f-52ba-420e-852d-e681671d1a60.jpg,True
244,214,244,214,/content/dataset/shared_dataset_seed9517/images/test/244/f004737f-7aad-4852-942f-4ed426eba4a3.jpg,False
244,244,244,244,/content/dataset/shared_dataset_seed9517/images/test/244/f9036930-f157-4150-aa01-608f134a14cd.jpg,True
245,245,245,245,/content/dataset/shared_dataset_seed9517/images/test/245/17d8d8d4-3ef5-4117-80f7-b17345d91fb3.jpg,True
245,245,245,245,/content/dataset/shared_dataset_seed9517/images/test/245/1de139e8-2ca8-45a1-bc37-4fd91a13ea93.jpg,True
245,245,245,245,/content/dataset/shared_dataset_seed9517/images/test/245/236beb47-bb0d-48c2-9d95-f1bdd60bb907.jpg,True
245,243,245,243,/content/dataset/shared_dataset_seed9517/images/test/245/2af1c693-fbd7-404c-9162-b11e8a32408d.jpg,False
245,245,245,245,/content/dataset/shared_dataset_seed9517/images/test/245/3c0bbb38-7559-4f9e-af2e-3fcac194cc41.jpg,True
245,245,245,245,/content/dataset/shared_dataset_seed9517/images/test/245/5e9eaadf-7b0e-4b4c-8302-45adde74f45c.jpg,True
245,245,245,245,/content/dataset/shared_dataset_seed9517/images/test/245/605bbb03-eedb-4238-b9ea-72c887a9da48.jpg,True
245,245,245,245,/content/dataset/shared_dataset_seed9517/images/test/245/81c7263a-9035-40da-a2fb-2af6c72d244f.jpg,True
245,248,245,248,/content/dataset/shared_dataset_seed9517/images/test/245/ea87069e-a197-45cf-8ccd-04b7152abc76.jpg,False
245,245,245,245,/content/dataset/shared_dataset_seed9517/images/test/245/f5e5457c-bd4a-41c3-87b3-e6c8069521ca.jpg,True
246,246,246,246,/content/dataset/shared_dataset_seed9517/images/test/246/0dd71daa-c520-4da1-9a14-3a80dbe51ee9.jpg,True
246,246,246,246,/content/dataset/shared_dataset_seed9517/images/test/246/2555a034-67ca-417b-8b58-67807ec27bac.jpg,True
246,246,246,246,/content/dataset/shared_dataset_seed9517/images/test/246/2ba8591a-214f-4477-a6ae-7d0e71bedff9.jpg,True
246,243,246,243,/content/dataset/shared_dataset_seed9517/images/test/246/2fceba56-c07b-4f2c-84b5-590e6096739b.jpg,False
246,246,246,246,/content/dataset/shared_dataset_seed9517/images/test/246/41050033-3716-41ee-9bf3-f3f832e8fc77.jpg,True
246,246,246,246,/content/dataset/shared_dataset_seed9517/images/test/246/4779cc00-a78a-4752-8837-c2a550f377e9.jpg,True
246,246,246,246,/content/dataset/shared_dataset_seed9517/images/test/246/47a972db-ef4d-412a-860d-6bc6a5fff1fd.jpg,True
246,246,246,246,/content/dataset/shared_dataset_seed9517/images/test/246/596724ca-ef21-4276-83c3-d6288da47d58.jpg,True
246,246,246,246,/content/dataset/shared_dataset_seed9517/images/test/246/677bd443-21a7-44f4-897b-3a4a52ad1f8e.jpg,True
246,246,246,246,/content/dataset/shared_dataset_seed9517/images/test/246/cb4363be-5f36-44a4-860f-81a58d2aaee4.jpg,True
247,157,247,157,/content/dataset/shared_dataset_seed9517/images/test/247/13a00a39-a06d-488b-bb99-785b28a3d3db.jpg,False
247,231,247,231,/content/dataset/shared_dataset_seed9517/images/test/247/200eecdf-68b7-4913-a4b6-7f7b0f46b17a.jpg,False
247,248,247,248,/content/dataset/shared_dataset_seed9517/images/test/247/411c295b-b1e2-4b46-8207-cac9e768ef67.jpg,False
247,247,247,247,/content/dataset/shared_dataset_seed9517/images/test/247/7491b987-e5dd-453b-be0d-9373da0d758e.jpg,True
247,248,247,248,/content/dataset/shared_dataset_seed9517/images/test/247/78844d60-25da-4e38-9deb-f44659f13ecd.jpg,False
247,247,247,247,/content/dataset/shared_dataset_seed9517/images/test/247/7d450060-314b-4a02-89c3-caf044b56e40.jpg,True
247,247,247,247,/content/dataset/shared_dataset_seed9517/images/test/247/83f06439-3b96-4bb6-9f4a-000a966df9fd.jpg,True
247,241,247,241,/content/dataset/shared_dataset_seed9517/images/test/247/a1e359bf-7b16-4375-bbf9-a1fbcb06009e.jpg,False
247,247,247,247,/content/dataset/shared_dataset_seed9517/images/test/247/abd25d45-ee65-416e-a882-476311a023ab.jpg,True
247,6,247,6,/content/dataset/shared_dataset_seed9517/images/test/247/e2ef6d20-768e-4d74-abc7-a624944a0e4c.jpg,False
248,248,248,248,/content/dataset/shared_dataset_seed9517/images/test/248/144ff514-b937-4855-a9c0-cc77e51e125d.jpg,True
248,228,248,228,/content/dataset/shared_dataset_seed9517/images/test/248/2a3e9e2e-d04a-4beb-a746-669665f2a304.jpg,False
248,155,248,155,/content/dataset/shared_dataset_seed9517/images/test/248/33c18e4a-b0eb-487b-bccc-1d4e2f210f4a.jpg,False
248,248,248,248,/content/dataset/shared_dataset_seed9517/images/test/248/3f38b707-4f3d-463d-9882-d1b49b43ff9d.jpg,True
248,247,248,247,/content/dataset/shared_dataset_seed9517/images/test/248/6c71a84e-561f-4765-8a96-a286d274d833.jpg,False
248,248,248,248,/content/dataset/shared_dataset_seed9517/images/test/248/9270c851-ec01-46d3-aebd-5444fddf1e43.jpg,True
248,248,248,248,/content/dataset/shared_dataset_seed9517/images/test/248/99d1c2d1-3399-4944-8264-aa2c1212daa2.jpg,True
248,105,248,105,/content/dataset/shared_dataset_seed9517/images/test/248/b410cc36-5d92-4461-86f9-43e6d55682bf.jpg,False
248,248,248,248,/content/dataset/shared_dataset_seed9517/images/test/248/b8465f22-7b33-4990-8c80-94f903084d2d.jpg,True
248,248,248,248,/content/dataset/shared_dataset_seed9517/images/test/248/fab17f05-2717-4dd8-a962-fda235eeca8c.jpg,True
249,249,249,249,/content/dataset/shared_dataset_seed9517/images/test/249/11572bd4-3ae9-4a0d-b10e-fb700f5c8f24.jpg,True
249,249,249,249,/content/dataset/shared_dataset_seed9517/images/test/249/2676f9f8-9d52-4570-8c59-c5a329b0696f.jpg,True
249,249,249,249,/content/dataset/shared_dataset_seed9517/images/test/249/268be1ee-5baf-4f6b-925f-1e1b4ac9fb64.jpg,True
249,249,249,249,/content/dataset/shared_dataset_seed9517/images/test/249/4f173ab0-9a63-4591-ae6b-f504ff8eca47.jpg,True
249,249,249,249,/content/dataset/shared_dataset_seed9517/images/test/249/74f2f841-92cd-49f7-8fbb-9455da1c4cc8.jpg,True
249,249,249,249,/content/dataset/shared_dataset_seed9517/images/test/249/98ad0fc9-fa31-45c7-839a-a02db06a8e42.jpg,True
249,249,249,249,/content/dataset/shared_dataset_seed9517/images/test/249/aee57c44-96db-4245-ac1c-7e1722fe48e7.jpg,True
249,257,249,257,/content/dataset/shared_dataset_seed9517/images/test/249/d3583727-353d-4cf2-9e9a-24a472734692.jpg,False
249,249,249,249,/content/dataset/shared_dataset_seed9517/images/test/249/d5053901-f65f-40a6-b03e-fab7e39f93b5.jpg,True
249,249,249,249,/content/dataset/shared_dataset_seed9517/images/test/249/f720874e-9f7b-429d-8ee9-2bfb32160eac.jpg,True
250,250,250,250,/content/dataset/shared_dataset_seed9517/images/test/250/009314ca-7d56-421a-860d-c8576a99145c.jpg,True
250,250,250,250,/content/dataset/shared_dataset_seed9517/images/test/250/1cf94f4e-9e8a-40d9-b159-4cb15579395b.jpg,True
250,250,250,250,/content/dataset/shared_dataset_seed9517/images/test/250/37484615-be4b-46d7-b56b-99c211204697.jpg,True
250,250,250,250,/content/dataset/shared_dataset_seed9517/images/test/250/3c1f581f-7199-41f8-a395-34f1ac87e1f5.jpg,True
250,250,250,250,/content/dataset/shared_dataset_seed9517/images/test/250/40ff85a6-5942-4c6e-96c0-3da7ed0354e7.jpg,True
250,250,250,250,/content/dataset/shared_dataset_seed9517/images/test/250/4bce07c8-a05e-4952-aba8-7de8c9c14bda.jpg,True
250,250,250,250,/content/dataset/shared_dataset_seed9517/images/test/250/807ffb8e-d736-45cc-a012-89bad7aa8e0d.jpg,True
250,250,250,250,/content/dataset/shared_dataset_seed9517/images/test/250/81acb8ae-bf43-4ed1-b2a9-db8fe560a137.jpg,True
250,252,250,252,/content/dataset/shared_dataset_seed9517/images/test/250/be9d054d-5958-4606-bea6-f4298bbf0b4b.jpg,False
250,250,250,250,/content/dataset/shared_dataset_seed9517/images/test/250/cfa6a8ce-79c6-4ad2-9ff2-e59da2354799.jpg,True
251,251,251,251,/content/dataset/shared_dataset_seed9517/images/test/251/2adae0dd-9c46-493c-900c-cb434f8ebad6.jpg,True
251,252,251,252,/content/dataset/shared_dataset_seed9517/images/test/251/678967bf-e9c2-4f24-bfbe-761ab778f44d.jpg,False
251,133,251,133,/content/dataset/shared_dataset_seed9517/images/test/251/817ac768-db4e-40bd-b107-2e9cf3350620.jpg,False
251,251,251,251,/content/dataset/shared_dataset_seed9517/images/test/251/84aca987-7453-4d61-b7f7-848182646853.jpg,True
251,251,251,251,/content/dataset/shared_dataset_seed9517/images/test/251/8a8c5ca2-0e9a-4455-85b8-b246bdabe09f.jpg,True
251,251,251,251,/content/dataset/shared_dataset_seed9517/images/test/251/a294cb89-8af0-4b8d-b3f0-8757b789bc3a.jpg,True
251,251,251,251,/content/dataset/shared_dataset_seed9517/images/test/251/d81e8794-f595-4a6a-8ad6-3f12be20cc64.jpg,True
251,251,251,251,/content/dataset/shared_dataset_seed9517/images/test/251/d9682bd0-212b-41de-8c85-a787069204db.jpg,True
251,251,251,251,/content/dataset/shared_dataset_seed9517/images/test/251/f7e875a9-c98f-4e89-a958-a0e182741ed3.jpg,True
251,251,251,251,/content/dataset/shared_dataset_seed9517/images/test/251/fb284663-a98f-4b27-a108-fc9e41b96d37.jpg,True
252,41,252,41,/content/dataset/shared_dataset_seed9517/images/test/252/0a5ab04e-ef2f-4125-9584-038e81148856.jpg,False
252,7,252,7,/content/dataset/shared_dataset_seed9517/images/test/252/134c4929-645f-4cc2-b0bf-4c2c85208715.jpg,False
252,250,252,250,/content/dataset/shared_dataset_seed9517/images/test/252/1f157026-3043-4923-908d-6c97c250afe3.jpg,False
252,252,252,252,/content/dataset/shared_dataset_seed9517/images/test/252/248fe610-7c3c-4d84-90df-92c227cbf9f2.jpg,True
252,127,252,127,/content/dataset/shared_dataset_seed9517/images/test/252/877cec6a-5f7a-4d5b-9380-a11b6cfcb891.jpg,False
252,252,252,252,/content/dataset/shared_dataset_seed9517/images/test/252/8ac1c319-1707-49f5-b462-71763de6e56c.jpg,True
252,252,252,252,/content/dataset/shared_dataset_seed9517/images/test/252/aed0bfd3-1946-4c74-9050-549a98317852.jpg,True
252,252,252,252,/content/dataset/shared_dataset_seed9517/images/test/252/c62f2a2e-b151-4958-bf52-9a5e598ce7e3.jpg,True
252,252,252,252,/content/dataset/shared_dataset_seed9517/images/test/252/ce189145-e67b-4f54-819d-fd6f21499c8c.jpg,True
252,252,252,252,/content/dataset/shared_dataset_seed9517/images/test/252/d52d6b92-6639-4907-973d-2141bf89abfd.jpg,True
253,253,253,253,/content/dataset/shared_dataset_seed9517/images/test/253/4d4fdfad-af66-40dd-8b9b-6b61bee5d350.jpg,True
253,257,253,257,/content/dataset/shared_dataset_seed9517/images/test/253/69db9e63-fb66-447e-bd55-44a73c037d31.jpg,False
253,253,253,253,/content/dataset/shared_dataset_seed9517/images/test/253/90b106ab-8da1-4fd0-8685-891a6bf9f98c.jpg,True
253,253,253,253,/content/dataset/shared_dataset_seed9517/images/test/253/9734535e-9793-4752-9934-b783c3527d7e.jpg,True
253,253,253,253,/content/dataset/shared_dataset_seed9517/images/test/253/9a807582-6b95-4f67-a20c-acc7ac4149da.jpg,True
253,253,253,253,/content/dataset/shared_dataset_seed9517/images/test/253/9acec811-fc75-4884-8bfd-89b219dc07a1.jpg,True
253,253,253,253,/content/dataset/shared_dataset_seed9517/images/test/253/b2e181ac-bcb4-4bed-b9d2-a640deea9352.jpg,True
253,253,253,253,/content/dataset/shared_dataset_seed9517/images/test/253/b5042d39-0423-49d7-951d-308e9507f22a.jpg,True
253,253,253,253,/content/dataset/shared_dataset_seed9517/images/test/253/b9de26f9-f068-4492-bffb-5af4688de340.jpg,True
253,253,253,253,/content/dataset/shared_dataset_seed9517/images/test/253/f380c4f6-ab9a-438a-b845-1b6a42aef328.jpg,True
254,254,254,254,/content/dataset/shared_dataset_seed9517/images/test/254/04cd38c3-3579-4fdf-a8dd-5d300f1d9d9e.jpg,True
254,254,254,254,/content/dataset/shared_dataset_seed9517/images/test/254/4c134f98-fe97-4d77-abd6-010f26d7b9a5.jpg,True
254,254,254,254,/content/dataset/shared_dataset_seed9517/images/test/254/5d721264-a08c-440b-b8e6-ff5f225fb46b.jpg,True
254,266,254,266,/content/dataset/shared_dataset_seed9517/images/test/254/889ee4e1-5e37-49e7-8bcd-ca53575ca83b.jpg,False
254,254,254,254,/content/dataset/shared_dataset_seed9517/images/test/254/a5dd17e7-2c14-4688-80a9-2ee0dee6f27d.jpg,True
254,254,254,254,/content/dataset/shared_dataset_seed9517/images/test/254/b9571375-2b46-4707-a60e-f1ba92e3e669.jpg,True
254,252,254,252,/content/dataset/shared_dataset_seed9517/images/test/254/c0de8360-12dc-4556-9559-63abeec6a74d.jpg,False
254,254,254,254,/content/dataset/shared_dataset_seed9517/images/test/254/c36bdb87-d7b9-4df1-b9b6-2b5c6da45209.jpg,True
254,254,254,254,/content/dataset/shared_dataset_seed9517/images/test/254/c402890e-65f2-457c-aa7c-97bdc5ea71c0.jpg,True
254,254,254,254,/content/dataset/shared_dataset_seed9517/images/test/254/ed1ffddf-374e-4d4e-82fc-47455cfc64e3.jpg,True
255,255,255,255,/content/dataset/shared_dataset_seed9517/images/test/255/0930c208-d881-4e69-9feb-16e70c2c74e5.jpg,True
255,255,255,255,/content/dataset/shared_dataset_seed9517/images/test/255/1f7916e7-8acd-4178-a575-8d1bdc4b4501.jpg,True
255,255,255,255,/content/dataset/shared_dataset_seed9517/images/test/255/2468597e-f7ba-4f27-81da-7429a950b293.jpg,True
255,255,255,255,/content/dataset/shared_dataset_seed9517/images/test/255/3b210ee3-8b3c-4d6f-ab34-33972c02a5a2.jpg,True
255,255,255,255,/content/dataset/shared_dataset_seed9517/images/test/255/3fb8c24c-eec4-4d94-ba16-194f65cee7a4.jpg,True
255,255,255,255,/content/dataset/shared_dataset_seed9517/images/test/255/9af1e014-d55e-433d-9506-40454a20ca07.jpg,True
255,255,255,255,/content/dataset/shared_dataset_seed9517/images/test/255/cf040456-bbee-4776-9dbd-4195b628e784.jpg,True
255,255,255,255,/content/dataset/shared_dataset_seed9517/images/test/255/e0700cb7-d9b7-4057-a45f-32f934bdfb35.jpg,True
255,255,255,255,/content/dataset/shared_dataset_seed9517/images/test/255/e2cf7574-8c8e-446a-bd3e-e0056e67fd22.jpg,True
255,255,255,255,/content/dataset/shared_dataset_seed9517/images/test/255/f342146b-7c28-4fb4-a941-1fe999aec501.jpg,True
256,256,256,256,/content/dataset/shared_dataset_seed9517/images/test/256/048c3194-642c-4180-98d9-775a32b3f7c7.jpg,True
256,256,256,256,/content/dataset/shared_dataset_seed9517/images/test/256/4a3ed5e9-7d00-40b8-a6bb-3218382e0e88.jpg,True
256,256,256,256,/content/dataset/shared_dataset_seed9517/images/test/256/693a6b45-04c2-41a1-a8f3-e790f25710ce.jpg,True
256,256,256,256,/content/dataset/shared_dataset_seed9517/images/test/256/6b5e4a3f-269a-4028-83c0-7ca0cb1ca4f5.jpg,True
256,256,256,256,/content/dataset/shared_dataset_seed9517/images/test/256/6ee0b384-7f54-4975-94ae-96a8198776ef.jpg,True
256,256,256,256,/content/dataset/shared_dataset_seed9517/images/test/256/9462fd68-34d3-44cd-9712-9987e3a26cd1.jpg,True
256,256,256,256,/content/dataset/shared_dataset_seed9517/images/test/256/96a8d39f-730b-495e-9ba2-8c16c68884d1.jpg,True
256,256,256,256,/content/dataset/shared_dataset_seed9517/images/test/256/b7d20075-1bd2-429e-a0e6-12aafeea1046.jpg,True
256,256,256,256,/content/dataset/shared_dataset_seed9517/images/test/256/bd4a133e-302b-4df0-98cb-9d76bfcc1059.jpg,True
256,256,256,256,/content/dataset/shared_dataset_seed9517/images/test/256/ef7d7d9c-ef82-4886-8fcc-fb2cc1173754.jpg,True
257,257,257,257,/content/dataset/shared_dataset_seed9517/images/test/257/31715a1f-b2dd-4567-861b-a70cf07e05df.jpg,True
257,137,257,137,/content/dataset/shared_dataset_seed9517/images/test/257/33031e0d-92c2-4298-8b32-ab6b32263932.jpg,False
257,257,257,257,/content/dataset/shared_dataset_seed9517/images/test/257/54aa8cf7-ad0f-4e77-81ec-e2493c6bedab.jpg,True
257,254,257,254,/content/dataset/shared_dataset_seed9517/images/test/257/5e1b0320-fd42-4ded-994c-5c5444a8bc18.jpg,False
257,259,257,259,/content/dataset/shared_dataset_seed9517/images/test/257/61cd88e4-d6be-426a-9582-ee3ae3002d28.jpg,False
257,257,257,257,/content/dataset/shared_dataset_seed9517/images/test/257/673b06eb-6f92-45e8-87d9-e9fcf96a2512.jpg,True
257,257,257,257,/content/dataset/shared_dataset_seed9517/images/test/257/7f9b1990-0808-4d08-9ca0-c154ccaf8ccc.jpg,True
257,257,257,257,/content/dataset/shared_dataset_seed9517/images/test/257/84acd9b2-320f-40fb-865a-cb6ba6793b6d.jpg,True
257,257,257,257,/content/dataset/shared_dataset_seed9517/images/test/257/d73d7d9d-3ff1-461f-9430-0bb3478b8bbc.jpg,True
257,257,257,257,/content/dataset/shared_dataset_seed9517/images/test/257/dba5649b-842c-49a3-ac3d-182045a14488.jpg,True
258,258,258,258,/content/dataset/shared_dataset_seed9517/images/test/258/0b144dbd-cc88-4cbe-af1e-5612e2ff4a2d.jpg,True
258,258,258,258,/content/dataset/shared_dataset_seed9517/images/test/258/30eacae5-3b86-4d00-a461-eef11bf212d4.jpg,True
258,258,258,258,/content/dataset/shared_dataset_seed9517/images/test/258/3a41e7b6-ddeb-4228-b6e4-6bd7bb5275de.jpg,True
258,259,258,259,/content/dataset/shared_dataset_seed9517/images/test/258/411c50d0-0e1d-48e2-98ab-413ec7b10885.jpg,False
258,258,258,258,/content/dataset/shared_dataset_seed9517/images/test/258/447da3fc-5190-4738-ac66-0f4a14984717.jpg,True
258,258,258,258,/content/dataset/shared_dataset_seed9517/images/test/258/61dd41b0-5cb6-4fe9-9f06-35ac1b77f6b3.jpg,True
258,258,258,258,/content/dataset/shared_dataset_seed9517/images/test/258/703d7e21-7d2e-4739-8065-9b9c9bc02150.jpg,True
258,258,258,258,/content/dataset/shared_dataset_seed9517/images/test/258/a0c87493-0b96-4c69-b556-c41525643035.jpg,True
258,258,258,258,/content/dataset/shared_dataset_seed9517/images/test/258/cb2954df-1da7-42fb-8676-9c541fa786db.jpg,True
258,123,258,123,/content/dataset/shared_dataset_seed9517/images/test/258/db4f76c7-5ff3-4cde-baf2-2dfb4e15f500.jpg,False
259,259,259,259,/content/dataset/shared_dataset_seed9517/images/test/259/0752a5fa-4719-4744-9083-fe716b480d40.jpg,True
259,259,259,259,/content/dataset/shared_dataset_seed9517/images/test/259/1080a4d4-8289-400b-ab02-72ccce5dcda5.jpg,True
259,259,259,259,/content/dataset/shared_dataset_seed9517/images/test/259/12a5e282-be18-403d-9052-f56b3d7f9e8a.jpg,True
259,259,259,259,/content/dataset/shared_dataset_seed9517/images/test/259/21c8e2d0-5e4c-4ca1-b234-0d840293f4dd.jpg,True
259,259,259,259,/content/dataset/shared_dataset_seed9517/images/test/259/7a459bdf-dffa-4ee7-96ec-38a31c5a59a8.jpg,True
259,259,259,259,/content/dataset/shared_dataset_seed9517/images/test/259/7e6e0c62-2494-42a8-b70d-1a6eb89bca05.jpg,True
259,259,259,259,/content/dataset/shared_dataset_seed9517/images/test/259/96e41b9b-9db9-46a6-802e-a41b1e2ec5f2.jpg,True
259,259,259,259,/content/dataset/shared_dataset_seed9517/images/test/259/ad535ffe-9ce7-4e8b-8e3b-f40e848d0e25.jpg,True
259,259,259,259,/content/dataset/shared_dataset_seed9517/images/test/259/ebfa021c-685a-4f62-a6f9-a6540535a5c0.jpg,True
259,246,259,246,/content/dataset/shared_dataset_seed9517/images/test/259/fa07df9c-f815-4e27-92df-36653ad48faa.jpg,False
260,260,260,260,/content/dataset/shared_dataset_seed9517/images/test/260/0644c962-4b74-477e-b40b-a16addd6aa64.jpg,True
260,260,260,260,/content/dataset/shared_dataset_seed9517/images/test/260/1889ca1c-8ea4-401a-be3d-3d34479598d9.jpg,True
260,260,260,260,/content/dataset/shared_dataset_seed9517/images/test/260/2c7dac50-6d10-4184-918e-2a0d4b076f02.jpg,True
260,260,260,260,/content/dataset/shared_dataset_seed9517/images/test/260/367ec451-45cc-4e4f-93b1-1c0f9c0bae44.jpg,True
260,260,260,260,/content/dataset/shared_dataset_seed9517/images/test/260/36fffe9d-603a-4444-a7c4-0463a37264b2.jpg,True
260,260,260,260,/content/dataset/shared_dataset_seed9517/images/test/260/51d0fb4c-06ed-47d1-a7ee-b4e0c5e79791.jpg,True
260,260,260,260,/content/dataset/shared_dataset_seed9517/images/test/260/59a84ebf-11fa-45ba-ab7e-2988cc796592.jpg,True
260,260,260,260,/content/dataset/shared_dataset_seed9517/images/test/260/7b667043-b5f2-492b-8aa6-894a65a87ad3.jpg,True
260,260,260,260,/content/dataset/shared_dataset_seed9517/images/test/260/9ba12faf-bddf-4deb-baf1-018dbeb32519.jpg,True
260,259,260,259,/content/dataset/shared_dataset_seed9517/images/test/260/ab393ac1-0216-4389-b9c6-b585f1b3342b.jpg,False
261,261,261,261,/content/dataset/shared_dataset_seed9517/images/test/261/1f0e9743-b3e0-4e04-872b-d17e1ef6f8f0.jpg,True
261,261,261,261,/content/dataset/shared_dataset_seed9517/images/test/261/448c09a5-44cc-49e8-b5c1-05667ccc89fa.jpg,True
261,261,261,261,/content/dataset/shared_dataset_seed9517/images/test/261/46acf3d3-2370-4e04-9ead-48357d41c84a.jpg,True
261,264,261,264,/content/dataset/shared_dataset_seed9517/images/test/261/4c0df6fc-45e3-4f6c-99b0-e6ca8836539a.jpg,False
261,248,261,248,/content/dataset/shared_dataset_seed9517/images/test/261/5bea65b7-c37b-4f22-83ce-c1d62681cdcc.jpg,False
261,261,261,261,/content/dataset/shared_dataset_seed9517/images/test/261/65135555-0333-43a1-af06-6130ee9ef62d.jpg,True
261,261,261,261,/content/dataset/shared_dataset_seed9517/images/test/261/6c987dc4-bb64-483e-8eda-fc49d6d05cb3.jpg,True
261,263,261,263,/content/dataset/shared_dataset_seed9517/images/test/261/8df0c79c-1f25-449e-81cb-a0de4ac4fd6d.jpg,False
261,261,261,261,/content/dataset/shared_dataset_seed9517/images/test/261/b3a8744e-12d2-446a-8208-084732930be5.jpg,True
261,263,261,263,/content/dataset/shared_dataset_seed9517/images/test/261/ee3771d5-6f90-494a-9abc-668d6bfa4349.jpg,False
262,262,262,262,/content/dataset/shared_dataset_seed9517/images/test/262/23215a61-a180-4cef-84be-62006e503a1d.jpg,True
262,262,262,262,/content/dataset/shared_dataset_seed9517/images/test/262/36c5a9ae-3d15-405e-a28b-7d105ff9e5ea.jpg,True
262,262,262,262,/content/dataset/shared_dataset_seed9517/images/test/262/3b74972e-053e-45b9-bbd3-49cd54e06479.jpg,True
262,262,262,262,/content/dataset/shared_dataset_seed9517/images/test/262/3ca094eb-5d12-4c7e-9f38-d109e853f580.jpg,True
262,262,262,262,/content/dataset/shared_dataset_seed9517/images/test/262/9784e398-b6bd-4ad8-8809-52b1aafab586.jpg,True
262,262,262,262,/content/dataset/shared_dataset_seed9517/images/test/262/a9c31437-f37a-4fa7-a15c-a10216620c8d.jpg,True
262,262,262,262,/content/dataset/shared_dataset_seed9517/images/test/262/b1062dc3-b8f5-4a1d-a1d1-6bdd2f20c588.jpg,True
262,262,262,262,/content/dataset/shared_dataset_seed9517/images/test/262/cbad4264-e356-4236-bfde-270627d3b752.jpg,True
262,262,262,262,/content/dataset/shared_dataset_seed9517/images/test/262/cccff1f0-0679-434a-bbff-9718912acb86.jpg,True
262,262,262,262,/content/dataset/shared_dataset_seed9517/images/test/262/deca7f2e-1461-45a6-be6d-2773a57d4780.jpg,True
263,263,263,263,/content/dataset/shared_dataset_seed9517/images/test/263/176f95ae-45ec-426b-849b-4b3bad7328e6.jpg,True
263,263,263,263,/content/dataset/shared_dataset_seed9517/images/test/263/1a9bb84c-5165-48ec-b57b-13ce94945da2.jpg,True
263,263,263,263,/content/dataset/shared_dataset_seed9517/images/test/263/488f39ef-4c43-45a7-934d-f9eacff897ae.jpg,True
263,263,263,263,/content/dataset/shared_dataset_seed9517/images/test/263/4bd5b6d2-e10a-4c32-b6af-99635556ca62.jpg,True
263,263,263,263,/content/dataset/shared_dataset_seed9517/images/test/263/542297bd-7b17-48b6-a255-c623a39d9be0.jpg,True
263,263,263,263,/content/dataset/shared_dataset_seed9517/images/test/263/5ca71c2f-3b04-450e-917a-f7d543fa3012.jpg,True
263,38,263,38,/content/dataset/shared_dataset_seed9517/images/test/263/d502857b-8ab7-402e-b2ef-32f97a2b6b40.jpg,False
263,263,263,263,/content/dataset/shared_dataset_seed9517/images/test/263/ee46a4e0-dff1-493a-8d50-083e7eb52eea.jpg,True
263,263,263,263,/content/dataset/shared_dataset_seed9517/images/test/263/ee5ccd81-62a8-4582-902b-268697efbe0b.jpg,True
263,231,263,231,/content/dataset/shared_dataset_seed9517/images/test/263/effc82b2-1cbc-406d-9ae3-dcd65b5128e3.jpg,False
264,264,264,264,/content/dataset/shared_dataset_seed9517/images/test/264/02603cef-36d6-44e5-8293-5e7b33cc4ec2.jpg,True
264,264,264,264,/content/dataset/shared_dataset_seed9517/images/test/264/0669f764-495b-4f90-94cc-e4438a6f01b3.jpg,True
264,263,264,263,/content/dataset/shared_dataset_seed9517/images/test/264/20a92a6a-8ee1-407c-866b-baba96b2f22a.jpg,False
264,226,264,226,/content/dataset/shared_dataset_seed9517/images/test/264/3055173d-cf32-4926-84c6-0136032084b7.jpg,False
264,264,264,264,/content/dataset/shared_dataset_seed9517/images/test/264/520c4ad9-5508-455d-85af-6cbda65b95f3.jpg,True
264,264,264,264,/content/dataset/shared_dataset_seed9517/images/test/264/670407ac-3c73-429a-a990-a2035965cae0.jpg,True
264,254,264,254,/content/dataset/shared_dataset_seed9517/images/test/264/ace39350-35e6-4629-a7e3-755f0dcab538.jpg,False
264,264,264,264,/content/dataset/shared_dataset_seed9517/images/test/264/b12ee636-7b2e-4bcd-8027-1472cf71bcc8.jpg,True
264,264,264,264,/content/dataset/shared_dataset_seed9517/images/test/264/cf60b599-b469-48bd-866d-7194bb7a32f1.jpg,True
264,264,264,264,/content/dataset/shared_dataset_seed9517/images/test/264/cf7396f5-63aa-4c70-84d3-b3e6dc0f7340.jpg,True
265,265,265,265,/content/dataset/shared_dataset_seed9517/images/test/265/054eafdf-1c5d-43d9-9817-2fe4219c6c7f.jpg,True
265,265,265,265,/content/dataset/shared_dataset_seed9517/images/test/265/0e5a1e3e-3689-4df5-bcbc-76924da28c17.jpg,True
265,265,265,265,/content/dataset/shared_dataset_seed9517/images/test/265/31983a6b-db09-40e6-9478-71a587f4e58f.jpg,True
265,265,265,265,/content/dataset/shared_dataset_seed9517/images/test/265/4b27eafd-d40e-46cf-8d35-e9a8f8299e87.jpg,True
265,269,265,269,/content/dataset/shared_dataset_seed9517/images/test/265/80027fa1-6e63-4acd-b1ef-39d0012cf85e.jpg,False
265,265,265,265,/content/dataset/shared_dataset_seed9517/images/test/265/9bd107be-7871-420e-8b4b-63186d562217.jpg,True
265,265,265,265,/content/dataset/shared_dataset_seed9517/images/test/265/9efe5379-048a-4b26-a3d7-f5c45f42c856.jpg,True
265,264,265,264,/content/dataset/shared_dataset_seed9517/images/test/265/ac88a8b0-ed8b-4f87-89eb-57a0e06fc079.jpg,False
265,265,265,265,/content/dataset/shared_dataset_seed9517/images/test/265/b122c319-8f0b-4b49-8ef0-94cd4314e904.jpg,True
265,265,265,265,/content/dataset/shared_dataset_seed9517/images/test/265/f9db2c8f-48c2-4954-91b5-de36662da099.jpg,True
266,266,266,266,/content/dataset/shared_dataset_seed9517/images/test/266/65a4c96f-8cc6-4b39-a203-7e7ea3992413.jpg,True
266,266,266,266,/content/dataset/shared_dataset_seed9517/images/test/266/7288b8d3-48db-46f5-a4fa-c0890804821c.jpg,True
266,266,266,266,/content/dataset/shared_dataset_seed9517/images/test/266/74c28706-7afa-4174-b55b-a4776cefa03f.jpg,True
266,266,266,266,/content/dataset/shared_dataset_seed9517/images/test/266/76ea043f-943b-4ba6-804f-6352cf7e801d.jpg,True
266,264,266,264,/content/dataset/shared_dataset_seed9517/images/test/266/77156892-fa28-4e02-9767-41050e8140da.jpg,False
266,266,266,266,/content/dataset/shared_dataset_seed9517/images/test/266/79d8fbef-02fa-428a-98e2-50192cf024b9.jpg,True
266,266,266,266,/content/dataset/shared_dataset_seed9517/images/test/266/8bc63741-11f5-4d60-a39b-11dfe482b415.jpg,True
266,266,266,266,/content/dataset/shared_dataset_seed9517/images/test/266/947ea665-96cd-43f6-a5ea-6be88d45f3aa.jpg,True
266,266,266,266,/content/dataset/shared_dataset_seed9517/images/test/266/b60db021-fce3-4272-b2ff-1d450c1403b0.jpg,True
266,5,266,5,/content/dataset/shared_dataset_seed9517/images/test/266/e7981d66-01df-4d79-8a2e-ad89429e7a66.jpg,False
267,267,267,267,/content/dataset/shared_dataset_seed9517/images/test/267/033f8864-ca5f-4ad9-89ed-e201e9dc42fe.jpg,True
267,267,267,267,/content/dataset/shared_dataset_seed9517/images/test/267/14e57fc0-8877-4b03-8101-52d275f2d6da.jpg,True
267,267,267,267,/content/dataset/shared_dataset_seed9517/images/test/267/23769f5a-809e-49c2-9580-9051169f7908.jpg,True
267,267,267,267,/content/dataset/shared_dataset_seed9517/images/test/267/3c3996b7-fce5-43d3-8bf4-5a445f1ff10d.jpg,True
267,267,267,267,/content/dataset/shared_dataset_seed9517/images/test/267/46f78c3a-f63d-4615-aa77-c093f216e6ed.jpg,True
267,267,267,267,/content/dataset/shared_dataset_seed9517/images/test/267/4e5ab61d-4cbb-4092-89fd-ea4b45b1d3cc.jpg,True
267,267,267,267,/content/dataset/shared_dataset_seed9517/images/test/267/573307d9-3042-40c7-ad6d-c02aa14029a0.jpg,True
267,267,267,267,/content/dataset/shared_dataset_seed9517/images/test/267/b2d87a44-dd51-40c2-8154-c61820abf074.jpg,True
267,267,267,267,/content/dataset/shared_dataset_seed9517/images/test/267/d2c2ef93-537b-402d-b0a2-7de4247666bf.jpg,True
267,265,267,265,/content/dataset/shared_dataset_seed9517/images/test/267/ea67d6bc-17cc-49d6-9f7b-1d30897d736d.jpg,False
268,111,268,111,/content/dataset/shared_dataset_seed9517/images/test/268/067ad31e-c39c-46d5-937e-e1f2ccec6ed1.jpg,False
268,268,268,268,/content/dataset/shared_dataset_seed9517/images/test/268/1b2c9cee-f29a-475e-aaa5-54e2c6d5c400.jpg,True
268,238,268,238,/content/dataset/shared_dataset_seed9517/images/test/268/347c9a6d-ef1d-4624-bb9d-7bb1c5eed910.jpg,False
268,268,268,268,/content/dataset/shared_dataset_seed9517/images/test/268/758525f4-346e-4a97-902a-c40f4af16ba2.jpg,True
268,268,268,268,/content/dataset/shared_dataset_seed9517/images/test/268/7cc4e0ac-2044-4427-a8f3-a26723726139.jpg,True
268,268,268,268,/content/dataset/shared_dataset_seed9517/images/test/268/a6941cb4-47b8-4d56-8e25-880fb4724dfa.jpg,True
268,268,268,268,/content/dataset/shared_dataset_seed9517/images/test/268/bbbdbe87-3d79-4f7b-b098-2995948017cc.jpg,True
268,264,268,264,/content/dataset/shared_dataset_seed9517/images/test/268/d72d3583-b174-4839-8d6e-c15a9a27f802.jpg,False
268,268,268,268,/content/dataset/shared_dataset_seed9517/images/test/268/e5b53381-00d8-492b-a666-9b2b54ef49a4.jpg,True
268,268,268,268,/content/dataset/shared_dataset_seed9517/images/test/268/fb8ef5b0-4ba9-42d8-9ab9-05c14e23ed5a.jpg,True
269,269,269,269,/content/dataset/shared_dataset_seed9517/images/test/269/0ce18e35-d5ea-43f8-8412-775e1e20374d.jpg,True
269,269,269,269,/content/dataset/shared_dataset_seed9517/images/test/269/1c8fbdbd-f680-44c5-97d3-89e34e925cee.jpg,True
269,269,269,269,/content/dataset/shared_dataset_seed9517/images/test/269/21168c01-2e5d-4acd-b9b4-568cfe681261.jpg,True
269,269,269,269,/content/dataset/shared_dataset_seed9517/images/test/269/854c2ae5-82ae-4182-bf5f-67badc4f3077.jpg,True
269,269,269,269,/content/dataset/shared_dataset_seed9517/images/test/269/ab6f3ac0-1500-48db-a3cc-bdb2fb00c88a.jpg,True
269,32,269,32,/content/dataset/shared_dataset_seed9517/images/test/269/b7b2710f-a771-4eaa-ba67-2cacc8d5e2c4.jpg,False
269,269,269,269,/content/dataset/shared_dataset_seed9517/images/test/269/ce91bcec-f02b-4378-96a0-8461776842db.jpg,True
269,269,269,269,/content/dataset/shared_dataset_seed9517/images/test/269/dc8f5d91-c3a1-489d-8b85-2a77ea499b45.jpg,True
269,269,269,269,/content/dataset/shared_dataset_seed9517/images/test/269/ec0a6741-6db0-4649-ba5d-34d6c9888bbd.jpg,True
269,269,269,269,/content/dataset/shared_dataset_seed9517/images/test/269/f0b9fbc6-a2bc-47d6-b7a5-be4765166c8d.jpg,True
270,270,270,270,/content/dataset/shared_dataset_seed9517/images/test/270/1af73fcf-aaf1-4ce9-8644-4ec53566da8a.jpg,True
270,270,270,270,/content/dataset/shared_dataset_seed9517/images/test/270/2fbda94f-8363-4027-933d-db7b9de0aa42.jpg,True
270,270,270,270,/content/dataset/shared_dataset_seed9517/images/test/270/38e5c6e0-737e-4e6f-aa78-5c61e6127930.jpg,True
270,270,270,270,/content/dataset/shared_dataset_seed9517/images/test/270/53700d68-78d1-4405-97e9-54f0bf27af3b.jpg,True
270,270,270,270,/content/dataset/shared_dataset_seed9517/images/test/270/58534f1f-d854-4178-bd04-1c601d8c8c04.jpg,True
270,270,270,270,/content/dataset/shared_dataset_seed9517/images/test/270/666dd411-20ef-491d-9d65-dfa37ba1d158.jpg,True
270,270,270,270,/content/dataset/shared_dataset_seed9517/images/test/270/71506247-c3f1-4d3c-8f87-e1189a92b142.jpg,True
270,269,270,269,/content/dataset/shared_dataset_seed9517/images/test/270/b4ae482b-6908-4de2-9f32-9e78fb97fc86.jpg,False
270,270,270,270,/content/dataset/shared_dataset_seed9517/images/test/270/c2ea3da6-f5ac-4a10-8a44-5c0a1491aa68.jpg,True
270,270,270,270,/content/dataset/shared_dataset_seed9517/images/test/270/c4ee3675-bae3-4a5b-a026-1f2eb0ecadfe.jpg,True
271,271,271,271,/content/dataset/shared_dataset_seed9517/images/test/271/21be7038-d5d3-4d4e-8f42-07c161cf1980.jpg,True
271,271,271,271,/content/dataset/shared_dataset_seed9517/images/test/271/52374a6d-af4a-4409-9989-4afb0a157d20.jpg,True
271,271,271,271,/content/dataset/shared_dataset_seed9517/images/test/271/5b33e889-ec25-4f8a-b2c4-59a545218616.jpg,True
271,271,271,271,/content/dataset/shared_dataset_seed9517/images/test/271/6c99ed3a-5cac-4a10-8783-715f86d1e0d4.jpg,True
271,271,271,271,/content/dataset/shared_dataset_seed9517/images/test/271/74c72378-1473-49f0-9f33-ed72090e4e62.jpg,True
271,271,271,271,/content/dataset/shared_dataset_seed9517/images/test/271/783bb607-5cdc-4417-b437-84a1349163e9.jpg,True
271,271,271,271,/content/dataset/shared_dataset_seed9517/images/test/271/ae7e85c1-c198-4eae-8944-ca85424ffce3.jpg,True
271,271,271,271,/content/dataset/shared_dataset_seed9517/images/test/271/af5f1bb9-ca5b-4f7e-a0bb-2f9c42ebf97d.jpg,True
271,271,271,271,/content/dataset/shared_dataset_seed9517/images/test/271/c46e9e23-d3f8-452a-b422-6df9cc20cca9.jpg,True
271,271,271,271,/content/dataset/shared_dataset_seed9517/images/test/271/f1c9fe96-d3c6-4e65-a50d-5279b7a81dc8.jpg,True
272,272,272,272,/content/dataset/shared_dataset_seed9517/images/test/272/2ac35918-840b-4bc5-91a7-b3bdfa8045d1.jpg,True
272,272,272,272,/content/dataset/shared_dataset_seed9517/images/test/272/398ff53b-ee09-4332-a37a-41b6f1b9e886.jpg,True
272,215,272,215,/content/dataset/shared_dataset_seed9517/images/test/272/3a1d3241-a106-4b73-ac68-e8512e12eb79.jpg,False
272,272,272,272,/content/dataset/shared_dataset_seed9517/images/test/272/928a6392-c37e-4cc2-b0c4-8f95618d9544.jpg,True
272,272,272,272,/content/dataset/shared_dataset_seed9517/images/test/272/97211ed8-4205-4c59-91fd-128ad5f3a0c3.jpg,True
272,289,272,289,/content/dataset/shared_dataset_seed9517/images/test/272/9e83145b-e963-4b59-a120-8eb0d2a390e3.jpg,False
272,252,272,252,/content/dataset/shared_dataset_seed9517/images/test/272/b37b9271-d0a4-4dc5-b7e9-e4faafe75869.jpg,False
272,272,272,272,/content/dataset/shared_dataset_seed9517/images/test/272/ba354af9-c136-4e5f-bf4c-b127e3d25614.jpg,True
272,272,272,272,/content/dataset/shared_dataset_seed9517/images/test/272/ea967f5c-1885-4e40-bc7a-4184e2809ff0.jpg,True
272,272,272,272,/content/dataset/shared_dataset_seed9517/images/test/272/ecc871be-3ec1-4afb-8949-06f263f98085.jpg,True
273,273,273,273,/content/dataset/shared_dataset_seed9517/images/test/273/1009edfb-e06c-42f7-b792-64d51596b631.jpg,True
273,273,273,273,/content/dataset/shared_dataset_seed9517/images/test/273/11c083b7-56ff-4fba-92f2-02187a985265.jpg,True
273,273,273,273,/content/dataset/shared_dataset_seed9517/images/test/273/211f1ea8-cfd6-405e-8dc6-c3094fd8562a.jpg,True
273,273,273,273,/content/dataset/shared_dataset_seed9517/images/test/273/25084be3-b356-4593-b889-d0f118cd817f.jpg,True
273,273,273,273,/content/dataset/shared_dataset_seed9517/images/test/273/31f1881a-30b4-4926-aec5-4ee922b073da.jpg,True
273,273,273,273,/content/dataset/shared_dataset_seed9517/images/test/273/85aa2792-d96e-45a7-984f-f758dd112a0a.jpg,True
273,273,273,273,/content/dataset/shared_dataset_seed9517/images/test/273/9bd05e39-98be-4375-aeb2-947a8a8b9ace.jpg,True
273,273,273,273,/content/dataset/shared_dataset_seed9517/images/test/273/9c3be2c4-8b4f-4886-97eb-ffd01b2b162b.jpg,True
273,273,273,273,/content/dataset/shared_dataset_seed9517/images/test/273/bd1348ed-7663-462d-bfac-f09757b930d8.jpg,True
273,273,273,273,/content/dataset/shared_dataset_seed9517/images/test/273/d83ecb80-0313-4531-ab06-7e733a1d23b7.jpg,True
274,274,274,274,/content/dataset/shared_dataset_seed9517/images/test/274/14e7200f-e4ee-428f-923d-63513918566b.jpg,True
274,274,274,274,/content/dataset/shared_dataset_seed9517/images/test/274/36770193-f0d4-40eb-a89e-8412230a4e40.jpg,True
274,274,274,274,/content/dataset/shared_dataset_seed9517/images/test/274/801cc5f8-cf75-4ac1-ad20-9a8ee940c81c.jpg,True
274,274,274,274,/content/dataset/shared_dataset_seed9517/images/test/274/837e3a2c-3c9e-4f7c-86f4-a753616470d8.jpg,True
274,274,274,274,/content/dataset/shared_dataset_seed9517/images/test/274/869e0c81-25e4-400c-805a-ed76305a6149.jpg,True
274,274,274,274,/content/dataset/shared_dataset_seed9517/images/test/274/8d3310c9-c2ca-4621-aa92-811ca45a21b4.jpg,True
274,274,274,274,/content/dataset/shared_dataset_seed9517/images/test/274/926048e1-987e-4b46-b985-d513144d9ea5.jpg,True
274,274,274,274,/content/dataset/shared_dataset_seed9517/images/test/274/a3910cf9-fa06-43cc-90de-8ee98f74e409.jpg,True
274,407,274,407,/content/dataset/shared_dataset_seed9517/images/test/274/c929a874-5641-423f-b35c-f1056ac7c327.jpg,False
274,274,274,274,/content/dataset/shared_dataset_seed9517/images/test/274/de782eb0-6fd1-4a20-bc19-7c25419dbdcf.jpg,True
275,275,275,275,/content/dataset/shared_dataset_seed9517/images/test/275/0b5932e8-03f9-4f68-844a-a69f74b175d3.jpg,True
275,275,275,275,/content/dataset/shared_dataset_seed9517/images/test/275/185de154-faff-496c-b705-d9dbf371ca47.jpg,True
275,275,275,275,/content/dataset/shared_dataset_seed9517/images/test/275/3628ae53-6491-4eca-b1cd-57f5bd079012.jpg,True
275,275,275,275,/content/dataset/shared_dataset_seed9517/images/test/275/6eadfe94-bed5-4b11-afab-8dba04a937b5.jpg,True
275,275,275,275,/content/dataset/shared_dataset_seed9517/images/test/275/a99281ef-79db-4a28-aa6b-1850bf85e16d.jpg,True
275,348,275,348,/content/dataset/shared_dataset_seed9517/images/test/275/b212b9aa-9619-49ca-82fd-3e708d2417cf.jpg,False
275,275,275,275,/content/dataset/shared_dataset_seed9517/images/test/275/d16f82dd-ba6a-49fd-8f61-a90c08b196d2.jpg,True
275,275,275,275,/content/dataset/shared_dataset_seed9517/images/test/275/d8418a7f-2ce0-4264-8a10-a7f1136f534e.jpg,True
275,275,275,275,/content/dataset/shared_dataset_seed9517/images/test/275/e4f41e73-e0f5-4c35-a75a-0a724e5fa478.jpg,True
275,275,275,275,/content/dataset/shared_dataset_seed9517/images/test/275/f7c3d2dd-6abc-4c23-a520-3fcbc8438a2f.jpg,True
276,276,276,276,/content/dataset/shared_dataset_seed9517/images/test/276/1a8ddc61-1b63-4288-b5e7-d62814c66151.jpg,True
276,276,276,276,/content/dataset/shared_dataset_seed9517/images/test/276/25c5b613-b69e-4b73-b2a5-e78ea01da678.jpg,True
276,276,276,276,/content/dataset/shared_dataset_seed9517/images/test/276/46c00c62-9131-4ed1-86d2-cf72c073fd17.jpg,True
276,276,276,276,/content/dataset/shared_dataset_seed9517/images/test/276/59a6913c-7362-4b01-9088-533e7ed2bb62.jpg,True
276,276,276,276,/content/dataset/shared_dataset_seed9517/images/test/276/7c624075-d4a7-4505-a8d1-187a20d6c602.jpg,True
276,276,276,276,/content/dataset/shared_dataset_seed9517/images/test/276/84606db8-3154-44d8-87bc-cfa00a7d8e11.jpg,True
276,276,276,276,/content/dataset/shared_dataset_seed9517/images/test/276/bb478c64-ba83-4e1c-9913-9755d6671947.jpg,True
276,276,276,276,/content/dataset/shared_dataset_seed9517/images/test/276/d23b7edd-2a85-4b4c-8e0e-54a50dc8557e.jpg,True
276,276,276,276,/content/dataset/shared_dataset_seed9517/images/test/276/e8efe4b0-1b7d-4a2c-ba0e-a003a108a1a4.jpg,True
276,276,276,276,/content/dataset/shared_dataset_seed9517/images/test/276/fa3c3cda-3a41-4b58-82a6-211b92794570.jpg,True
277,277,277,277,/content/dataset/shared_dataset_seed9517/images/test/277/0af561ac-7fad-46de-869f-27593b6ee8e2.jpg,True
277,275,277,275,/content/dataset/shared_dataset_seed9517/images/test/277/1471d2b0-c93d-4259-b3be-fcb86a3d9f37.jpg,False
277,277,277,277,/content/dataset/shared_dataset_seed9517/images/test/277/25505aa9-cd06-4be9-ac5d-936527a6d0fa.jpg,True
277,277,277,277,/content/dataset/shared_dataset_seed9517/images/test/277/570bef45-2717-4c91-957c-8d964dc8ff0a.jpg,True
277,277,277,277,/content/dataset/shared_dataset_seed9517/images/test/277/6092bc6e-6228-4d3c-92c1-4224989afced.jpg,True
277,255,277,255,/content/dataset/shared_dataset_seed9517/images/test/277/984baaa3-a25c-44e9-9718-1d4d12dcef4a.jpg,False
277,277,277,277,/content/dataset/shared_dataset_seed9517/images/test/277/da4c8647-07fb-4200-99c9-eea27ef501b0.jpg,True
277,277,277,277,/content/dataset/shared_dataset_seed9517/images/test/277/e720fb1a-1e01-4834-b67a-2d010791238f.jpg,True
277,277,277,277,/content/dataset/shared_dataset_seed9517/images/test/277/ed607e27-fe6e-40f3-8c24-38bcb03ea8d1.jpg,True
277,277,277,277,/content/dataset/shared_dataset_seed9517/images/test/277/fdebdf5a-33ef-42ba-a056-bb442a1321ca.jpg,True
278,275,278,275,/content/dataset/shared_dataset_seed9517/images/test/278/0df76249-5fec-4c14-bcbb-16b167b58bc5.jpg,False
278,278,278,278,/content/dataset/shared_dataset_seed9517/images/test/278/18a1e7f6-4e01-48ff-8349-bd666332b6c0.jpg,True
278,278,278,278,/content/dataset/shared_dataset_seed9517/images/test/278/1ff59aa5-c830-4782-89a9-768cc19db68d.jpg,True
278,312,278,312,/content/dataset/shared_dataset_seed9517/images/test/278/2c37acc8-5da7-474b-bdb7-779d53a9d987.jpg,False
278,278,278,278,/content/dataset/shared_dataset_seed9517/images/test/278/8b8a900b-ba7a-4b48-bb5d-36aa52c8f3c3.jpg,True
278,278,278,278,/content/dataset/shared_dataset_seed9517/images/test/278/94045afb-a002-4b42-b234-0572121cb325.jpg,True
278,278,278,278,/content/dataset/shared_dataset_seed9517/images/test/278/990d388f-c463-497a-9135-592367dbe668.jpg,True
278,278,278,278,/content/dataset/shared_dataset_seed9517/images/test/278/c02bccf9-5581-4d8d-bae5-4b5ebdb257e6.jpg,True
278,278,278,278,/content/dataset/shared_dataset_seed9517/images/test/278/c62cda2c-2670-47cd-a796-1af97302abc0.jpg,True
278,278,278,278,/content/dataset/shared_dataset_seed9517/images/test/278/e7357207-e955-4339-829d-252977c104fd.jpg,True
279,279,279,279,/content/dataset/shared_dataset_seed9517/images/test/279/01614541-c40c-4062-965a-30e33619eb9d.jpg,True
279,279,279,279,/content/dataset/shared_dataset_seed9517/images/test/279/0749445a-f4ee-4413-9c0e-5728a1348258.jpg,True
279,279,279,279,/content/dataset/shared_dataset_seed9517/images/test/279/0a071e36-7f28-4a11-a125-51ef7be3a88c.jpg,True
279,279,279,279,/content/dataset/shared_dataset_seed9517/images/test/279/374d904d-cc2f-4f30-a9c2-323618514c1f.jpg,True
279,279,279,279,/content/dataset/shared_dataset_seed9517/images/test/279/5c35bbe7-1cf2-4b18-a8d9-698acfb9370b.jpg,True
279,279,279,279,/content/dataset/shared_dataset_seed9517/images/test/279/6b504f3b-a7d2-45d8-8da2-07a3ba2d5790.jpg,True
279,279,279,279,/content/dataset/shared_dataset_seed9517/images/test/279/73a66ce6-6dc6-4737-9f20-ba8d2eab0e9e.jpg,True
279,279,279,279,/content/dataset/shared_dataset_seed9517/images/test/279/873b8dea-be7f-460d-a038-a284f8514f71.jpg,True
279,279,279,279,/content/dataset/shared_dataset_seed9517/images/test/279/b413548d-c5b3-4342-bccc-5d5383d6ac1c.jpg,True
279,279,279,279,/content/dataset/shared_dataset_seed9517/images/test/279/bf870cfa-b7aa-41bc-bbb9-42308e5beae5.jpg,True
280,280,280,280,/content/dataset/shared_dataset_seed9517/images/test/280/000eb09a-3267-4846-8911-dc9a05602774.jpg,True
280,280,280,280,/content/dataset/shared_dataset_seed9517/images/test/280/0750343b-1fd1-440c-a42f-f1f5cecef9f3.jpg,True
280,280,280,280,/content/dataset/shared_dataset_seed9517/images/test/280/0f8bc171-da9e-4f1d-8a4a-aeb19e081442.jpg,True
280,280,280,280,/content/dataset/shared_dataset_seed9517/images/test/280/26a44423-a1a5-4ed9-8310-188f4640f03e.jpg,True
280,280,280,280,/content/dataset/shared_dataset_seed9517/images/test/280/4066bbcb-ecf9-48dc-a468-578b1d18a19f.jpg,True
280,280,280,280,/content/dataset/shared_dataset_seed9517/images/test/280/4b59f342-3ae3-4105-908e-d4ca5e5f0ae9.jpg,True
280,280,280,280,/content/dataset/shared_dataset_seed9517/images/test/280/51e25166-7700-45ef-affd-87fdf5559b28.jpg,True
280,280,280,280,/content/dataset/shared_dataset_seed9517/images/test/280/bd6bd527-f237-40e4-859b-d2c8d0213b85.jpg,True
280,177,280,177,/content/dataset/shared_dataset_seed9517/images/test/280/e151ef04-b101-4a94-96a8-76e4b81af8eb.jpg,False
280,441,280,441,/content/dataset/shared_dataset_seed9517/images/test/280/f3dcfe17-2d3f-497d-a1b5-d48017da3ba9.jpg,False
281,281,281,281,/content/dataset/shared_dataset_seed9517/images/test/281/08242576-2478-4359-b9bb-02aded91bacc.jpg,True
281,331,281,331,/content/dataset/shared_dataset_seed9517/images/test/281/0e1e30e7-fbce-4d3f-b859-18335dea9726.jpg,False
281,142,281,142,/content/dataset/shared_dataset_seed9517/images/test/281/19a108bd-fbbd-4587-b92c-90d4b4d5644b.jpg,False
281,281,281,281,/content/dataset/shared_dataset_seed9517/images/test/281/5e248dd2-7c81-4859-bc87-e0ff4bfce7f0.jpg,True
281,306,281,306,/content/dataset/shared_dataset_seed9517/images/test/281/79b85777-27ce-4351-8caa-756e38beab63.jpg,False
281,295,281,295,/content/dataset/shared_dataset_seed9517/images/test/281/7a63d475-a653-4f4f-b1d6-72a3821fb1ac.jpg,False
281,281,281,281,/content/dataset/shared_dataset_seed9517/images/test/281/82cd25e3-b545-4322-aba1-29a110bae1a4.jpg,True
281,281,281,281,/content/dataset/shared_dataset_seed9517/images/test/281/87ec50fc-5379-4822-9e81-f65906ef62ab.jpg,True
281,281,281,281,/content/dataset/shared_dataset_seed9517/images/test/281/94c17c87-53ca-4847-8be8-b37d9bc301e5.jpg,True
281,281,281,281,/content/dataset/shared_dataset_seed9517/images/test/281/f45d4278-114b-4a36-8474-55b7caa4d73d.jpg,True
282,282,282,282,/content/dataset/shared_dataset_seed9517/images/test/282/4529f00f-870b-4749-a677-8d2ed4e587d9.jpg,True
282,282,282,282,/content/dataset/shared_dataset_seed9517/images/test/282/687ce24d-66ab-4796-b4f4-38eb0b28edc9.jpg,True
282,282,282,282,/content/dataset/shared_dataset_seed9517/images/test/282/717a2431-ef22-47d2-9a42-46f07e1f8089.jpg,True
282,282,282,282,/content/dataset/shared_dataset_seed9517/images/test/282/92c50580-c06e-4311-96d0-8be8f99a1d57.jpg,True
282,282,282,282,/content/dataset/shared_dataset_seed9517/images/test/282/9c3fe889-8596-436e-898a-a4f1fd8f74e9.jpg,True
282,282,282,282,/content/dataset/shared_dataset_seed9517/images/test/282/cd92a13f-f113-402d-9eb7-0c298d847e07.jpg,True
282,282,282,282,/content/dataset/shared_dataset_seed9517/images/test/282/cfabf8fa-5079-4e6f-9e5c-8ec37fa7a9b9.jpg,True
282,282,282,282,/content/dataset/shared_dataset_seed9517/images/test/282/d7abbf99-d675-436d-95c0-848f6cf3c2e8.jpg,True
282,282,282,282,/content/dataset/shared_dataset_seed9517/images/test/282/db95ff2d-94b3-40f0-8f62-5e419d9f3e1d.jpg,True
282,282,282,282,/content/dataset/shared_dataset_seed9517/images/test/282/e0107ef9-c9bd-4991-8b9d-0f152da49206.jpg,True
283,241,283,241,/content/dataset/shared_dataset_seed9517/images/test/283/385ea61c-75d8-4571-b270-6bdac2f53fb1.jpg,False
283,283,283,283,/content/dataset/shared_dataset_seed9517/images/test/283/51a9906d-0724-4e08-971d-02a50115ac3b.jpg,True
283,283,283,283,/content/dataset/shared_dataset_seed9517/images/test/283/5f88d929-c2ba-489d-9363-0a6130df5ba5.jpg,True
283,283,283,283,/content/dataset/shared_dataset_seed9517/images/test/283/635d472c-d49c-4eee-8ca8-c5856f287304.jpg,True
283,283,283,283,/content/dataset/shared_dataset_seed9517/images/test/283/6c67da8a-42ca-47f8-9bda-8bcdd8e0a25c.jpg,True
283,348,283,348,/content/dataset/shared_dataset_seed9517/images/test/283/814ad39c-35b0-474b-b661-70c4b5ae0376.jpg,False
283,310,283,310,/content/dataset/shared_dataset_seed9517/images/test/283/967bd0a5-bad6-4f20-814f-c0b58cc9fe87.jpg,False
283,283,283,283,/content/dataset/shared_dataset_seed9517/images/test/283/be0d951b-108f-45c8-9caf-9d9434fbbd6b.jpg,True
283,387,283,387,/content/dataset/shared_dataset_seed9517/images/test/283/cef05a1f-207d-49ab-9048-b2e2b1c38d18.jpg,False
283,490,283,490,/content/dataset/shared_dataset_seed9517/images/test/283/f294375e-5f58-4c82-9ea1-e59cd1024938.jpg,False
284,306,284,306,/content/dataset/shared_dataset_seed9517/images/test/284/05b7cf53-f3c7-4b94-9db2-bead4d9b341f.jpg,False
284,284,284,284,/content/dataset/shared_dataset_seed9517/images/test/284/36fbc179-fbcf-4676-bb11-307dbe4636f1.jpg,True
284,114,284,114,/content/dataset/shared_dataset_seed9517/images/test/284/40b21913-fa17-4422-bf96-a5dccc5d1670.jpg,False
284,284,284,284,/content/dataset/shared_dataset_seed9517/images/test/284/74fe5b2c-b8b9-4eff-82e4-9ae0849fc9d8.jpg,True
284,456,284,456,/content/dataset/shared_dataset_seed9517/images/test/284/77ef0e9c-76ce-4a6c-aa8f-672466b543f4.jpg,False
284,28,284,28,/content/dataset/shared_dataset_seed9517/images/test/284/a1fce951-ae9a-4194-949f-34eaa22d7b59.jpg,False
284,326,284,326,/content/dataset/shared_dataset_seed9517/images/test/284/a9a14d59-9b66-4ce9-81ad-ae6c57d59c3c.jpg,False
284,284,284,284,/content/dataset/shared_dataset_seed9517/images/test/284/adf60d33-ce06-4884-921c-4ff0be8f0729.jpg,True
284,396,284,396,/content/dataset/shared_dataset_seed9517/images/test/284/ae49a4c4-584d-44d9-b679-1556de4bc0af.jpg,False
284,396,284,396,/content/dataset/shared_dataset_seed9517/images/test/284/fabc72d5-34e8-46fd-998b-1c95e21fa177.jpg,False
285,285,285,285,/content/dataset/shared_dataset_seed9517/images/test/285/001edb00-7d18-4249-a087-14a1b469822f.jpg,True
285,285,285,285,/content/dataset/shared_dataset_seed9517/images/test/285/18623711-bbcb-4d67-9251-f6be906c24b9.jpg,True
285,285,285,285,/content/dataset/shared_dataset_seed9517/images/test/285/53124a53-a8c7-47b0-80f5-248516f29cfa.jpg,True
285,285,285,285,/content/dataset/shared_dataset_seed9517/images/test/285/657c3181-aa4a-4558-83c9-9354f6e80637.jpg,True
285,285,285,285,/content/dataset/shared_dataset_seed9517/images/test/285/663f8a7d-5178-49af-ba66-fbf04d096784.jpg,True
285,285,285,285,/content/dataset/shared_dataset_seed9517/images/test/285/6b1045dc-ac0a-498d-b99e-ea0aa2ebe91e.jpg,True
285,285,285,285,/content/dataset/shared_dataset_seed9517/images/test/285/a30abfa7-f04e-48d1-b48d-5498ff35b19a.jpg,True
285,285,285,285,/content/dataset/shared_dataset_seed9517/images/test/285/ab56dfb5-8edc-497b-8c42-a66786ad55e3.jpg,True
285,285,285,285,/content/dataset/shared_dataset_seed9517/images/test/285/cccc0f22-bdd3-448b-8bdb-67d063088783.jpg,True
285,285,285,285,/content/dataset/shared_dataset_seed9517/images/test/285/df9b71b3-9149-4254-bcec-d8e3bc18ce92.jpg,True
286,399,286,399,/content/dataset/shared_dataset_seed9517/images/test/286/0c473260-b1ba-41c0-a5fa-3e0cef34c963.jpg,False
286,286,286,286,/content/dataset/shared_dataset_seed9517/images/test/286/130bf12c-2e61-4d5f-a260-8da547e1addb.jpg,True
286,286,286,286,/content/dataset/shared_dataset_seed9517/images/test/286/132a2613-0e96-4b19-b6e5-a0a91bb93c10.jpg,True
286,286,286,286,/content/dataset/shared_dataset_seed9517/images/test/286/2c989e0d-7c06-4316-8711-d9c2f975becf.jpg,True
286,286,286,286,/content/dataset/shared_dataset_seed9517/images/test/286/2cfce349-0fd3-4929-a197-4fcb0c1257f5.jpg,True
286,286,286,286,/content/dataset/shared_dataset_seed9517/images/test/286/4267632d-fcf1-4241-9de6-9490251ee16c.jpg,True
286,286,286,286,/content/dataset/shared_dataset_seed9517/images/test/286/807c703f-0343-43f4-a9bc-1c26482858c1.jpg,True
286,286,286,286,/content/dataset/shared_dataset_seed9517/images/test/286/c205b5e8-b5e7-4d8a-ad5c-e86fd0b70f0c.jpg,True
286,286,286,286,/content/dataset/shared_dataset_seed9517/images/test/286/d48fcb54-c134-4da6-a9c7-628041f3b038.jpg,True
286,286,286,286,/content/dataset/shared_dataset_seed9517/images/test/286/fc9f30e3-17b2-43c1-9e6b-f1c4185299fd.jpg,True
287,287,287,287,/content/dataset/shared_dataset_seed9517/images/test/287/06ef5aa3-bd3e-4755-96fa-8375bc2b7a37.jpg,True
287,287,287,287,/content/dataset/shared_dataset_seed9517/images/test/287/17c92f45-3a6b-4bcd-93d4-dbb9d23bf645.jpg,True
287,287,287,287,/content/dataset/shared_dataset_seed9517/images/test/287/1da19830-de5a-4c52-9d2b-027829c3fbbd.jpg,True
287,287,287,287,/content/dataset/shared_dataset_seed9517/images/test/287/24135065-b0ce-44a7-ae43-a3630f47f922.jpg,True
287,287,287,287,/content/dataset/shared_dataset_seed9517/images/test/287/45d20b82-c694-41f7-9ccc-f69894d88e42.jpg,True
287,361,287,361,/content/dataset/shared_dataset_seed9517/images/test/287/491af4d6-d505-4a7e-974d-890248aad63d.jpg,False
287,287,287,287,/content/dataset/shared_dataset_seed9517/images/test/287/580c9f66-7ab1-43bb-8dc4-887a152908d3.jpg,True
287,287,287,287,/content/dataset/shared_dataset_seed9517/images/test/287/85202c43-26d3-4a1c-a990-50f8c55b49bc.jpg,True
287,287,287,287,/content/dataset/shared_dataset_seed9517/images/test/287/c6f2a0e2-b382-46a2-9814-f430dcd09505.jpg,True
287,282,287,282,/content/dataset/shared_dataset_seed9517/images/test/287/f999b08c-43e0-4e4a-b797-390f544ffbfd.jpg,False
288,288,288,288,/content/dataset/shared_dataset_seed9517/images/test/288/00805a7a-a3b7-4b60-89c3-0142648e09ac.jpg,True
288,288,288,288,/content/dataset/shared_dataset_seed9517/images/test/288/132d5489-8a28-4fbd-83d2-ebd45c76edad.jpg,True
288,279,288,279,/content/dataset/shared_dataset_seed9517/images/test/288/13c08805-060e-4ca8-9b45-d00e79fb5e34.jpg,False
288,288,288,288,/content/dataset/shared_dataset_seed9517/images/test/288/2aa9d49a-da27-4240-b548-72c93d05324e.jpg,True
288,288,288,288,/content/dataset/shared_dataset_seed9517/images/test/288/30ee42e0-d4a7-4fa0-be46-9278ce22040f.jpg,True
288,288,288,288,/content/dataset/shared_dataset_seed9517/images/test/288/55889729-291d-4238-9d60-2873342f6a82.jpg,True
288,449,288,449,/content/dataset/shared_dataset_seed9517/images/test/288/5dca0b9c-08d0-4215-b112-657b57604dcd.jpg,False
288,383,288,383,/content/dataset/shared_dataset_seed9517/images/test/288/73c970e9-4e8e-4e52-bddc-b67a0798b983.jpg,False
288,288,288,288,/content/dataset/shared_dataset_seed9517/images/test/288/e546b294-a27d-4202-9ea7-bb1810e008f2.jpg,True
288,288,288,288,/content/dataset/shared_dataset_seed9517/images/test/288/f34182a5-2f9c-4e78-8ee1-52345bac0531.jpg,True
289,289,289,289,/content/dataset/shared_dataset_seed9517/images/test/289/1863ef6c-98fa-4113-a23d-2ad2831b8c7c.jpg,True
289,289,289,289,/content/dataset/shared_dataset_seed9517/images/test/289/1b1d55cb-6c76-456b-b5e1-ccf4a83c1ef2.jpg,True
289,289,289,289,/content/dataset/shared_dataset_seed9517/images/test/289/8030683a-60a6-4397-aeb8-0043aa009c77.jpg,True
289,289,289,289,/content/dataset/shared_dataset_seed9517/images/test/289/91b07b98-0d5d-41b4-947f-9e8dd28aaf08.jpg,True
289,289,289,289,/content/dataset/shared_dataset_seed9517/images/test/289/a3d4d106-185c-4d62-b9d0-5c2811bcf0cd.jpg,True
289,289,289,289,/content/dataset/shared_dataset_seed9517/images/test/289/aca62f2f-b1d5-4e59-81f7-458b87385f79.jpg,True
289,289,289,289,/content/dataset/shared_dataset_seed9517/images/test/289/b3464385-f003-40a8-a186-965d1519aa6b.jpg,True
289,289,289,289,/content/dataset/shared_dataset_seed9517/images/test/289/c0bb0131-9313-4d9e-bfc3-81fff6d15b85.jpg,True
289,289,289,289,/content/dataset/shared_dataset_seed9517/images/test/289/cd786dbf-8547-4c2d-9a17-1e69303bcc53.jpg,True
289,455,289,455,/content/dataset/shared_dataset_seed9517/images/test/289/f2b7e8a2-ff7d-421c-9c5a-b201fe4d305a.jpg,False
290,290,290,290,/content/dataset/shared_dataset_seed9517/images/test/290/1a3fa19f-6e93-4ccd-a0e7-76b50a82dd02.jpg,True
290,412,290,412,/content/dataset/shared_dataset_seed9517/images/test/290/1e017b33-d099-4f38-9e3a-a1907fdb8358.jpg,False
290,290,290,290,/content/dataset/shared_dataset_seed9517/images/test/290/3dce884c-27ea-4b14-a910-16bd8c6a258b.jpg,True
290,290,290,290,/content/dataset/shared_dataset_seed9517/images/test/290/45525bf1-f830-43d4-9122-5dd0e10712d1.jpg,True
290,295,290,295,/content/dataset/shared_dataset_seed9517/images/test/290/480b7a57-28ca-45cd-97c0-5bcbd7873443.jpg,False
290,446,290,446,/content/dataset/shared_dataset_seed9517/images/test/290/54a213d1-5570-492d-923b-577678205d82.jpg,False
290,295,290,295,/content/dataset/shared_dataset_seed9517/images/test/290/86cb9849-8387-4008-a598-67ce3f04d2dc.jpg,False
290,290,290,290,/content/dataset/shared_dataset_seed9517/images/test/290/99e031da-3944-47d1-b843-9ec62d74d646.jpg,True
290,290,290,290,/content/dataset/shared_dataset_seed9517/images/test/290/bd4b7817-4bc1-4707-9db9-6f79124a473f.jpg,True
290,295,290,295,/content/dataset/shared_dataset_seed9517/images/test/290/dc12bb9f-8d3b-4505-b404-71a82b39fb6b.jpg,False
291,291,291,291,/content/dataset/shared_dataset_seed9517/images/test/291/1e522eff-c6a0-4015-893b-e688764d83da.jpg,True
291,291,291,291,/content/dataset/shared_dataset_seed9517/images/test/291/7aa9b8bb-90eb-4b48-b2d6-a71d0bcaa9d9.jpg,True
291,291,291,291,/content/dataset/shared_dataset_seed9517/images/test/291/916c408c-2ca6-4839-9ba6-2e8d4d602bf4.jpg,True
291,364,291,364,/content/dataset/shared_dataset_seed9517/images/test/291/9ddb4ec8-fa2d-44ea-8825-72a32ce05f58.jpg,False
291,291,291,291,/content/dataset/shared_dataset_seed9517/images/test/291/9ebe3c21-c51b-4bea-af1b-06bd72b0b745.jpg,True
291,291,291,291,/content/dataset/shared_dataset_seed9517/images/test/291/ae9e2a8f-c32d-422a-a6df-b0b4d2a6ed46.jpg,True
291,364,291,364,/content/dataset/shared_dataset_seed9517/images/test/291/bc03b122-6fe7-4b64-a9b4-28879097e1b1.jpg,False
291,291,291,291,/content/dataset/shared_dataset_seed9517/images/test/291/ce88e10b-ab81-4218-9960-329b81d66168.jpg,True
291,291,291,291,/content/dataset/shared_dataset_seed9517/images/test/291/d4b30171-98c1-42fe-9d1f-dcde75544408.jpg,True
291,291,291,291,/content/dataset/shared_dataset_seed9517/images/test/291/f394f443-ede8-4139-a894-f7d160e298e8.jpg,True
292,292,292,292,/content/dataset/shared_dataset_seed9517/images/test/292/20570016-4b42-4c6a-971e-9dda926362f5.jpg,True
292,75,292,75,/content/dataset/shared_dataset_seed9517/images/test/292/4d4e2e41-bfef-4497-863c-de4cc97f6f29.jpg,False
292,350,292,350,/content/dataset/shared_dataset_seed9517/images/test/292/6a705f10-514e-4c78-83f7-45eff080432d.jpg,False
292,275,292,275,/content/dataset/shared_dataset_seed9517/images/test/292/8258e3c5-7301-4b69-acdc-bab01bcafcec.jpg,False
292,496,292,496,/content/dataset/shared_dataset_seed9517/images/test/292/835afda7-aa2c-48ad-95b7-6593afc5b78e.jpg,False
292,292,292,292,/content/dataset/shared_dataset_seed9517/images/test/292/96e8101e-8a34-4f6b-a3c4-11fe8b362d72.jpg,True
292,296,292,296,/content/dataset/shared_dataset_seed9517/images/test/292/971e1ec2-3ce4-4829-81b2-baa595ce2cd6.jpg,False
292,292,292,292,/content/dataset/shared_dataset_seed9517/images/test/292/a817f8a4-5e22-4cc8-b58a-bf0f1baec5a1.jpg,True
292,396,292,396,/content/dataset/shared_dataset_seed9517/images/test/292/ba653ad2-9638-453c-80bf-26267d2f4aa2.jpg,False
292,292,292,292,/content/dataset/shared_dataset_seed9517/images/test/292/e57372c1-46f5-4ba1-8df6-f06d950f7962.jpg,True
293,293,293,293,/content/dataset/shared_dataset_seed9517/images/test/293/00057faa-d4af-4b85-9a59-dacc2658a802.jpg,True
293,293,293,293,/content/dataset/shared_dataset_seed9517/images/test/293/007b7b78-afd8-4f51-986d-9a42de6911b3.jpg,True
293,293,293,293,/content/dataset/shared_dataset_seed9517/images/test/293/279579a7-ef24-4af5-bfbf-9e9f532d3773.jpg,True
293,293,293,293,/content/dataset/shared_dataset_seed9517/images/test/293/409725e3-490c-4bea-a04c-9207ee753fde.jpg,True
293,364,293,364,/content/dataset/shared_dataset_seed9517/images/test/293/4e4adbfb-f7d8-4517-aea8-6d1f62095414.jpg,False
293,293,293,293,/content/dataset/shared_dataset_seed9517/images/test/293/63bd7bce-a292-430a-8dd5-b590bb28d7ff.jpg,True
293,293,293,293,/content/dataset/shared_dataset_seed9517/images/test/293/78947c21-6ded-43c5-998a-98d03a7461dd.jpg,True
293,293,293,293,/content/dataset/shared_dataset_seed9517/images/test/293/929def66-3108-422c-bda3-5e8805448ee1.jpg,True
293,293,293,293,/content/dataset/shared_dataset_seed9517/images/test/293/de0ff0bb-27a7-487e-a9df-931398e7e466.jpg,True
293,293,293,293,/content/dataset/shared_dataset_seed9517/images/test/293/f9bdcc67-99fb-412a-b847-13ca79b5b7f6.jpg,True
294,294,294,294,/content/dataset/shared_dataset_seed9517/images/test/294/03421a74-4c94-4cca-966b-6cec01364a52.jpg,True
294,294,294,294,/content/dataset/shared_dataset_seed9517/images/test/294/1174b8a3-28c3-4094-8161-ab6f60559e13.jpg,True
294,294,294,294,/content/dataset/shared_dataset_seed9517/images/test/294/3708faf5-f1a1-4aec-b193-fa474238ec4e.jpg,True
294,294,294,294,/content/dataset/shared_dataset_seed9517/images/test/294/4097fbe9-4466-4c83-9972-83b1814026f1.jpg,True
294,294,294,294,/content/dataset/shared_dataset_seed9517/images/test/294/492592c0-3f61-43ae-a4b0-3ccfaa282d64.jpg,True
294,294,294,294,/content/dataset/shared_dataset_seed9517/images/test/294/7d687517-4f13-4c85-9088-48b6f0768925.jpg,True
294,294,294,294,/content/dataset/shared_dataset_seed9517/images/test/294/92c87523-6dd0-4949-aa7a-cbbcf86b643e.jpg,True
294,294,294,294,/content/dataset/shared_dataset_seed9517/images/test/294/b45fc606-c5cb-4043-a14b-5dadfa15cb42.jpg,True
294,294,294,294,/content/dataset/shared_dataset_seed9517/images/test/294/faca3181-0fd1-4cb8-ac8d-7a1ba51143cd.jpg,True
294,294,294,294,/content/dataset/shared_dataset_seed9517/images/test/294/ff029b17-8a13-4b32-9b1d-566a1b136552.jpg,True
295,295,295,295,/content/dataset/shared_dataset_seed9517/images/test/295/244eb978-46ee-4f29-bca4-a028a5380539.jpg,True
295,295,295,295,/content/dataset/shared_dataset_seed9517/images/test/295/2a10f7d8-e18b-4288-be73-f21a9241f809.jpg,True
295,295,295,295,/content/dataset/shared_dataset_seed9517/images/test/295/357ce59a-19e2-4c5b-8594-cc4c9ee8df12.jpg,True
295,295,295,295,/content/dataset/shared_dataset_seed9517/images/test/295/644b92da-3219-4177-8aff-a263e42f4c5f.jpg,True
295,295,295,295,/content/dataset/shared_dataset_seed9517/images/test/295/858e0481-ea7a-4224-a0dc-d6a6063e2839.jpg,True
295,295,295,295,/content/dataset/shared_dataset_seed9517/images/test/295/9c0c7676-2552-4aeb-b200-7fdeea6b3ed1.jpg,True
295,289,295,289,/content/dataset/shared_dataset_seed9517/images/test/295/cd4e8286-aadd-4df9-9bae-f66e56a7f02d.jpg,False
295,295,295,295,/content/dataset/shared_dataset_seed9517/images/test/295/e20e9642-f85a-41ae-a8e5-c2d1a3da237b.jpg,True
295,295,295,295,/content/dataset/shared_dataset_seed9517/images/test/295/fb5c48fa-6a2c-420a-9360-c33f30e0ca47.jpg,True
295,295,295,295,/content/dataset/shared_dataset_seed9517/images/test/295/fdf97f63-0808-4b67-992c-592ee99f77a3.jpg,True
296,296,296,296,/content/dataset/shared_dataset_seed9517/images/test/296/00103cb5-4aab-49dd-ae1c-e4f60da5fabf.jpg,True
296,296,296,296,/content/dataset/shared_dataset_seed9517/images/test/296/0519cb85-3803-4e66-976b-c8f4be02b480.jpg,True
296,296,296,296,/content/dataset/shared_dataset_seed9517/images/test/296/16af1798-f4de-4257-84d3-afbe66f82186.jpg,True
296,296,296,296,/content/dataset/shared_dataset_seed9517/images/test/296/24060f1c-e6b8-4016-923e-4292fcb21731.jpg,True
296,296,296,296,/content/dataset/shared_dataset_seed9517/images/test/296/2594f8c3-efea-4371-ac41-2fc12e0f9280.jpg,True
296,296,296,296,/content/dataset/shared_dataset_seed9517/images/test/296/2a7f2fa9-3941-4d12-8ef9-fc16b9dca787.jpg,True
296,292,296,292,/content/dataset/shared_dataset_seed9517/images/test/296/379eb759-4b2b-4bf4-a886-8438ce3e8593.jpg,False
296,296,296,296,/content/dataset/shared_dataset_seed9517/images/test/296/75e5ba97-267d-48aa-a4ab-8100e5552c80.jpg,True
296,296,296,296,/content/dataset/shared_dataset_seed9517/images/test/296/c58fdf22-be24-4ba1-8333-67270be84e8f.jpg,True
296,296,296,296,/content/dataset/shared_dataset_seed9517/images/test/296/ed8e6c8b-0edf-428d-860b-785e79676172.jpg,True
297,257,297,257,/content/dataset/shared_dataset_seed9517/images/test/297/096df46b-ff80-4347-ae50-1f93c27fad84.jpg,False
297,297,297,297,/content/dataset/shared_dataset_seed9517/images/test/297/2bfa976d-d604-4493-90ea-e3b39f7fbb0b.jpg,True
297,297,297,297,/content/dataset/shared_dataset_seed9517/images/test/297/479c5bf1-08a7-465d-9f4e-270faa9a5b76.jpg,True
297,297,297,297,/content/dataset/shared_dataset_seed9517/images/test/297/7ade8aad-db62-40f0-aa3d-47643e2e94fb.jpg,True
297,297,297,297,/content/dataset/shared_dataset_seed9517/images/test/297/89a56367-04bd-4c75-ad8d-dff40d71f024.jpg,True
297,297,297,297,/content/dataset/shared_dataset_seed9517/images/test/297/9ef544f6-e204-4f1c-af15-a6463f0c4bd4.jpg,True
297,297,297,297,/content/dataset/shared_dataset_seed9517/images/test/297/cef5f697-33e8-4200-9c67-04c2ec84d5f3.jpg,True
297,297,297,297,/content/dataset/shared_dataset_seed9517/images/test/297/d33a23f6-b86c-4afd-983d-f015ef1c96e8.jpg,True
297,303,297,303,/content/dataset/shared_dataset_seed9517/images/test/297/f298a417-962a-47ed-8153-a9421520ae73.jpg,False
297,297,297,297,/content/dataset/shared_dataset_seed9517/images/test/297/fad56834-b28b-481f-aac7-fd5c31ebe37a.jpg,True
298,298,298,298,/content/dataset/shared_dataset_seed9517/images/test/298/18f5deb9-7b80-4f81-8339-1eca0423033e.jpg,True
298,298,298,298,/content/dataset/shared_dataset_seed9517/images/test/298/2b4eb1f5-c349-404c-8198-343c6624bf5d.jpg,True
298,298,298,298,/content/dataset/shared_dataset_seed9517/images/test/298/60efde9f-9976-4b7e-9fb3-c7a116a4d975.jpg,True
298,298,298,298,/content/dataset/shared_dataset_seed9517/images/test/298/6c7a9b9e-2999-4900-ae74-f06980e1542d.jpg,True
298,299,298,299,/content/dataset/shared_dataset_seed9517/images/test/298/9f9080c3-0f91-4a0e-b526-ef6b0bbe9170.jpg,False
298,298,298,298,/content/dataset/shared_dataset_seed9517/images/test/298/bebb4183-83a3-4904-b5ad-ba1ee3b3a10b.jpg,True
298,298,298,298,/content/dataset/shared_dataset_seed9517/images/test/298/eaf9931b-3e42-467d-94fb-395dc1c8d934.jpg,True
298,298,298,298,/content/dataset/shared_dataset_seed9517/images/test/298/f1460333-6cd5-4aa8-b84a-02c966ad3971.jpg,True
298,298,298,298,/content/dataset/shared_dataset_seed9517/images/test/298/f926266e-e409-4f56-8ef3-25b5f4c959ee.jpg,True
298,298,298,298,/content/dataset/shared_dataset_seed9517/images/test/298/fef4952c-56fe-4c43-b5bc-ba2efe1cdcf5.jpg,True
299,299,299,299,/content/dataset/shared_dataset_seed9517/images/test/299/2ed68e4a-ecd9-4d8c-bd5b-23b0b0768eb1.jpg,True
299,299,299,299,/content/dataset/shared_dataset_seed9517/images/test/299/3b5568d5-71e9-4d85-92b6-dcbd6016ba22.jpg,True
299,299,299,299,/content/dataset/shared_dataset_seed9517/images/test/299/6c8c0d2d-00c0-413f-87ca-e56e03162ea3.jpg,True
299,299,299,299,/content/dataset/shared_dataset_seed9517/images/test/299/9261f3d1-486d-49dd-afb5-d5a4b3f37d5d.jpg,True
299,299,299,299,/content/dataset/shared_dataset_seed9517/images/test/299/9e7c14f7-fc15-450b-9d21-cc24972490d0.jpg,True
299,299,299,299,/content/dataset/shared_dataset_seed9517/images/test/299/a662829c-90a3-414d-ae7e-c0994981b5d1.jpg,True
299,299,299,299,/content/dataset/shared_dataset_seed9517/images/test/299/afe1d847-51b1-4360-b73b-4fbea901e6be.jpg,True
299,299,299,299,/content/dataset/shared_dataset_seed9517/images/test/299/b3ae02c4-461c-4359-b8c4-be83c35b0264.jpg,True
299,299,299,299,/content/dataset/shared_dataset_seed9517/images/test/299/c4291677-f4e2-4d08-b96f-25b4311b898e.jpg,True
299,299,299,299,/content/dataset/shared_dataset_seed9517/images/test/299/f65ee39c-ca85-4e1b-b9c9-08368d56e793.jpg,True
300,300,300,300,/content/dataset/shared_dataset_seed9517/images/test/300/02517104-b634-43a0-a39a-c9b49ea425f8.jpg,True
300,305,300,305,/content/dataset/shared_dataset_seed9517/images/test/300/103dcfa8-95e3-4a58-bd18-f29ed9b8cf52.jpg,False
300,300,300,300,/content/dataset/shared_dataset_seed9517/images/test/300/5e2cdec0-3609-401c-a452-25bdcea0209a.jpg,True
300,300,300,300,/content/dataset/shared_dataset_seed9517/images/test/300/8c441c30-cc77-4fe4-a737-8d59dfa08022.jpg,True
300,300,300,300,/content/dataset/shared_dataset_seed9517/images/test/300/a38a2d1f-da17-4fc0-974d-2ca857379d23.jpg,True
300,300,300,300,/content/dataset/shared_dataset_seed9517/images/test/300/a98ee3a1-a37a-496a-b730-4c7c8b0fff06.jpg,True
300,300,300,300,/content/dataset/shared_dataset_seed9517/images/test/300/b1a8fc06-6a5f-478a-9a0d-6b54ceea8fd4.jpg,True
300,300,300,300,/content/dataset/shared_dataset_seed9517/images/test/300/d5193eba-fb02-4b83-995b-1adeebead923.jpg,True
300,300,300,300,/content/dataset/shared_dataset_seed9517/images/test/300/e15ab5cf-7b8d-4dba-88b4-d9c5b44e9b96.jpg,True
300,300,300,300,/content/dataset/shared_dataset_seed9517/images/test/300/e2d4290b-4d8a-4342-bd97-f7f7cdee0cef.jpg,True
301,301,301,301,/content/dataset/shared_dataset_seed9517/images/test/301/0280b7eb-cd8e-4efe-bf6e-87c43606645e.jpg,True
301,301,301,301,/content/dataset/shared_dataset_seed9517/images/test/301/1c0040d7-74d5-4587-b714-141d010685c2.jpg,True
301,301,301,301,/content/dataset/shared_dataset_seed9517/images/test/301/1ff3e79b-4c65-41f4-be6c-1878248f9b28.jpg,True
301,301,301,301,/content/dataset/shared_dataset_seed9517/images/test/301/22276d1f-869e-4c84-8ab3-ee6d0ac61684.jpg,True
301,301,301,301,/content/dataset/shared_dataset_seed9517/images/test/301/4aca2924-6498-4c92-94f1-4327d6d0df1f.jpg,True
301,301,301,301,/content/dataset/shared_dataset_seed9517/images/test/301/721d8016-282c-4097-9553-b68d3a33f63d.jpg,True
301,301,301,301,/content/dataset/shared_dataset_seed9517/images/test/301/863c4004-a855-4f2e-ba0a-f3097ed5045d.jpg,True
301,301,301,301,/content/dataset/shared_dataset_seed9517/images/test/301/93bcb70d-4fd2-4a06-96e8-3df27e1250e7.jpg,True
301,301,301,301,/content/dataset/shared_dataset_seed9517/images/test/301/9b34d7ab-6d22-4234-96c4-5359f7fba06f.jpg,True
301,248,301,248,/content/dataset/shared_dataset_seed9517/images/test/301/d02136c9-d55e-4384-9df1-6c2c954e963c.jpg,False
302,302,302,302,/content/dataset/shared_dataset_seed9517/images/test/302/2ebedfb2-68c6-4a12-b6a6-6e6bce2c9707.jpg,True
302,302,302,302,/content/dataset/shared_dataset_seed9517/images/test/302/5d3f637d-8c11-4df0-a576-1adab5089ebc.jpg,True
302,294,302,294,/content/dataset/shared_dataset_seed9517/images/test/302/6335fce6-9e08-4c51-9074-07ac53363c72.jpg,False
302,302,302,302,/content/dataset/shared_dataset_seed9517/images/test/302/67cbd9cd-4ba0-418c-a99a-19cc37348d62.jpg,True
302,302,302,302,/content/dataset/shared_dataset_seed9517/images/test/302/6a29dadb-e451-402f-9a34-c8c58211b692.jpg,True
302,302,302,302,/content/dataset/shared_dataset_seed9517/images/test/302/6c195384-0967-4c94-b374-76d56662428f.jpg,True
302,302,302,302,/content/dataset/shared_dataset_seed9517/images/test/302/85ffc19b-b0d2-4a1b-8c52-747573d3a1a4.jpg,True
302,302,302,302,/content/dataset/shared_dataset_seed9517/images/test/302/ad4f3294-d656-4f3b-82c2-f91434671da5.jpg,True
302,481,302,481,/content/dataset/shared_dataset_seed9517/images/test/302/b03e14fa-5976-4a6b-b3e8-8d6892132702.jpg,False
302,302,302,302,/content/dataset/shared_dataset_seed9517/images/test/302/c661befd-dfab-4779-9b9f-b962144c959c.jpg,True
303,297,303,297,/content/dataset/shared_dataset_seed9517/images/test/303/1552c8b0-87b4-4421-bd60-2c65b7d05140.jpg,False
303,303,303,303,/content/dataset/shared_dataset_seed9517/images/test/303/4165c606-74f4-4c3e-82d0-df0ae4ab8185.jpg,True
303,84,303,84,/content/dataset/shared_dataset_seed9517/images/test/303/416cf2f8-0123-4a45-9edf-ad2966305557.jpg,False
303,249,303,249,/content/dataset/shared_dataset_seed9517/images/test/303/4c957d88-7811-4187-b13e-bf96edf84a8c.jpg,False
303,303,303,303,/content/dataset/shared_dataset_seed9517/images/test/303/683e553d-0b99-4d43-bb36-ccc89d54f827.jpg,True
303,269,303,269,/content/dataset/shared_dataset_seed9517/images/test/303/70ba0089-16e0-45df-ab4c-30719476f40f.jpg,False
303,303,303,303,/content/dataset/shared_dataset_seed9517/images/test/303/9dcd7751-c99d-4437-afbc-b17434c9952f.jpg,True
303,332,303,332,/content/dataset/shared_dataset_seed9517/images/test/303/d6d8091c-d94f-4dae-9b6d-429269b11afa.jpg,False
303,301,303,301,/content/dataset/shared_dataset_seed9517/images/test/303/ea6813fc-5fe2-4312-b8b7-51274b174b6a.jpg,False
303,122,303,122,/content/dataset/shared_dataset_seed9517/images/test/303/eab6bf49-6744-4fef-bb1f-7fd6c2e4a7be.jpg,False
304,304,304,304,/content/dataset/shared_dataset_seed9517/images/test/304/0cf5e7cf-74b5-479b-b92e-5548796339a0.jpg,True
304,95,304,95,/content/dataset/shared_dataset_seed9517/images/test/304/0dc49bd1-0d1d-4e95-b149-819893362b3b.jpg,False
304,304,304,304,/content/dataset/shared_dataset_seed9517/images/test/304/3104b78b-bff3-4ad8-a0c7-fb96c694dc19.jpg,True
304,304,304,304,/content/dataset/shared_dataset_seed9517/images/test/304/3cc29890-3423-4db3-88f3-1dbd2488dd0f.jpg,True
304,304,304,304,/content/dataset/shared_dataset_seed9517/images/test/304/528c8915-5d07-44af-bf1d-68762c877a26.jpg,True
304,304,304,304,/content/dataset/shared_dataset_seed9517/images/test/304/5e27df78-7be7-4e9f-ab6a-05477c3f3ac4.jpg,True
304,304,304,304,/content/dataset/shared_dataset_seed9517/images/test/304/722873fa-3ae7-404c-945a-eae02a5a7d40.jpg,True
304,310,304,310,/content/dataset/shared_dataset_seed9517/images/test/304/823cb7e2-9f3d-4001-8ac3-3a2d34bfdfa1.jpg,False
304,304,304,304,/content/dataset/shared_dataset_seed9517/images/test/304/b9b2a590-3787-488d-a188-4c34bcb7d589.jpg,True
304,304,304,304,/content/dataset/shared_dataset_seed9517/images/test/304/db4cc72c-b017-4acf-a30d-c6a1f55935fc.jpg,True
305,305,305,305,/content/dataset/shared_dataset_seed9517/images/test/305/00d3550f-c942-4851-9ba0-a5947ac663c8.jpg,True
305,305,305,305,/content/dataset/shared_dataset_seed9517/images/test/305/1103a81b-0e45-4248-b039-71c261215b6e.jpg,True
305,305,305,305,/content/dataset/shared_dataset_seed9517/images/test/305/451914f1-6122-4663-85a6-2f832cbd8a21.jpg,True
305,305,305,305,/content/dataset/shared_dataset_seed9517/images/test/305/5aaac903-ffb4-47b3-88f5-76fd7a008f09.jpg,True
305,305,305,305,/content/dataset/shared_dataset_seed9517/images/test/305/6094051c-686c-47f3-a84d-55d425e16ac2.jpg,True
305,309,305,309,/content/dataset/shared_dataset_seed9517/images/test/305/6c3d7e42-80be-483a-890d-79bb756cd6bd.jpg,False
305,305,305,305,/content/dataset/shared_dataset_seed9517/images/test/305/a6714bb1-3be7-4bb9-9558-2e5dedc40ed2.jpg,True
305,305,305,305,/content/dataset/shared_dataset_seed9517/images/test/305/ad9e547c-4f60-4f36-a98c-5b445f6ce44e.jpg,True
305,305,305,305,/content/dataset/shared_dataset_seed9517/images/test/305/c5b475d0-3554-4bd4-8b25-81dcc98c88a4.jpg,True
305,305,305,305,/content/dataset/shared_dataset_seed9517/images/test/305/f334f39c-5113-4d93-9898-69c27f3ee9a9.jpg,True
306,472,306,472,/content/dataset/shared_dataset_seed9517/images/test/306/2237f99e-ee05-418b-8a50-f1fc84a58ecc.jpg,False
306,306,306,306,/content/dataset/shared_dataset_seed9517/images/test/306/355a838f-24b0-4830-be2d-3835fd70aca5.jpg,True
306,306,306,306,/content/dataset/shared_dataset_seed9517/images/test/306/37409671-cc92-4fe7-befe-9d055e42f39c.jpg,True
306,306,306,306,/content/dataset/shared_dataset_seed9517/images/test/306/5e6fe28b-9fc9-4531-9099-6316d202790a.jpg,True
306,306,306,306,/content/dataset/shared_dataset_seed9517/images/test/306/69bd4a9e-6565-4292-af08-7fc92c13ae65.jpg,True
306,95,306,95,/content/dataset/shared_dataset_seed9517/images/test/306/6b10d5cd-f46c-4084-ac3e-55c2498d7ecf.jpg,False
306,306,306,306,/content/dataset/shared_dataset_seed9517/images/test/306/8836d011-abf0-435b-83b0-5c84d546c051.jpg,True
306,306,306,306,/content/dataset/shared_dataset_seed9517/images/test/306/a458cbbc-f235-4f84-82b5-9b253af208aa.jpg,True
306,309,306,309,/content/dataset/shared_dataset_seed9517/images/test/306/b07aa436-33ef-4a56-a427-28679e2afb09.jpg,False
306,305,306,305,/content/dataset/shared_dataset_seed9517/images/test/306/f8a59364-26f8-4f4e-bec0-8a77c71caae6.jpg,False
307,307,307,307,/content/dataset/shared_dataset_seed9517/images/test/307/372f0738-a6c4-471b-ad80-bf4ba2b5fabd.jpg,True
307,388,307,388,/content/dataset/shared_dataset_seed9517/images/test/307/558d3587-beeb-4989-91dd-f27bf418a944.jpg,False
307,297,307,297,/content/dataset/shared_dataset_seed9517/images/test/307/62219703-ca8a-48f7-9b4c-2d0349739c65.jpg,False
307,313,307,313,/content/dataset/shared_dataset_seed9517/images/test/307/6c2c6ff7-d9ed-4c75-b553-fae8ec1c62c6.jpg,False
307,307,307,307,/content/dataset/shared_dataset_seed9517/images/test/307/9019bddd-2bac-4e28-a168-fc7522a00b72.jpg,True
307,307,307,307,/content/dataset/shared_dataset_seed9517/images/test/307/addd9fec-ac9c-4df5-8fcb-32f8e73f6d67.jpg,True
307,307,307,307,/content/dataset/shared_dataset_seed9517/images/test/307/b3afe10f-bfbb-460b-9577-ac33cca0c985.jpg,True
307,307,307,307,/content/dataset/shared_dataset_seed9517/images/test/307/c670d668-a726-4a59-b76f-3eed9f28740e.jpg,True
307,343,307,343,/content/dataset/shared_dataset_seed9517/images/test/307/c9e3a204-c969-432b-839f-3d920a668c47.jpg,False
307,281,307,281,/content/dataset/shared_dataset_seed9517/images/test/307/ffd106b9-0a10-470e-890b-b6c23e46b963.jpg,False
308,308,308,308,/content/dataset/shared_dataset_seed9517/images/test/308/3e4604c4-ecec-44f0-bc29-41f718f81aa2.jpg,True
308,308,308,308,/content/dataset/shared_dataset_seed9517/images/test/308/60dff11a-ab34-4dea-baff-80a05cebec7f.jpg,True
308,308,308,308,/content/dataset/shared_dataset_seed9517/images/test/308/616d4e97-dd3e-447c-af1a-c39fe2add484.jpg,True
308,308,308,308,/content/dataset/shared_dataset_seed9517/images/test/308/6a75a00a-c6f6-4b07-8134-b3ab834e3592.jpg,True
308,308,308,308,/content/dataset/shared_dataset_seed9517/images/test/308/72c2ec11-9419-4caa-8d45-cfb0aec0f92a.jpg,True
308,308,308,308,/content/dataset/shared_dataset_seed9517/images/test/308/a1f4a4c8-5d0b-42ce-805c-3a63eec02597.jpg,True
308,305,308,305,/content/dataset/shared_dataset_seed9517/images/test/308/b8eb104d-47f6-4369-b28c-ca5fd607ed77.jpg,False
308,308,308,308,/content/dataset/shared_dataset_seed9517/images/test/308/bb3701b2-2b51-444d-af85-80f63defe23e.jpg,True
308,310,308,310,/content/dataset/shared_dataset_seed9517/images/test/308/caf67313-5e48-4412-9b75-4acd89a36ce6.jpg,False
308,308,308,308,/content/dataset/shared_dataset_seed9517/images/test/308/dfba90da-6fcf-491f-b230-387e92296f8f.jpg,True
309,229,309,229,/content/dataset/shared_dataset_seed9517/images/test/309/073de49b-9cfa-40ad-85f7-a90e6d8decf8.jpg,False
309,309,309,309,/content/dataset/shared_dataset_seed9517/images/test/309/155845da-3b75-4bd4-8d20-be9d7b8617e8.jpg,True
309,309,309,309,/content/dataset/shared_dataset_seed9517/images/test/309/2cec3598-2274-494d-9421-543e22a668d0.jpg,True
309,309,309,309,/content/dataset/shared_dataset_seed9517/images/test/309/414255d5-7abe-4105-b54d-4a60aab5b04f.jpg,True
309,309,309,309,/content/dataset/shared_dataset_seed9517/images/test/309/704a83d5-23a2-404d-80c4-69bebd0f7e44.jpg,True
309,309,309,309,/content/dataset/shared_dataset_seed9517/images/test/309/837a219c-b377-4acd-b01c-ef122054c796.jpg,True
309,309,309,309,/content/dataset/shared_dataset_seed9517/images/test/309/b2195c56-b4b7-4339-90ac-951ea074bf8e.jpg,True
309,309,309,309,/content/dataset/shared_dataset_seed9517/images/test/309/c42fdcf0-6ef0-4fe8-ac9a-13a560df8570.jpg,True
309,309,309,309,/content/dataset/shared_dataset_seed9517/images/test/309/cfc3ac36-f513-4514-bcd6-9556aa83c4c6.jpg,True
309,309,309,309,/content/dataset/shared_dataset_seed9517/images/test/309/d62f29d7-f878-45ac-94a1-6577482bc7b4.jpg,True
310,310,310,310,/content/dataset/shared_dataset_seed9517/images/test/310/26a89a70-7e74-4f03-a18e-50b22a103aa6.jpg,True
310,310,310,310,/content/dataset/shared_dataset_seed9517/images/test/310/518aff21-ad95-44ea-a795-0dde4115441b.jpg,True
310,310,310,310,/content/dataset/shared_dataset_seed9517/images/test/310/54875a62-d3e9-48a9-a2c2-c374618b7169.jpg,True
310,310,310,310,/content/dataset/shared_dataset_seed9517/images/test/310/68a999b3-a615-4c6e-aeea-5484aa38b0ce.jpg,True
310,310,310,310,/content/dataset/shared_dataset_seed9517/images/test/310/88ef881a-dfd4-4eec-a555-a75929f41f4b.jpg,True
310,310,310,310,/content/dataset/shared_dataset_seed9517/images/test/310/8de11585-1ff4-48ef-bcbd-ebae6c2952b8.jpg,True
310,383,310,383,/content/dataset/shared_dataset_seed9517/images/test/310/9731465a-2bc8-437b-be2f-e552a24078bd.jpg,False
310,310,310,310,/content/dataset/shared_dataset_seed9517/images/test/310/acaf6de3-fc3c-4129-b558-6ac3f62cf64a.jpg,True
310,310,310,310,/content/dataset/shared_dataset_seed9517/images/test/310/cdc42cce-4dc0-4d14-a8bb-57b511b31017.jpg,True
310,310,310,310,/content/dataset/shared_dataset_seed9517/images/test/310/e6850439-865a-40d4-94e3-9263d8a4fef1.jpg,True
311,311,311,311,/content/dataset/shared_dataset_seed9517/images/test/311/52a978b9-c56d-4359-ad3a-bc77735f5ff6.jpg,True
311,311,311,311,/content/dataset/shared_dataset_seed9517/images/test/311/90aedbc5-4338-4393-bb88-0ef33926c3f4.jpg,True
311,311,311,311,/content/dataset/shared_dataset_seed9517/images/test/311/a97da8ae-9d8f-4491-8910-470251fe92cc.jpg,True
311,311,311,311,/content/dataset/shared_dataset_seed9517/images/test/311/ba630e24-7848-4e9e-a8fb-392ecd69384b.jpg,True
311,277,311,277,/content/dataset/shared_dataset_seed9517/images/test/311/cb25b664-969f-4d01-80a8-3fdfa66b1190.jpg,False
311,311,311,311,/content/dataset/shared_dataset_seed9517/images/test/311/d934ca6c-19d0-4235-a153-3064b56a49da.jpg,True
311,311,311,311,/content/dataset/shared_dataset_seed9517/images/test/311/ea915272-7386-466a-9f38-5cfec1bc332b.jpg,True
311,311,311,311,/content/dataset/shared_dataset_seed9517/images/test/311/f41c3931-8688-4bd7-8ab0-7c87528a794f.jpg,True
311,311,311,311,/content/dataset/shared_dataset_seed9517/images/test/311/f72b3d0c-5f93-4e67-9a74-d679ccf5638f.jpg,True
311,95,311,95,/content/dataset/shared_dataset_seed9517/images/test/311/fcdc27f1-16e6-41cf-867c-ced907ccc249.jpg,False
312,366,312,366,/content/dataset/shared_dataset_seed9517/images/test/312/19d3db26-1f94-4662-8159-2d00aff81cc7.jpg,False
312,304,312,304,/content/dataset/shared_dataset_seed9517/images/test/312/393749ae-2da7-4ad6-9137-b8b6e9631303.jpg,False
312,312,312,312,/content/dataset/shared_dataset_seed9517/images/test/312/4035a356-8a94-4436-811b-e291ade7fc58.jpg,True
312,312,312,312,/content/dataset/shared_dataset_seed9517/images/test/312/5a50a897-98ad-41a9-aa68-b148e6147621.jpg,True
312,424,312,424,/content/dataset/shared_dataset_seed9517/images/test/312/6d20ddd2-979f-4814-a6d6-6ec7327ef6ea.jpg,False
312,366,312,366,/content/dataset/shared_dataset_seed9517/images/test/312/9bed2798-b675-47ca-a94c-e015debe4722.jpg,False
312,312,312,312,/content/dataset/shared_dataset_seed9517/images/test/312/ad8b85cf-7422-4255-89b8-49ac795a4e7e.jpg,True
312,289,312,289,/content/dataset/shared_dataset_seed9517/images/test/312/b7637782-9ee9-4e9d-b63e-f52e470d8caa.jpg,False
312,312,312,312,/content/dataset/shared_dataset_seed9517/images/test/312/e41d4eee-b73e-4ebb-995d-37f32dfc5e00.jpg,True
312,470,312,470,/content/dataset/shared_dataset_seed9517/images/test/312/f6b952d4-1866-4af9-8df8-4db525a91e4a.jpg,False
313,331,313,331,/content/dataset/shared_dataset_seed9517/images/test/313/06274b62-0a05-46f2-b04f-7c4e3c47eadc.jpg,False
313,313,313,313,/content/dataset/shared_dataset_seed9517/images/test/313/39efbb47-92da-4281-920f-8751ceccbf66.jpg,True
313,313,313,313,/content/dataset/shared_dataset_seed9517/images/test/313/43e2c6a8-672c-402c-b25d-4bd33cf27d1f.jpg,True
313,313,313,313,/content/dataset/shared_dataset_seed9517/images/test/313/46dc9154-74b1-4d5d-8454-abd2a507edf0.jpg,True
313,313,313,313,/content/dataset/shared_dataset_seed9517/images/test/313/59379efb-ca49-478d-975c-fff93f3f0fcf.jpg,True
313,313,313,313,/content/dataset/shared_dataset_seed9517/images/test/313/7d64f2f7-cc02-408a-8cda-a7595ca8d4cc.jpg,True
313,458,313,458,/content/dataset/shared_dataset_seed9517/images/test/313/c2db787c-342a-4dae-a3b0-27c371f39770.jpg,False
313,349,313,349,/content/dataset/shared_dataset_seed9517/images/test/313/c9565aa8-ecfd-4914-b6c8-4b3268f94a54.jpg,False
313,313,313,313,/content/dataset/shared_dataset_seed9517/images/test/313/cc8b93dc-a269-428e-999f-870f024678e3.jpg,True
313,313,313,313,/content/dataset/shared_dataset_seed9517/images/test/313/d47d2d29-1c9c-462e-a004-83161ea631f0.jpg,True
314,297,314,297,/content/dataset/shared_dataset_seed9517/images/test/314/080f4998-aa12-4ee0-915a-e800c93ed21b.jpg,False
314,363,314,363,/content/dataset/shared_dataset_seed9517/images/test/314/0c1d5769-93da-4b8e-8137-5ede78bca9e2.jpg,False
314,314,314,314,/content/dataset/shared_dataset_seed9517/images/test/314/10df7ed4-980b-4d80-92c6-1d508d109daf.jpg,True
314,314,314,314,/content/dataset/shared_dataset_seed9517/images/test/314/1903bd3a-ea1f-4d7d-8d79-7ccb88ede196.jpg,True
314,314,314,314,/content/dataset/shared_dataset_seed9517/images/test/314/30d36efc-fdd4-4c2b-8b36-eb01c6c33580.jpg,True
314,314,314,314,/content/dataset/shared_dataset_seed9517/images/test/314/4e8b0ba7-949d-4fd6-ba79-72aefaeaa6a4.jpg,True
314,332,314,332,/content/dataset/shared_dataset_seed9517/images/test/314/d62e4967-a033-4f41-b74f-098491522ce3.jpg,False
314,314,314,314,/content/dataset/shared_dataset_seed9517/images/test/314/ec0f2ff7-2b52-4f3a-83f5-c79bcc5a1293.jpg,True
314,457,314,457,/content/dataset/shared_dataset_seed9517/images/test/314/ec408936-1eb1-4b5d-a70c-7b015e533f13.jpg,False
314,314,314,314,/content/dataset/shared_dataset_seed9517/images/test/314/f487123c-d6d3-480f-9e2c-947ce228615a.jpg,True
315,315,315,315,/content/dataset/shared_dataset_seed9517/images/test/315/1a5e8abb-97e2-41b2-acb7-2116aeda7315.jpg,True
315,315,315,315,/content/dataset/shared_dataset_seed9517/images/test/315/1c26c4ab-d514-4a0c-aeba-10fdbb8f27da.jpg,True
315,315,315,315,/content/dataset/shared_dataset_seed9517/images/test/315/39796ceb-77a1-473f-8036-4e4e3b707b29.jpg,True
315,315,315,315,/content/dataset/shared_dataset_seed9517/images/test/315/7cb48f31-b883-4844-8164-6793d0235a6c.jpg,True
315,315,315,315,/content/dataset/shared_dataset_seed9517/images/test/315/a13d91fc-d17b-48b2-af46-7445570a1c1c.jpg,True
315,315,315,315,/content/dataset/shared_dataset_seed9517/images/test/315/aa34746e-47a9-4b06-b69e-2fb47d92daae.jpg,True
315,317,315,317,/content/dataset/shared_dataset_seed9517/images/test/315/aaba528f-9875-4315-9096-9d5a37008c30.jpg,False
315,315,315,315,/content/dataset/shared_dataset_seed9517/images/test/315/b3f718db-6e91-46a4-a0d3-e9ba7060fd48.jpg,True
315,315,315,315,/content/dataset/shared_dataset_seed9517/images/test/315/c274b95e-b08c-436d-b8eb-02356366c2e9.jpg,True
315,315,315,315,/content/dataset/shared_dataset_seed9517/images/test/315/d48d1ab2-1a43-48bf-a698-a0e5ad914ba6.jpg,True
316,316,316,316,/content/dataset/shared_dataset_seed9517/images/test/316/09f9fed3-6e62-4580-a675-79dc65c20c48.jpg,True
316,316,316,316,/content/dataset/shared_dataset_seed9517/images/test/316/0a31fb2d-db56-429a-b607-fa5e341412eb.jpg,True
316,316,316,316,/content/dataset/shared_dataset_seed9517/images/test/316/145eec47-f467-45cb-af61-9b31d843f919.jpg,True
316,316,316,316,/content/dataset/shared_dataset_seed9517/images/test/316/15fe1c80-faac-4cd2-8edf-f76fe2dc620c.jpg,True
316,316,316,316,/content/dataset/shared_dataset_seed9517/images/test/316/41964744-64fb-4f1f-b89e-b0d084129973.jpg,True
316,316,316,316,/content/dataset/shared_dataset_seed9517/images/test/316/9e4274b4-9c1e-4d33-8d55-2dfa5ab48284.jpg,True
316,303,316,303,/content/dataset/shared_dataset_seed9517/images/test/316/a15c32e7-e70a-4875-8312-2eb018c40116.jpg,False
316,316,316,316,/content/dataset/shared_dataset_seed9517/images/test/316/c7053818-5474-43f6-8ee4-80b09c035c2e.jpg,True
316,433,316,433,/content/dataset/shared_dataset_seed9517/images/test/316/c99f4543-8a44-44e0-bdf5-cbe114d7f33b.jpg,False
316,316,316,316,/content/dataset/shared_dataset_seed9517/images/test/316/e7389553-ce09-432c-9a74-292f97cc9941.jpg,True
317,303,317,303,/content/dataset/shared_dataset_seed9517/images/test/317/00c8b315-0faf-48fd-aa28-ce7bb6738f1b.jpg,False
317,430,317,430,/content/dataset/shared_dataset_seed9517/images/test/317/0be7552c-1f9c-480f-b19c-50573954ffdd.jpg,False
317,317,317,317,/content/dataset/shared_dataset_seed9517/images/test/317/39fc683b-4d4f-43f7-816a-bdf2bc29c4ff.jpg,True
317,317,317,317,/content/dataset/shared_dataset_seed9517/images/test/317/52a79ff3-5d40-4426-9d18-3fd4cc8c3e33.jpg,True
317,469,317,469,/content/dataset/shared_dataset_seed9517/images/test/317/61e45291-bb16-43bf-8e3c-f48615497ae0.jpg,False
317,317,317,317,/content/dataset/shared_dataset_seed9517/images/test/317/7a9750ec-4768-4dbf-a8ea-ebd49170d0e3.jpg,True
317,335,317,335,/content/dataset/shared_dataset_seed9517/images/test/317/7f50fa39-1480-4a48-82c4-4c71fed5fc16.jpg,False
317,317,317,317,/content/dataset/shared_dataset_seed9517/images/test/317/9db0bc82-77ff-41cc-83e3-3eee6b9ce2dc.jpg,True
317,317,317,317,/content/dataset/shared_dataset_seed9517/images/test/317/a4384e7e-588d-47bf-94d8-ce76f152fbb8.jpg,True
317,309,317,309,/content/dataset/shared_dataset_seed9517/images/test/317/c46874cd-db0d-452c-9ca4-e8cb1cf6618e.jpg,False
318,318,318,318,/content/dataset/shared_dataset_seed9517/images/test/318/21c1dfe3-311c-4f6e-b849-75142997e983.jpg,True
318,318,318,318,/content/dataset/shared_dataset_seed9517/images/test/318/544a2d65-8337-4f9a-b9c2-47238da24b7d.jpg,True
318,318,318,318,/content/dataset/shared_dataset_seed9517/images/test/318/6180bd11-c72d-44bf-9901-1a92963a7b1d.jpg,True
318,318,318,318,/content/dataset/shared_dataset_seed9517/images/test/318/7075fab7-dc03-48e9-9c0c-b824e1c1bed6.jpg,True
318,318,318,318,/content/dataset/shared_dataset_seed9517/images/test/318/70d6046b-025b-40f0-9c69-562f2723bbc9.jpg,True
318,325,318,325,/content/dataset/shared_dataset_seed9517/images/test/318/713b4a4e-6b3a-4c9e-9eab-5b002146599b.jpg,False
318,318,318,318,/content/dataset/shared_dataset_seed9517/images/test/318/754f9bee-65d8-4d88-8a3c-fecdd01cc971.jpg,True
318,329,318,329,/content/dataset/shared_dataset_seed9517/images/test/318/8de8c1d2-4ccd-48c5-89c6-5d4dfb5a7fa2.jpg,False
318,318,318,318,/content/dataset/shared_dataset_seed9517/images/test/318/b884de1a-e2f6-4bdf-acb0-8e8fc6e6c201.jpg,True
318,318,318,318,/content/dataset/shared_dataset_seed9517/images/test/318/f80a38cf-84ac-4721-bfdb-e9636aedc414.jpg,True
319,319,319,319,/content/dataset/shared_dataset_seed9517/images/test/319/10bca316-447c-4c3f-b651-92f94d1c43b5.jpg,True
319,319,319,319,/content/dataset/shared_dataset_seed9517/images/test/319/34af1912-d687-4ac6-aaed-2e5358f43df1.jpg,True
319,465,319,465,/content/dataset/shared_dataset_seed9517/images/test/319/3523f6b8-2fba-4ea7-92e3-2e7ef43bb34e.jpg,False
319,319,319,319,/content/dataset/shared_dataset_seed9517/images/test/319/54817b78-1309-42ca-b7ea-fd1873e4b6f9.jpg,True
319,319,319,319,/content/dataset/shared_dataset_seed9517/images/test/319/64e265bb-81b8-4298-a81b-f73caf223be0.jpg,True
319,319,319,319,/content/dataset/shared_dataset_seed9517/images/test/319/84404340-510c-499c-90eb-13b64c8bec35.jpg,True
319,279,319,279,/content/dataset/shared_dataset_seed9517/images/test/319/8b75cfa9-9c77-4d33-9744-4c9332cffab1.jpg,False
319,319,319,319,/content/dataset/shared_dataset_seed9517/images/test/319/8d1f89cc-5f36-40db-bc2e-2a399c313d85.jpg,True
319,319,319,319,/content/dataset/shared_dataset_seed9517/images/test/319/a5c937bb-a84f-4a0b-ba55-4e057ae21c9d.jpg,True
319,319,319,319,/content/dataset/shared_dataset_seed9517/images/test/319/ae713223-ecc8-4f34-8224-f98e6b7b3be7.jpg,True
320,320,320,320,/content/dataset/shared_dataset_seed9517/images/test/320/08c0c193-a558-4094-9757-76460799350a.jpg,True
320,441,320,441,/content/dataset/shared_dataset_seed9517/images/test/320/1b399aa1-8b54-4268-9f39-1b1e9d219ce8.jpg,False
320,320,320,320,/content/dataset/shared_dataset_seed9517/images/test/320/231624ae-9d16-41f8-84e2-cfeb1afb943e.jpg,True
320,479,320,479,/content/dataset/shared_dataset_seed9517/images/test/320/405d73b9-0b5f-4014-bf71-53714f76e57c.jpg,False
320,311,320,311,/content/dataset/shared_dataset_seed9517/images/test/320/a665bb58-15e1-4123-b560-430c5df7c52d.jpg,False
320,320,320,320,/content/dataset/shared_dataset_seed9517/images/test/320/b029c043-effe-4167-b195-80e6d9e10e19.jpg,True
320,320,320,320,/content/dataset/shared_dataset_seed9517/images/test/320/cbf3111b-44ff-45d8-9126-e3b9f6d409a9.jpg,True
320,458,320,458,/content/dataset/shared_dataset_seed9517/images/test/320/d96f3ea4-d28f-43e7-be54-6e48cba8fd2c.jpg,False
320,320,320,320,/content/dataset/shared_dataset_seed9517/images/test/320/e5f6212d-9726-4249-a314-6aab9be4902f.jpg,True
320,457,320,457,/content/dataset/shared_dataset_seed9517/images/test/320/ecfcfdf8-2c54-462c-9f4b-624a09cc1740.jpg,False
321,321,321,321,/content/dataset/shared_dataset_seed9517/images/test/321/27899f55-0c27-45d1-862c-5205be58480c.jpg,True
321,321,321,321,/content/dataset/shared_dataset_seed9517/images/test/321/4040b13a-2d2c-4828-bf49-37075c668b29.jpg,True
321,321,321,321,/content/dataset/shared_dataset_seed9517/images/test/321/41a732b9-cb68-49a0-a598-79aea3791494.jpg,True
321,321,321,321,/content/dataset/shared_dataset_seed9517/images/test/321/8dd71028-b6a1-4d0d-9f73-6661d626be9e.jpg,True
321,321,321,321,/content/dataset/shared_dataset_seed9517/images/test/321/9608bcaf-24a9-4970-b76a-bb7c64099f4c.jpg,True
321,321,321,321,/content/dataset/shared_dataset_seed9517/images/test/321/9cfc87ff-f4f5-46c3-bd7b-84d36f3045aa.jpg,True
321,321,321,321,/content/dataset/shared_dataset_seed9517/images/test/321/b288535b-0b36-486f-a291-490f7f9f8723.jpg,True
321,321,321,321,/content/dataset/shared_dataset_seed9517/images/test/321/cf6e15c3-9e3b-4c06-81c2-3b43758b3116.jpg,True
321,321,321,321,/content/dataset/shared_dataset_seed9517/images/test/321/cf948c2a-0b73-4fcd-af60-cbb006a0f60f.jpg,True
321,438,321,438,/content/dataset/shared_dataset_seed9517/images/test/321/ecf956c1-0baa-4353-bd29-7ef41a772fbb.jpg,False
322,322,322,322,/content/dataset/shared_dataset_seed9517/images/test/322/10a88f8f-147b-4182-b38e-544e3274630c.jpg,True
322,322,322,322,/content/dataset/shared_dataset_seed9517/images/test/322/131ba0f5-2c57-4b7d-a3e4-51fdf02af64d.jpg,True
322,283,322,283,/content/dataset/shared_dataset_seed9517/images/test/322/1fd5d942-cffb-4442-95cf-a386291782c5.jpg,False
322,322,322,322,/content/dataset/shared_dataset_seed9517/images/test/322/8eabe32f-5504-4a87-a3b5-cda73c580cea.jpg,True
322,322,322,322,/content/dataset/shared_dataset_seed9517/images/test/322/98845987-0e40-4c97-8ec3-0d753762c991.jpg,True
322,322,322,322,/content/dataset/shared_dataset_seed9517/images/test/322/b5d72e55-cf3b-419d-9398-f85afc9594e0.jpg,True
322,322,322,322,/content/dataset/shared_dataset_seed9517/images/test/322/df89f6ee-4a1a-49a5-90a3-cdc67ce8ed0f.jpg,True
322,322,322,322,/content/dataset/shared_dataset_seed9517/images/test/322/ef810d83-f549-49f0-af8f-61ffb41d2b98.jpg,True
322,322,322,322,/content/dataset/shared_dataset_seed9517/images/test/322/f0737e20-2de0-481f-8698-1430149b2a32.jpg,True
322,322,322,322,/content/dataset/shared_dataset_seed9517/images/test/322/f9606849-6f9c-494a-a607-8d890c20d09e.jpg,True
323,61,323,61,/content/dataset/shared_dataset_seed9517/images/test/323/37b98c86-ff98-4633-aa31-e84798c89eef.jpg,False
323,323,323,323,/content/dataset/shared_dataset_seed9517/images/test/323/390b4c3b-da07-4560-a077-2ab84aa5aab0.jpg,True
323,334,323,334,/content/dataset/shared_dataset_seed9517/images/test/323/6dd7b270-7188-45cd-a5ac-6fedb5310389.jpg,False
323,428,323,428,/content/dataset/shared_dataset_seed9517/images/test/323/76e225f5-a6ed-4597-9d3d-4d6c246a25da.jpg,False
323,334,323,334,/content/dataset/shared_dataset_seed9517/images/test/323/79df91c8-7a7a-420c-afcf-fb3a3424c5f9.jpg,False
323,401,323,401,/content/dataset/shared_dataset_seed9517/images/test/323/b802b234-aae9-496c-98a9-1b32a8e1329c.jpg,False
323,307,323,307,/content/dataset/shared_dataset_seed9517/images/test/323/cacfaa0b-37ee-4c82-ac7e-c5cad65487cc.jpg,False
323,323,323,323,/content/dataset/shared_dataset_seed9517/images/test/323/d5290993-d0a6-4148-8d35-2e4130ec2dcf.jpg,True
323,323,323,323,/content/dataset/shared_dataset_seed9517/images/test/323/f3b770ed-a3e4-4589-a489-006ad22e23c0.jpg,True
323,323,323,323,/content/dataset/shared_dataset_seed9517/images/test/323/fd3605d3-d97e-4b62-8b9a-b7328da72126.jpg,True
324,287,324,287,/content/dataset/shared_dataset_seed9517/images/test/324/110fdc70-04cf-4c88-b88c-56c81ec229aa.jpg,False
324,304,324,304,/content/dataset/shared_dataset_seed9517/images/test/324/2cbaaea6-3d7b-4977-8efc-8e4acc1fa348.jpg,False
324,324,324,324,/content/dataset/shared_dataset_seed9517/images/test/324/3c269bd6-8d89-4f46-a856-ec9fd3047620.jpg,True
324,324,324,324,/content/dataset/shared_dataset_seed9517/images/test/324/6c738f9f-2f2c-434b-a185-1198eba38d4c.jpg,True
324,318,324,318,/content/dataset/shared_dataset_seed9517/images/test/324/8ef544b6-0787-403c-b28a-e2aafc994c22.jpg,False
324,324,324,324,/content/dataset/shared_dataset_seed9517/images/test/324/91781d42-9959-4dd0-92a2-89b33b8e2ca2.jpg,True
324,324,324,324,/content/dataset/shared_dataset_seed9517/images/test/324/a4b31867-5826-4c10-8e96-ec78d797bfb6.jpg,True
324,434,324,434,/content/dataset/shared_dataset_seed9517/images/test/324/ba5fd7b4-3aaa-4e53-958d-1463ed6df184.jpg,False
324,324,324,324,/content/dataset/shared_dataset_seed9517/images/test/324/bc60a95f-38f6-40da-aeaf-324ca0f57a52.jpg,True
324,459,324,459,/content/dataset/shared_dataset_seed9517/images/test/324/ed1ed59c-39a2-4e00-9279-37daa86daa17.jpg,False
325,441,325,441,/content/dataset/shared_dataset_seed9517/images/test/325/201714af-148e-4f0c-97f7-921c12e07edd.jpg,False
325,325,325,325,/content/dataset/shared_dataset_seed9517/images/test/325/5e41a658-9dfa-41ff-8bd2-28928b297eea.jpg,True
325,325,325,325,/content/dataset/shared_dataset_seed9517/images/test/325/61242b93-c082-41cc-b150-8b4ff6926a6e.jpg,True
325,325,325,325,/content/dataset/shared_dataset_seed9517/images/test/325/8343c133-2404-4d0f-80b7-d3f1acef1243.jpg,True
325,325,325,325,/content/dataset/shared_dataset_seed9517/images/test/325/8d70c8c7-6532-496b-a2de-5a491fcd934d.jpg,True
325,325,325,325,/content/dataset/shared_dataset_seed9517/images/test/325/a71dd461-a508-4728-a664-41fc1a56d5f3.jpg,True
325,325,325,325,/content/dataset/shared_dataset_seed9517/images/test/325/b82d5e38-d891-4d11-8d65-2c90e76b2a41.jpg,True
325,325,325,325,/content/dataset/shared_dataset_seed9517/images/test/325/c91b77cd-8425-436e-a292-9c3b87f7ee67.jpg,True
325,470,325,470,/content/dataset/shared_dataset_seed9517/images/test/325/dc42a253-efd3-4775-82e7-580ae860f4b6.jpg,False
325,412,325,412,/content/dataset/shared_dataset_seed9517/images/test/325/f8fa03df-25c7-46a9-bb77-6fe262891213.jpg,False
326,326,326,326,/content/dataset/shared_dataset_seed9517/images/test/326/1f595684-d2b2-412b-95f6-fc0494d52abb.jpg,True
326,333,326,333,/content/dataset/shared_dataset_seed9517/images/test/326/2757c05a-a5da-42e7-bb1c-b63e30ce9040.jpg,False
326,326,326,326,/content/dataset/shared_dataset_seed9517/images/test/326/58a722c8-7d42-4239-bd21-d43ca5331f51.jpg,True
326,326,326,326,/content/dataset/shared_dataset_seed9517/images/test/326/6b2da60b-a8dd-4650-9b55-3f092c130984.jpg,True
326,276,326,276,/content/dataset/shared_dataset_seed9517/images/test/326/6b31f372-6a86-41a6-a457-891c0a896240.jpg,False
326,387,326,387,/content/dataset/shared_dataset_seed9517/images/test/326/6c05065b-da6b-4935-b801-63bc98bae99f.jpg,False
326,326,326,326,/content/dataset/shared_dataset_seed9517/images/test/326/8b488d55-3cfb-4556-ade5-6a11bb0de399.jpg,True
326,457,326,457,/content/dataset/shared_dataset_seed9517/images/test/326/9c462082-aa05-4fe6-ba1c-c5b93bacd84c.jpg,False
326,326,326,326,/content/dataset/shared_dataset_seed9517/images/test/326/c9dda9a1-a74a-4435-a307-497f24d91639.jpg,True
326,326,326,326,/content/dataset/shared_dataset_seed9517/images/test/326/e7bc8ba9-d5b7-401d-88ea-93b0b3288b2c.jpg,True
327,327,327,327,/content/dataset/shared_dataset_seed9517/images/test/327/234f46d0-e5d4-4138-9ffe-643c158aa8c5.jpg,True
327,341,327,341,/content/dataset/shared_dataset_seed9517/images/test/327/34343f06-f6f2-4b3f-8afd-5c4970928613.jpg,False
327,327,327,327,/content/dataset/shared_dataset_seed9517/images/test/327/3ce63eda-d822-452b-a1d2-d734901ad443.jpg,True
327,327,327,327,/content/dataset/shared_dataset_seed9517/images/test/327/485170c9-795f-4b59-b31a-0f11de310da7.jpg,True
327,327,327,327,/content/dataset/shared_dataset_seed9517/images/test/327/540a7dc9-de67-4354-a9fd-2938695c320d.jpg,True
327,327,327,327,/content/dataset/shared_dataset_seed9517/images/test/327/5ccd905a-c2a7-4fac-a9ea-c4de214b5b8d.jpg,True
327,327,327,327,/content/dataset/shared_dataset_seed9517/images/test/327/9ba1a677-5d63-49cf-bd69-aaf7ccee649b.jpg,True
327,327,327,327,/content/dataset/shared_dataset_seed9517/images/test/327/b25eb7bb-39c7-49fd-a76d-db9e7d8a1d5b.jpg,True
327,327,327,327,/content/dataset/shared_dataset_seed9517/images/test/327/ce40a90b-ce49-4956-a94b-f79111a77e2f.jpg,True
327,327,327,327,/content/dataset/shared_dataset_seed9517/images/test/327/ef586cea-8b81-4c13-a0d2-b812ed1f18af.jpg,True
328,328,328,328,/content/dataset/shared_dataset_seed9517/images/test/328/07aa83e6-d1b2-4b13-b2d1-8dc75bcca76b.jpg,True
328,311,328,311,/content/dataset/shared_dataset_seed9517/images/test/328/0a770db6-e08e-404e-bce4-2358499bc467.jpg,False
328,328,328,328,/content/dataset/shared_dataset_seed9517/images/test/328/6a8b2e0b-21fd-48af-8871-3a26ee84b34f.jpg,True
328,334,328,334,/content/dataset/shared_dataset_seed9517/images/test/328/798535c3-bb1d-4a4b-ae33-2f664910be3c.jpg,False
328,327,328,327,/content/dataset/shared_dataset_seed9517/images/test/328/7bdf0ae8-a9eb-43b5-a269-37542f8f62cb.jpg,False
328,328,328,328,/content/dataset/shared_dataset_seed9517/images/test/328/7cf52beb-4bc5-46e9-bb61-e7273e84d397.jpg,True
328,334,328,334,/content/dataset/shared_dataset_seed9517/images/test/328/b679fa4e-dd04-4b78-b006-afa37ca2920f.jpg,False
328,321,328,321,/content/dataset/shared_dataset_seed9517/images/test/328/cc0d0f5b-ac3e-4f1e-95ac-96af0f425bb4.jpg,False
328,328,328,328,/content/dataset/shared_dataset_seed9517/images/test/328/d9bd3ebc-c459-41a1-bf10-c3faf781f433.jpg,True
328,328,328,328,/content/dataset/shared_dataset_seed9517/images/test/328/fd1e2f25-9fe7-4922-837c-09c0574906c1.jpg,True
329,329,329,329,/content/dataset/shared_dataset_seed9517/images/test/329/45800fb0-17f6-4734-ad35-308b76fd9dcc.jpg,True
329,350,329,350,/content/dataset/shared_dataset_seed9517/images/test/329/7a24dbf4-286e-47b3-9d74-56f3e2d39bbd.jpg,False
329,329,329,329,/content/dataset/shared_dataset_seed9517/images/test/329/7b749ab5-2096-4884-8a55-763a5ad592ce.jpg,True
329,329,329,329,/content/dataset/shared_dataset_seed9517/images/test/329/7b944769-0a7d-485b-bb94-05c6f235a46c.jpg,True
329,313,329,313,/content/dataset/shared_dataset_seed9517/images/test/329/8ca34149-7993-458c-86a7-2ed6ca6b3f8f.jpg,False
329,329,329,329,/content/dataset/shared_dataset_seed9517/images/test/329/93b1f26c-f433-460f-bd1b-0a03317c6767.jpg,True
329,329,329,329,/content/dataset/shared_dataset_seed9517/images/test/329/955cffee-9bc3-4d5c-af11-3ac27bea4555.jpg,True
329,329,329,329,/content/dataset/shared_dataset_seed9517/images/test/329/b47f42de-72fe-44f4-b6cc-e9421b09aea1.jpg,True
329,329,329,329,/content/dataset/shared_dataset_seed9517/images/test/329/c80fa810-5148-434c-a60e-1f356ce7a0ff.jpg,True
329,329,329,329,/content/dataset/shared_dataset_seed9517/images/test/329/ffdc120e-ea62-442f-9f26-aa539ef7577c.jpg,True
330,330,330,330,/content/dataset/shared_dataset_seed9517/images/test/330/3ce666f1-2634-440f-ad97-09dfd2b699d6.jpg,True
330,330,330,330,/content/dataset/shared_dataset_seed9517/images/test/330/4c99f9c9-da27-4ecd-a306-3a9b69e402a6.jpg,True
330,330,330,330,/content/dataset/shared_dataset_seed9517/images/test/330/4dc9b01c-d932-40ec-9fac-156bf271a41f.jpg,True
330,282,330,282,/content/dataset/shared_dataset_seed9517/images/test/330/6b32c7c4-85ce-4dc1-afbb-10e1f37f0dfd.jpg,False
330,330,330,330,/content/dataset/shared_dataset_seed9517/images/test/330/709e01e9-3c8c-462b-baaf-e043572b48bb.jpg,True
330,330,330,330,/content/dataset/shared_dataset_seed9517/images/test/330/94d4821f-6eaa-4ec0-a03b-3b5cecc7658f.jpg,True
330,330,330,330,/content/dataset/shared_dataset_seed9517/images/test/330/b62d4448-471e-44ed-aae6-1620e4f9f5db.jpg,True
330,330,330,330,/content/dataset/shared_dataset_seed9517/images/test/330/d4fe3c52-5358-4c3d-9e1a-a6bdd7307900.jpg,True
330,330,330,330,/content/dataset/shared_dataset_seed9517/images/test/330/ed525d30-efee-4dc6-8a59-a5645ca80073.jpg,True
330,330,330,330,/content/dataset/shared_dataset_seed9517/images/test/330/ed6d8164-dba2-4679-ac5c-6bd71e0091cf.jpg,True
331,331,331,331,/content/dataset/shared_dataset_seed9517/images/test/331/1775c089-44aa-4864-a839-9638d86b9468.jpg,True
331,331,331,331,/content/dataset/shared_dataset_seed9517/images/test/331/2d41ca9f-1098-426f-9ab8-1468c5b205f7.jpg,True
331,424,331,424,/content/dataset/shared_dataset_seed9517/images/test/331/2ee0d285-7b17-4295-889e-f64f813e25f5.jpg,False
331,331,331,331,/content/dataset/shared_dataset_seed9517/images/test/331/4c13f8d3-14ab-4605-b0b8-50e6bf67387a.jpg,True
331,331,331,331,/content/dataset/shared_dataset_seed9517/images/test/331/586a560c-f8db-480a-b5d6-30e66e8bb89d.jpg,True
331,331,331,331,/content/dataset/shared_dataset_seed9517/images/test/331/6ae31d3f-b6b5-4797-a09c-82ff39fa586b.jpg,True
331,331,331,331,/content/dataset/shared_dataset_seed9517/images/test/331/9c1f5997-f206-43f8-b8ce-e661304c8b8e.jpg,True
331,331,331,331,/content/dataset/shared_dataset_seed9517/images/test/331/cec490fd-a1d0-43d1-a8ff-0c6ba2a43a40.jpg,True
331,331,331,331,/content/dataset/shared_dataset_seed9517/images/test/331/ef301d50-aeac-4770-833b-3f0733b5a862.jpg,True
331,331,331,331,/content/dataset/shared_dataset_seed9517/images/test/331/ef93090f-0f49-4b39-9da0-21ea102e8a0c.jpg,True
332,332,332,332,/content/dataset/shared_dataset_seed9517/images/test/332/1bd2a0b9-42bb-42d4-8863-26e2bd313710.jpg,True
332,332,332,332,/content/dataset/shared_dataset_seed9517/images/test/332/26f586d2-1d17-4141-97d3-d7c51c0f70ed.jpg,True
332,332,332,332,/content/dataset/shared_dataset_seed9517/images/test/332/89a89d3a-68fb-4687-a23f-3ed30024c62a.jpg,True
332,366,332,366,/content/dataset/shared_dataset_seed9517/images/test/332/9abc1e50-b398-4dee-b35a-e1a59d7ef797.jpg,False
332,378,332,378,/content/dataset/shared_dataset_seed9517/images/test/332/b1595c60-342f-47ac-9f75-848c7c2e269f.jpg,False
332,332,332,332,/content/dataset/shared_dataset_seed9517/images/test/332/bf661174-ad7c-4970-87d9-54f0cbbebf97.jpg,True
332,332,332,332,/content/dataset/shared_dataset_seed9517/images/test/332/e2ead8bb-b074-41ba-a4ce-bb3e94ec9a39.jpg,True
332,332,332,332,/content/dataset/shared_dataset_seed9517/images/test/332/ec1b7cdf-dd52-4dae-af0f-6cf9854e86ff.jpg,True
332,332,332,332,/content/dataset/shared_dataset_seed9517/images/test/332/fc09162a-29c9-4b81-ac83-49db8ebb8d0e.jpg,True
332,475,332,475,/content/dataset/shared_dataset_seed9517/images/test/332/ff04e571-285f-4af6-8293-59d55f5198b6.jpg,False
333,373,333,373,/content/dataset/shared_dataset_seed9517/images/test/333/06efbfce-8205-4d07-96be-32aa80b23118.jpg,False
333,333,333,333,/content/dataset/shared_dataset_seed9517/images/test/333/07b2aa35-db6f-4cd0-8032-34bcd7169991.jpg,True
333,463,333,463,/content/dataset/shared_dataset_seed9517/images/test/333/3513692f-9450-4315-8d65-bc508c006b6f.jpg,False
333,333,333,333,/content/dataset/shared_dataset_seed9517/images/test/333/4b51a455-3409-460f-be56-43ae5658ed3b.jpg,True
333,333,333,333,/content/dataset/shared_dataset_seed9517/images/test/333/67cfe984-21dd-468c-9499-fa4105cf946f.jpg,True
333,333,333,333,/content/dataset/shared_dataset_seed9517/images/test/333/797d3bc9-6001-4663-b77b-32d2fed84ad8.jpg,True
333,333,333,333,/content/dataset/shared_dataset_seed9517/images/test/333/81d0e719-9e4e-4457-820e-8c855454f9b6.jpg,True
333,333,333,333,/content/dataset/shared_dataset_seed9517/images/test/333/adc4f106-e16a-4b52-ab19-e5b844e263ee.jpg,True
333,333,333,333,/content/dataset/shared_dataset_seed9517/images/test/333/bb883278-8490-4016-a6a1-1211cf1ad108.jpg,True
333,279,333,279,/content/dataset/shared_dataset_seed9517/images/test/333/c1c8850d-d5ca-4da5-a304-f514c6cf0bd9.jpg,False
334,334,334,334,/content/dataset/shared_dataset_seed9517/images/test/334/0331cbc8-fcb1-4f72-9a13-a4ee86746098.jpg,True
334,334,334,334,/content/dataset/shared_dataset_seed9517/images/test/334/0f981a1a-bcc6-430e-ab3b-7e78c1558c48.jpg,True
334,348,334,348,/content/dataset/shared_dataset_seed9517/images/test/334/1eae8c46-f77b-4f0b-b919-686256282b77.jpg,False
334,334,334,334,/content/dataset/shared_dataset_seed9517/images/test/334/5837d403-d94e-4b27-8484-65fe194ea5fc.jpg,True
334,334,334,334,/content/dataset/shared_dataset_seed9517/images/test/334/83206b38-8c51-4e8b-b388-d64f2907160f.jpg,True
334,334,334,334,/content/dataset/shared_dataset_seed9517/images/test/334/9c149cfc-9ac4-4aa8-8e6d-e93b94ba0a9b.jpg,True
334,334,334,334,/content/dataset/shared_dataset_seed9517/images/test/334/b8da50f5-2e6e-4c2f-b57c-98e28cdcdd02.jpg,True
334,334,334,334,/content/dataset/shared_dataset_seed9517/images/test/334/bfd91be0-8f14-4840-9463-3c105bf39e89.jpg,True
334,334,334,334,/content/dataset/shared_dataset_seed9517/images/test/334/c11a7bdb-ba6f-488c-8e25-1d697e97f5f6.jpg,True
334,334,334,334,/content/dataset/shared_dataset_seed9517/images/test/334/d4412e9d-fca9-4d74-8f74-bf048ad8ffe5.jpg,True
335,335,335,335,/content/dataset/shared_dataset_seed9517/images/test/335/003e5066-0d2e-4916-85d4-71dfc69c5f12.jpg,True
335,366,335,366,/content/dataset/shared_dataset_seed9517/images/test/335/0e8ace86-6309-4696-9c9c-a33ed0266acf.jpg,False
335,335,335,335,/content/dataset/shared_dataset_seed9517/images/test/335/1e0d9a75-1cce-40d4-bec7-cd597c478a62.jpg,True
335,335,335,335,/content/dataset/shared_dataset_seed9517/images/test/335/2ac58ffc-9a87-4223-afe2-aa566a9e75c2.jpg,True
335,332,335,332,/content/dataset/shared_dataset_seed9517/images/test/335/651ec757-e519-4a19-92fe-9a10c2f9679b.jpg,False
335,335,335,335,/content/dataset/shared_dataset_seed9517/images/test/335/6a5a48e9-92e4-45a0-b7e0-6ae330297db8.jpg,True
335,335,335,335,/content/dataset/shared_dataset_seed9517/images/test/335/86f753ad-d78c-40fb-863e-775938e87a0a.jpg,True
335,335,335,335,/content/dataset/shared_dataset_seed9517/images/test/335/a7b77a3b-f5f1-4022-8903-726b0189db4f.jpg,True
335,335,335,335,/content/dataset/shared_dataset_seed9517/images/test/335/ee86de53-702b-4b64-ba8e-52fcec4b3914.jpg,True
335,335,335,335,/content/dataset/shared_dataset_seed9517/images/test/335/fdfb6d48-2569-445b-b20a-a4cd9d0d8e1a.jpg,True
336,336,336,336,/content/dataset/shared_dataset_seed9517/images/test/336/3df4c50e-b693-4343-84d5-456bb09562a9.jpg,True
336,404,336,404,/content/dataset/shared_dataset_seed9517/images/test/336/4729987f-c86d-49b5-b5cf-026fbbca13f1.jpg,False
336,336,336,336,/content/dataset/shared_dataset_seed9517/images/test/336/48e77fdf-3c38-4173-b9b3-796cea7c5ec9.jpg,True
336,336,336,336,/content/dataset/shared_dataset_seed9517/images/test/336/5db4496f-6a84-4f56-bb72-354a17853ccc.jpg,True
336,391,336,391,/content/dataset/shared_dataset_seed9517/images/test/336/6616f87a-97fe-4a34-aacc-85f4fa2a4d65.jpg,False
336,336,336,336,/content/dataset/shared_dataset_seed9517/images/test/336/6c88b429-b071-499e-a617-ad94bc5989d5.jpg,True
336,336,336,336,/content/dataset/shared_dataset_seed9517/images/test/336/9471b3e5-29f4-4c12-b2b2-ae3eeb80161f.jpg,True
336,289,336,289,/content/dataset/shared_dataset_seed9517/images/test/336/9d8eedd1-10e7-490c-bbbd-5f6731f50dd8.jpg,False
336,336,336,336,/content/dataset/shared_dataset_seed9517/images/test/336/a85afc06-7060-47cd-a144-e3c9db2fbd1d.jpg,True
336,336,336,336,/content/dataset/shared_dataset_seed9517/images/test/336/f7260727-bd9b-415c-a48f-ba9bc1bcd4a7.jpg,True
337,337,337,337,/content/dataset/shared_dataset_seed9517/images/test/337/11c31f42-6878-4389-82f5-be9e8dce9996.jpg,True
337,337,337,337,/content/dataset/shared_dataset_seed9517/images/test/337/32605705-777c-409c-84b7-f008016b3347.jpg,True
337,337,337,337,/content/dataset/shared_dataset_seed9517/images/test/337/3da8b3e1-bf85-41b8-ae05-b34515943bb2.jpg,True
337,337,337,337,/content/dataset/shared_dataset_seed9517/images/test/337/43eecd0f-86f1-41b6-8a4e-7771b1fd4b37.jpg,True
337,337,337,337,/content/dataset/shared_dataset_seed9517/images/test/337/5a59dffd-948f-4395-93b7-677dc90b726f.jpg,True
337,337,337,337,/content/dataset/shared_dataset_seed9517/images/test/337/7ecbc9f1-4956-4813-a50a-fe70e388f046.jpg,True
337,337,337,337,/content/dataset/shared_dataset_seed9517/images/test/337/9f2ab8c6-a964-4de3-bc51-43d4f3c91202.jpg,True
337,337,337,337,/content/dataset/shared_dataset_seed9517/images/test/337/a1d22900-f876-4c6b-aee1-21ed08be04a2.jpg,True
337,337,337,337,/content/dataset/shared_dataset_seed9517/images/test/337/cde09f6f-0478-4585-bdcb-8c4ab50e4807.jpg,True
337,337,337,337,/content/dataset/shared_dataset_seed9517/images/test/337/e97342fb-4c64-4826-ad2c-50b514a4eea5.jpg,True
338,428,338,428,/content/dataset/shared_dataset_seed9517/images/test/338/07ef6559-6c10-4389-a21b-dd0dcc69f701.jpg,False
338,338,338,338,/content/dataset/shared_dataset_seed9517/images/test/338/0bd8e6c8-e007-495d-8cae-1049b011daf8.jpg,True
338,338,338,338,/content/dataset/shared_dataset_seed9517/images/test/338/0f2d8f19-ed70-40d9-b0ef-43df4fdf66b4.jpg,True
338,338,338,338,/content/dataset/shared_dataset_seed9517/images/test/338/2c5b1295-9d2a-4fee-adf4-a4ff3213db56.jpg,True
338,338,338,338,/content/dataset/shared_dataset_seed9517/images/test/338/4550a6c9-22e9-4708-a84a-4c36035afe5d.jpg,True
338,283,338,283,/content/dataset/shared_dataset_seed9517/images/test/338/55eee117-8fa7-4ea2-94c7-d6270f8f8ef5.jpg,False
338,338,338,338,/content/dataset/shared_dataset_seed9517/images/test/338/7e73f441-a898-498c-ab23-2cb863ca628c.jpg,True
338,338,338,338,/content/dataset/shared_dataset_seed9517/images/test/338/83b23902-18a1-4cbe-9c79-33d193b359e0.jpg,True
338,338,338,338,/content/dataset/shared_dataset_seed9517/images/test/338/d7e3ffca-316a-415a-b3c8-92ec9747e6a3.jpg,True
338,338,338,338,/content/dataset/shared_dataset_seed9517/images/test/338/dc5d726b-1d11-4b4b-99b9-bd6a2e5a0f57.jpg,True
339,339,339,339,/content/dataset/shared_dataset_seed9517/images/test/339/1717eff7-dd3a-4f69-9193-479dad642bef.jpg,True
339,374,339,374,/content/dataset/shared_dataset_seed9517/images/test/339/3549b839-9ebe-493b-afc0-0f4c58d489ff.jpg,False
339,420,339,420,/content/dataset/shared_dataset_seed9517/images/test/339/36d3be3a-3000-40bc-92f4-45e5b8a48d6c.jpg,False
339,334,339,334,/content/dataset/shared_dataset_seed9517/images/test/339/5ad5739b-d63b-44ce-a784-be1de59d3b3f.jpg,False
339,339,339,339,/content/dataset/shared_dataset_seed9517/images/test/339/6ad68df8-e6ee-405b-b7af-be3a600b834b.jpg,True
339,330,339,330,/content/dataset/shared_dataset_seed9517/images/test/339/82106a2a-95d0-411b-b2d6-2e5b27a6b5c1.jpg,False
339,44,339,44,/content/dataset/shared_dataset_seed9517/images/test/339/83856fd0-a79a-4b33-924c-72269a695e9b.jpg,False
339,320,339,320,/content/dataset/shared_dataset_seed9517/images/test/339/84a5a75c-219b-469e-981f-a44e5cf3f804.jpg,False
339,258,339,258,/content/dataset/shared_dataset_seed9517/images/test/339/d991c1a6-7fa2-4e6b-b958-2d2cece9ed79.jpg,False
339,340,339,340,/content/dataset/shared_dataset_seed9517/images/test/339/ea8d5148-a110-4a80-8298-d06f66069c81.jpg,False
340,315,340,315,/content/dataset/shared_dataset_seed9517/images/test/340/18ccff40-361c-41e5-88d1-9b6354af2985.jpg,False
340,340,340,340,/content/dataset/shared_dataset_seed9517/images/test/340/25200fba-054d-4d82-9e8b-eed93705592d.jpg,True
340,401,340,401,/content/dataset/shared_dataset_seed9517/images/test/340/3ad6b7cd-6f9e-4142-972e-d7ab26217c9a.jpg,False
340,401,340,401,/content/dataset/shared_dataset_seed9517/images/test/340/4fcd84e6-c59b-4e6e-8bdf-6b7a27a32de1.jpg,False
340,349,340,349,/content/dataset/shared_dataset_seed9517/images/test/340/596c0fcb-0baf-49b6-9ae3-15d78a3f2891.jpg,False
340,340,340,340,/content/dataset/shared_dataset_seed9517/images/test/340/765f870f-80f9-408b-94cf-b07a7d3bb72a.jpg,True
340,340,340,340,/content/dataset/shared_dataset_seed9517/images/test/340/77ef5f47-b536-4c0f-bf11-69e5413bc0d7.jpg,True
340,8,340,8,/content/dataset/shared_dataset_seed9517/images/test/340/915a62af-2ee2-47b8-be04-612a2e65a197.jpg,False
340,340,340,340,/content/dataset/shared_dataset_seed9517/images/test/340/a74117fe-0e0d-474a-8281-ea274cc153c2.jpg,True
340,340,340,340,/content/dataset/shared_dataset_seed9517/images/test/340/f6e4fa38-2403-434f-99a6-1bf3d89ec410.jpg,True
341,99,341,99,/content/dataset/shared_dataset_seed9517/images/test/341/131454f6-fdf3-4445-9d27-2a74edc72c38.jpg,False
341,341,341,341,/content/dataset/shared_dataset_seed9517/images/test/341/50451644-f087-4732-9ed1-54b0cfe3df00.jpg,True
341,341,341,341,/content/dataset/shared_dataset_seed9517/images/test/341/621f847c-e40b-4f79-870f-c61a699fdd4b.jpg,True
341,341,341,341,/content/dataset/shared_dataset_seed9517/images/test/341/65455c52-e8cb-4d2d-ac5b-3ea7aa8cc2be.jpg,True
341,341,341,341,/content/dataset/shared_dataset_seed9517/images/test/341/93de8571-34d5-451f-a5ee-3ff19628ab6f.jpg,True
341,341,341,341,/content/dataset/shared_dataset_seed9517/images/test/341/a80d7b25-9575-44a6-aeca-d93a6ca0bb4b.jpg,True
341,341,341,341,/content/dataset/shared_dataset_seed9517/images/test/341/bad3849e-2e3b-4189-897e-4ae73488d7e4.jpg,True
341,429,341,429,/content/dataset/shared_dataset_seed9517/images/test/341/c07d073f-dff6-4e42-afd7-f5d13c69f3e5.jpg,False
341,341,341,341,/content/dataset/shared_dataset_seed9517/images/test/341/ce4fb66d-4b91-4c8f-9344-3ed90f0c77d8.jpg,True
341,341,341,341,/content/dataset/shared_dataset_seed9517/images/test/341/fa61ee01-9121-4d21-8682-01171d254b73.jpg,True
342,342,342,342,/content/dataset/shared_dataset_seed9517/images/test/342/1c72cf38-6601-4c8f-8da6-ba6670c39ef3.jpg,True
342,342,342,342,/content/dataset/shared_dataset_seed9517/images/test/342/32a3605f-19ca-411c-b879-ea0e06581b3d.jpg,True
342,313,342,313,/content/dataset/shared_dataset_seed9517/images/test/342/4eca5c72-5bd1-4637-bc6c-8cb92a3f97ca.jpg,False
342,389,342,389,/content/dataset/shared_dataset_seed9517/images/test/342/5c536708-4476-4409-9175-bd46c1329b7c.jpg,False
342,342,342,342,/content/dataset/shared_dataset_seed9517/images/test/342/6379f440-03fe-4ecd-9603-072ed1bd3b50.jpg,True
342,342,342,342,/content/dataset/shared_dataset_seed9517/images/test/342/ad32d399-9b00-4ef5-bada-c4ed74b6c02a.jpg,True
342,342,342,342,/content/dataset/shared_dataset_seed9517/images/test/342/b69ef00e-dc04-481b-88f9-b262bc5631ed.jpg,True
342,342,342,342,/content/dataset/shared_dataset_seed9517/images/test/342/d6f7be20-088c-44e4-a744-ce538f43bd8d.jpg,True
342,342,342,342,/content/dataset/shared_dataset_seed9517/images/test/342/da63454b-47fb-48c3-85ce-133339dd60b7.jpg,True
342,297,342,297,/content/dataset/shared_dataset_seed9517/images/test/342/df3f0537-1a4a-45e1-8b5b-f0593c8cbbce.jpg,False
343,343,343,343,/content/dataset/shared_dataset_seed9517/images/test/343/3c7351c9-396b-4509-ba58-634391a41bcb.jpg,True
343,343,343,343,/content/dataset/shared_dataset_seed9517/images/test/343/49b5abac-38a1-4b1a-985b-8fb0e02030cb.jpg,True
343,343,343,343,/content/dataset/shared_dataset_seed9517/images/test/343/4e6dfb26-096f-418e-abb4-9c93b04cfea5.jpg,True
343,343,343,343,/content/dataset/shared_dataset_seed9517/images/test/343/74f9755e-7adc-4c17-b66d-e3a512454ea4.jpg,True
343,343,343,343,/content/dataset/shared_dataset_seed9517/images/test/343/9373335e-740e-4529-a100-3a16f3807b55.jpg,True
343,343,343,343,/content/dataset/shared_dataset_seed9517/images/test/343/a72e2438-92b2-4ae5-b1a2-81212aff008d.jpg,True
343,343,343,343,/content/dataset/shared_dataset_seed9517/images/test/343/c54ec718-d817-45d2-af15-bdf8eb77713e.jpg,True
343,343,343,343,/content/dataset/shared_dataset_seed9517/images/test/343/e966be25-d472-4450-b9cc-1bd68f7f175f.jpg,True
343,343,343,343,/content/dataset/shared_dataset_seed9517/images/test/343/f13bef96-cd30-4fd3-8527-d9db4e4d42a0.jpg,True
343,343,343,343,/content/dataset/shared_dataset_seed9517/images/test/343/f9f44b30-517a-4816-a931-0c64688c6ac4.jpg,True
344,344,344,344,/content/dataset/shared_dataset_seed9517/images/test/344/00519e0f-c995-4f62-8b49-7c1c0df976da.jpg,True
344,344,344,344,/content/dataset/shared_dataset_seed9517/images/test/344/12824761-2cd0-46fb-89e4-8020b00af330.jpg,True
344,363,344,363,/content/dataset/shared_dataset_seed9517/images/test/344/48504dea-3838-49f8-b87a-612e7f07ad71.jpg,False
344,344,344,344,/content/dataset/shared_dataset_seed9517/images/test/344/5583fc2a-c5c3-40e6-b1ac-3ac3ab8810e7.jpg,True
344,344,344,344,/content/dataset/shared_dataset_seed9517/images/test/344/78414908-5ab2-417a-b251-20fa8ccd293d.jpg,True
344,409,344,409,/content/dataset/shared_dataset_seed9517/images/test/344/7e63b3f1-229c-4ef2-b6f5-dc853acad8f0.jpg,False
344,344,344,344,/content/dataset/shared_dataset_seed9517/images/test/344/86e841fb-cf99-4b3d-9501-eff738637939.jpg,True
344,455,344,455,/content/dataset/shared_dataset_seed9517/images/test/344/a614e35c-48fa-49d3-a28f-bf108b6159d2.jpg,False
344,344,344,344,/content/dataset/shared_dataset_seed9517/images/test/344/b64d6212-05c2-43a7-b509-3d23cb80077d.jpg,True
344,344,344,344,/content/dataset/shared_dataset_seed9517/images/test/344/be825276-d710-46f6-a3c4-fd373947884a.jpg,True
345,346,345,346,/content/dataset/shared_dataset_seed9517/images/test/345/21778f4a-271f-4c6a-a2f4-9c8451d007d9.jpg,False
345,346,345,346,/content/dataset/shared_dataset_seed9517/images/test/345/26415065-9622-4e3a-92e7-2b41de4c7848.jpg,False
345,346,345,346,/content/dataset/shared_dataset_seed9517/images/test/345/4d23a0c0-5d2a-4c1d-a9a8-642f35361016.jpg,False
345,345,345,345,/content/dataset/shared_dataset_seed9517/images/test/345/5473f77a-44c0-4bbf-97c3-7a78275ad949.jpg,True
345,345,345,345,/content/dataset/shared_dataset_seed9517/images/test/345/765a9303-b5ce-4cb3-a3e6-885f2006328b.jpg,True
345,425,345,425,/content/dataset/shared_dataset_seed9517/images/test/345/7c56b6b6-a120-4b63-b335-090867cb5932.jpg,False
345,425,345,425,/content/dataset/shared_dataset_seed9517/images/test/345/a3150240-8cfd-4c51-84b4-a9213c503be4.jpg,False
345,346,345,346,/content/dataset/shared_dataset_seed9517/images/test/345/c0a621eb-1b52-4f0b-8c1d-2bef11b089bc.jpg,False
345,346,345,346,/content/dataset/shared_dataset_seed9517/images/test/345/c11cb4aa-fbd9-4fda-beb9-3b2865477da7.jpg,False
345,346,345,346,/content/dataset/shared_dataset_seed9517/images/test/345/dbc5aee2-248f-4da5-b40d-e1cb40da19d3.jpg,False
346,346,346,346,/content/dataset/shared_dataset_seed9517/images/test/346/073987be-d690-4830-9d31-e8a20f81b896.jpg,True
346,346,346,346,/content/dataset/shared_dataset_seed9517/images/test/346/2d1fb519-969c-45fe-b6c7-65ee314a16c9.jpg,True
346,346,346,346,/content/dataset/shared_dataset_seed9517/images/test/346/2f57d8dc-d549-45de-b192-dbd7960b0266.jpg,True
346,346,346,346,/content/dataset/shared_dataset_seed9517/images/test/346/6f4619f4-4d09-471a-bf08-66e7f6f6d8d1.jpg,True
346,346,346,346,/content/dataset/shared_dataset_seed9517/images/test/346/7b8fbbf5-5729-4353-bf5f-ab7d07a71645.jpg,True
346,281,346,281,/content/dataset/shared_dataset_seed9517/images/test/346/7f9850fa-1071-45d3-bbb0-125cc593fbc9.jpg,False
346,434,346,434,/content/dataset/shared_dataset_seed9517/images/test/346/8bb05554-80a6-45a1-b566-012c44294188.jpg,False
346,346,346,346,/content/dataset/shared_dataset_seed9517/images/test/346/9831189a-76a4-4dd4-8aea-4a88b1a81655.jpg,True
346,346,346,346,/content/dataset/shared_dataset_seed9517/images/test/346/b30fe6a4-605f-4655-a2ed-51922fe8e398.jpg,True
346,346,346,346,/content/dataset/shared_dataset_seed9517/images/test/346/cc719b2b-5b39-486a-81e1-1bc889143f94.jpg,True
347,347,347,347,/content/dataset/shared_dataset_seed9517/images/test/347/208d7773-c68f-4fcb-bec5-1ab3940505ec.jpg,True
347,347,347,347,/content/dataset/shared_dataset_seed9517/images/test/347/21223ea8-6665-4cc9-a5fc-5f1d90f2e17d.jpg,True
347,347,347,347,/content/dataset/shared_dataset_seed9517/images/test/347/3f01d049-e02a-45f5-8049-7ad381de313b.jpg,True
347,347,347,347,/content/dataset/shared_dataset_seed9517/images/test/347/43665c06-55b8-4bb9-80a2-8af0d7d20493.jpg,True
347,347,347,347,/content/dataset/shared_dataset_seed9517/images/test/347/5225f54a-d0f4-4e55-a9da-08fb67b836d5.jpg,True
347,368,347,368,/content/dataset/shared_dataset_seed9517/images/test/347/98a96d9e-6bd0-49fd-9e68-8759031320fb.jpg,False
347,347,347,347,/content/dataset/shared_dataset_seed9517/images/test/347/a70e76ce-2302-4f98-9ad2-df3267887cd9.jpg,True
347,347,347,347,/content/dataset/shared_dataset_seed9517/images/test/347/b23fc51e-35d0-40e4-964a-4eb677c1ed46.jpg,True
347,347,347,347,/content/dataset/shared_dataset_seed9517/images/test/347/e523a3d7-df1f-4f94-ba2b-8dfef58c61e0.jpg,True
347,347,347,347,/content/dataset/shared_dataset_seed9517/images/test/347/f2f89df9-14cb-4bba-bb78-2fe01db0f034.jpg,True
348,348,348,348,/content/dataset/shared_dataset_seed9517/images/test/348/2bfb5ea4-c41c-4ccd-89e5-db6f2aa6e4b2.jpg,True
348,348,348,348,/content/dataset/shared_dataset_seed9517/images/test/348/4f942c7e-5281-4bd5-b38e-f74c3824f0a8.jpg,True
348,348,348,348,/content/dataset/shared_dataset_seed9517/images/test/348/61a4e55b-0d8a-4066-9b2b-5559bf82dc99.jpg,True
348,348,348,348,/content/dataset/shared_dataset_seed9517/images/test/348/68d09f81-b3d9-4b5f-91bf-623de7159a94.jpg,True
348,416,348,416,/content/dataset/shared_dataset_seed9517/images/test/348/724b4654-fbcb-4553-8de1-7d12458a08a2.jpg,False
348,348,348,348,/content/dataset/shared_dataset_seed9517/images/test/348/887bee1f-addf-4398-87ea-33dbb4124e51.jpg,True
348,307,348,307,/content/dataset/shared_dataset_seed9517/images/test/348/b2293876-7165-49c7-8483-73ad6719f106.jpg,False
348,348,348,348,/content/dataset/shared_dataset_seed9517/images/test/348/e58b90db-3081-4d0b-bde2-5277e8371eec.jpg,True
348,348,348,348,/content/dataset/shared_dataset_seed9517/images/test/348/f5f86c7a-b181-461f-97a1-1c028e426c37.jpg,True
348,349,348,349,/content/dataset/shared_dataset_seed9517/images/test/348/f81c7aac-4bc1-4fb8-9152-a89a16f38c23.jpg,False
349,349,349,349,/content/dataset/shared_dataset_seed9517/images/test/349/25567050-a089-475e-a2dc-56469eeeaef9.jpg,True
349,458,349,458,/content/dataset/shared_dataset_seed9517/images/test/349/2bc51f2a-5d79-4e45-bed2-79fc70e19839.jpg,False
349,313,349,313,/content/dataset/shared_dataset_seed9517/images/test/349/74ea2b2e-7dc4-4939-b04e-f34c7c436904.jpg,False
349,349,349,349,/content/dataset/shared_dataset_seed9517/images/test/349/777dd378-c648-4f4a-9505-695fa8cdb62a.jpg,True
349,349,349,349,/content/dataset/shared_dataset_seed9517/images/test/349/77c6cbc0-ddaa-41ad-a674-f48464d99c6e.jpg,True
349,349,349,349,/content/dataset/shared_dataset_seed9517/images/test/349/7d4f2267-893e-4ae6-912c-81c3c1597606.jpg,True
349,349,349,349,/content/dataset/shared_dataset_seed9517/images/test/349/a69292df-563c-487b-bc22-cc5a68199007.jpg,True
349,349,349,349,/content/dataset/shared_dataset_seed9517/images/test/349/bfc56ee0-58ba-41c6-afcc-0e13e8f73a93.jpg,True
349,307,349,307,/content/dataset/shared_dataset_seed9517/images/test/349/d3a2da10-c9bb-430d-8beb-82313175e0f3.jpg,False
349,307,349,307,/content/dataset/shared_dataset_seed9517/images/test/349/e1ceecab-97c0-4634-ac54-d3ae4d1081ee.jpg,False
350,376,350,376,/content/dataset/shared_dataset_seed9517/images/test/350/0e299d21-e8c7-4aa7-85a8-a004cc4c3418.jpg,False
350,350,350,350,/content/dataset/shared_dataset_seed9517/images/test/350/32bc87cf-59b9-447b-8a1b-428cac88cda4.jpg,True
350,350,350,350,/content/dataset/shared_dataset_seed9517/images/test/350/5499bb61-cd05-4b6c-8da5-8bb8333cbb3e.jpg,True
350,350,350,350,/content/dataset/shared_dataset_seed9517/images/test/350/6b777945-bd9a-4981-89b4-f1bdde862981.jpg,True
350,350,350,350,/content/dataset/shared_dataset_seed9517/images/test/350/81391ed3-9684-4050-a47d-b0b8a7c5ccbf.jpg,True
350,350,350,350,/content/dataset/shared_dataset_seed9517/images/test/350/a18d54f9-631f-4d98-aa2a-483d6f350b91.jpg,True
350,350,350,350,/content/dataset/shared_dataset_seed9517/images/test/350/bcdce30e-98cd-438f-8c97-87499ae8b430.jpg,True
350,350,350,350,/content/dataset/shared_dataset_seed9517/images/test/350/cff5f728-c202-4147-8483-d15955668481.jpg,True
350,350,350,350,/content/dataset/shared_dataset_seed9517/images/test/350/d581ee43-adf8-4977-904a-1b2530944933.jpg,True
350,350,350,350,/content/dataset/shared_dataset_seed9517/images/test/350/eaf67d02-4a7e-4687-9753-3d580c437b4b.jpg,True
351,303,351,303,/content/dataset/shared_dataset_seed9517/images/test/351/0412ddb7-9105-4b1b-a474-2f25f109bd27.jpg,False
351,351,351,351,/content/dataset/shared_dataset_seed9517/images/test/351/095f3531-67fe-4749-81d7-376b83304ccb.jpg,True
351,435,351,435,/content/dataset/shared_dataset_seed9517/images/test/351/1061bc71-e4c9-4fdb-a3f5-d031718e5b23.jpg,False
351,333,351,333,/content/dataset/shared_dataset_seed9517/images/test/351/37e9a6a2-d0b5-4498-85fa-e29c215a0e92.jpg,False
351,385,351,385,/content/dataset/shared_dataset_seed9517/images/test/351/56e80a8b-242d-4afd-abd0-f64b6f093503.jpg,False
351,387,351,387,/content/dataset/shared_dataset_seed9517/images/test/351/59c2d21c-a585-4e84-b1fe-af8714432e56.jpg,False
351,351,351,351,/content/dataset/shared_dataset_seed9517/images/test/351/701ed66e-162d-4d35-99c8-822be4db63a3.jpg,True
351,351,351,351,/content/dataset/shared_dataset_seed9517/images/test/351/9d524245-85c0-4ce6-9e09-aa3f6a708332.jpg,True
351,403,351,403,/content/dataset/shared_dataset_seed9517/images/test/351/eae41018-de3a-4d96-a52d-ec23bc710301.jpg,False
351,351,351,351,/content/dataset/shared_dataset_seed9517/images/test/351/eaf5552a-8bdc-4a08-923b-c5290d71f0b4.jpg,True
352,338,352,338,/content/dataset/shared_dataset_seed9517/images/test/352/0a37cdb4-7181-481d-9292-f989f77aec15.jpg,False
352,352,352,352,/content/dataset/shared_dataset_seed9517/images/test/352/146caa57-8f83-444c-82ed-8dbce1be1b2e.jpg,True
352,324,352,324,/content/dataset/shared_dataset_seed9517/images/test/352/22342231-99ab-4f22-aec5-0a45739264a8.jpg,False
352,352,352,352,/content/dataset/shared_dataset_seed9517/images/test/352/2853b63c-18b9-4ba7-887c-25a27a97c7e4.jpg,True
352,319,352,319,/content/dataset/shared_dataset_seed9517/images/test/352/4117c586-cf9b-4b32-adb2-cde7410ddf2f.jpg,False
352,352,352,352,/content/dataset/shared_dataset_seed9517/images/test/352/431d8891-0e33-408d-b3f1-82ba85b4dc31.jpg,True
352,352,352,352,/content/dataset/shared_dataset_seed9517/images/test/352/5fc9c4af-9caf-47a4-8332-bfa6c2d7bc46.jpg,True
352,338,352,338,/content/dataset/shared_dataset_seed9517/images/test/352/8253992d-223c-4d4b-b756-f0da8c0496c7.jpg,False
352,320,352,320,/content/dataset/shared_dataset_seed9517/images/test/352/a66000ad-7e64-47d9-ac5c-dad9723ba13e.jpg,False
352,352,352,352,/content/dataset/shared_dataset_seed9517/images/test/352/f62b80c0-4d6b-44f0-87ac-baa1c83d9ae3.jpg,True
353,353,353,353,/content/dataset/shared_dataset_seed9517/images/test/353/121944e5-77a0-4b0d-b82f-29c425df1de8.jpg,True
353,413,353,413,/content/dataset/shared_dataset_seed9517/images/test/353/24b47c6a-e951-4c1e-b6ee-1de2eb1b735b.jpg,False
353,8,353,8,/content/dataset/shared_dataset_seed9517/images/test/353/25020864-8633-4ea7-8796-29101bc5f712.jpg,False
353,353,353,353,/content/dataset/shared_dataset_seed9517/images/test/353/2663fe51-0baf-4ca2-9a5e-20df43516986.jpg,True
353,353,353,353,/content/dataset/shared_dataset_seed9517/images/test/353/4010af69-0e64-4954-97a2-9fedfa5a82c2.jpg,True
353,353,353,353,/content/dataset/shared_dataset_seed9517/images/test/353/6a476beb-e9c0-4391-ac3c-49451f0b4de6.jpg,True
353,353,353,353,/content/dataset/shared_dataset_seed9517/images/test/353/6fc8e301-5196-4d3a-8db6-aef785a7fa15.jpg,True
353,406,353,406,/content/dataset/shared_dataset_seed9517/images/test/353/91624b64-c2ea-4078-8dfb-c24e852308de.jpg,False
353,353,353,353,/content/dataset/shared_dataset_seed9517/images/test/353/99a302a7-f224-4c8e-bd4a-2257d32468d5.jpg,True
353,303,353,303,/content/dataset/shared_dataset_seed9517/images/test/353/f82d86cc-0cd1-472b-a01d-bfe2f0936121.jpg,False
354,354,354,354,/content/dataset/shared_dataset_seed9517/images/test/354/0004abb9-2f35-4fb2-8655-71a92f201dd2.jpg,True
354,357,354,357,/content/dataset/shared_dataset_seed9517/images/test/354/2262a43c-04b7-4a6a-b5e0-dbb3d34865e3.jpg,False
354,357,354,357,/content/dataset/shared_dataset_seed9517/images/test/354/41243c49-cf55-489e-ade2-c9a3eb06f7fe.jpg,False
354,354,354,354,/content/dataset/shared_dataset_seed9517/images/test/354/442486be-ef41-40d0-83f2-b85b1ee5706b.jpg,True
354,356,354,356,/content/dataset/shared_dataset_seed9517/images/test/354/4d7689d2-9f30-4944-8154-b62d34d69a42.jpg,False
354,354,354,354,/content/dataset/shared_dataset_seed9517/images/test/354/67c24730-e9b7-4f1e-bedb-9f845f8b43a4.jpg,True
354,354,354,354,/content/dataset/shared_dataset_seed9517/images/test/354/734c7dfe-9832-475a-b493-ac7b1bb9fc73.jpg,True
354,119,354,119,/content/dataset/shared_dataset_seed9517/images/test/354/96d250c1-e471-4271-8331-8b045a904ef2.jpg,False
354,354,354,354,/content/dataset/shared_dataset_seed9517/images/test/354/a8e635e7-d5c5-4f1d-ba86-7d610b596158.jpg,True
354,356,354,356,/content/dataset/shared_dataset_seed9517/images/test/354/b43c8188-e792-464b-a47b-289f25ad26a0.jpg,False
355,355,355,355,/content/dataset/shared_dataset_seed9517/images/test/355/0e25e27f-d19b-4e20-8bf7-99e31c3599a5.jpg,True
355,355,355,355,/content/dataset/shared_dataset_seed9517/images/test/355/0efb7a5e-8c14-4325-9fcf-ac1c9d1fdf47.jpg,True
355,355,355,355,/content/dataset/shared_dataset_seed9517/images/test/355/1e19158e-69ec-44c4-affa-38dc73fb116c.jpg,True
355,356,355,356,/content/dataset/shared_dataset_seed9517/images/test/355/3a890860-b288-4407-9c30-5fa800e568c2.jpg,False
355,355,355,355,/content/dataset/shared_dataset_seed9517/images/test/355/47833d4a-01fe-479f-948a-b29b11dc581d.jpg,True
355,355,355,355,/content/dataset/shared_dataset_seed9517/images/test/355/4da85ad1-4155-4de5-8657-81605553f012.jpg,True
355,355,355,355,/content/dataset/shared_dataset_seed9517/images/test/355/62d3e415-e14c-4041-90af-2d0233528f00.jpg,True
355,355,355,355,/content/dataset/shared_dataset_seed9517/images/test/355/88edba2e-7d49-4fdf-9456-d28df6f6bbc8.jpg,True
355,355,355,355,/content/dataset/shared_dataset_seed9517/images/test/355/c6e55118-9ebe-46a8-9a2c-0eb34ea5520f.jpg,True
355,357,355,357,/content/dataset/shared_dataset_seed9517/images/test/355/fd0f4e6f-603c-4904-a3a0-b8a27e5ed0a4.jpg,False
356,356,356,356,/content/dataset/shared_dataset_seed9517/images/test/356/0450c1fc-f33f-42d2-81f6-37832f4618f6.jpg,True
356,356,356,356,/content/dataset/shared_dataset_seed9517/images/test/356/0970a3dd-eec2-4a43-ac9e-409426242b20.jpg,True
356,356,356,356,/content/dataset/shared_dataset_seed9517/images/test/356/2cdf304c-b85b-4d18-9f82-a18b8a87ee8c.jpg,True
356,358,356,358,/content/dataset/shared_dataset_seed9517/images/test/356/37f7854b-8002-4f81-af74-b06d594e7ab3.jpg,False
356,356,356,356,/content/dataset/shared_dataset_seed9517/images/test/356/50a87a2c-080b-4e48-9141-286a35854c03.jpg,True
356,356,356,356,/content/dataset/shared_dataset_seed9517/images/test/356/5685cc17-58a0-4d51-9e46-f8134a7e60ca.jpg,True
356,356,356,356,/content/dataset/shared_dataset_seed9517/images/test/356/575f8d74-7fdb-4139-9158-8fb6c02d5166.jpg,True
356,356,356,356,/content/dataset/shared_dataset_seed9517/images/test/356/5bda1260-b8eb-4516-829f-d4dacd202069.jpg,True
356,356,356,356,/content/dataset/shared_dataset_seed9517/images/test/356/d5a3149d-f33b-4e86-820f-2eb403b60b4c.jpg,True
356,354,356,354,/content/dataset/shared_dataset_seed9517/images/test/356/fffdc442-1ad8-4e90-b0a0-b3b05ac7b292.jpg,False
357,357,357,357,/content/dataset/shared_dataset_seed9517/images/test/357/06810954-191b-4303-8848-5349a16d0729.jpg,True
357,477,357,477,/content/dataset/shared_dataset_seed9517/images/test/357/1c39021b-d5fe-4f64-8812-124f281108d1.jpg,False
357,357,357,357,/content/dataset/shared_dataset_seed9517/images/test/357/52c57b28-77f7-420a-a34a-5038fcb69e1e.jpg,True
357,357,357,357,/content/dataset/shared_dataset_seed9517/images/test/357/560e94f1-00f5-4a84-a17a-2d25568e384b.jpg,True
357,357,357,357,/content/dataset/shared_dataset_seed9517/images/test/357/6acbe3b9-9294-4f57-adf3-30f16fbe7a8e.jpg,True
357,357,357,357,/content/dataset/shared_dataset_seed9517/images/test/357/6e35f2fd-ee7b-46ab-8da8-858cd6daea83.jpg,True
357,357,357,357,/content/dataset/shared_dataset_seed9517/images/test/357/a8acd094-bf84-4ff1-8d47-659694ac2d7a.jpg,True
357,357,357,357,/content/dataset/shared_dataset_seed9517/images/test/357/b7867e28-4533-49d4-9e0f-4c7617fe609b.jpg,True
357,357,357,357,/content/dataset/shared_dataset_seed9517/images/test/357/bace6558-5161-446f-aa33-db86f9237e84.jpg,True
357,357,357,357,/content/dataset/shared_dataset_seed9517/images/test/357/c60c8dbe-b020-45d7-85c4-4653547682bf.jpg,True
358,358,358,358,/content/dataset/shared_dataset_seed9517/images/test/358/11f293ff-6ff7-413c-8f2f-f1b671620f27.jpg,True
358,452,358,452,/content/dataset/shared_dataset_seed9517/images/test/358/2ac7c55b-154c-4dd5-b1c7-15969c01da1c.jpg,False
358,358,358,358,/content/dataset/shared_dataset_seed9517/images/test/358/5418e04f-7211-4851-a66d-277e3dddfc1d.jpg,True
358,358,358,358,/content/dataset/shared_dataset_seed9517/images/test/358/5da1d0f9-7adb-44ef-80d0-94d85e5b2f97.jpg,True
358,355,358,355,/content/dataset/shared_dataset_seed9517/images/test/358/60155e75-700f-4c76-90a9-45ffbeb3b2db.jpg,False
358,358,358,358,/content/dataset/shared_dataset_seed9517/images/test/358/63f32bd3-9d7c-4816-8aa7-1db3a9c64e47.jpg,True
358,358,358,358,/content/dataset/shared_dataset_seed9517/images/test/358/6c25da93-f9bb-4a1a-9d30-7dc0e739c25d.jpg,True
358,358,358,358,/content/dataset/shared_dataset_seed9517/images/test/358/b0b37278-46bb-4149-b5f1-aee8101bfbe3.jpg,True
358,358,358,358,/content/dataset/shared_dataset_seed9517/images/test/358/ccc23cfd-6aa2-4b8c-8699-b8f016dbcbb3.jpg,True
358,358,358,358,/content/dataset/shared_dataset_seed9517/images/test/358/ee8a6184-4233-4149-8336-696e2d84e8c2.jpg,True
359,359,359,359,/content/dataset/shared_dataset_seed9517/images/test/359/06a32e6a-3a0f-49e7-bc52-2f572200470c.jpg,True
359,359,359,359,/content/dataset/shared_dataset_seed9517/images/test/359/198dd671-58ee-46d9-bd7c-c042658dc0f6.jpg,True
359,359,359,359,/content/dataset/shared_dataset_seed9517/images/test/359/23a6c221-7119-418e-a007-d5abd3fabd3d.jpg,True
359,359,359,359,/content/dataset/shared_dataset_seed9517/images/test/359/2cbfa535-7723-42f1-94c3-4560386b2330.jpg,True
359,359,359,359,/content/dataset/shared_dataset_seed9517/images/test/359/3252a5aa-4fd2-4ec6-85e2-33aa8e1d3cbf.jpg,True
359,359,359,359,/content/dataset/shared_dataset_seed9517/images/test/359/494455b5-8b04-4f38-95c8-17d252b7f738.jpg,True
359,359,359,359,/content/dataset/shared_dataset_seed9517/images/test/359/4dfe68c4-a4fc-40ed-b235-44e049479be5.jpg,True
359,307,359,307,/content/dataset/shared_dataset_seed9517/images/test/359/954b6dcd-ba40-4d26-a562-ab7e04b55514.jpg,False
359,359,359,359,/content/dataset/shared_dataset_seed9517/images/test/359/ce7e7b20-b5ae-4349-a860-2d0dfbf095c3.jpg,True
359,359,359,359,/content/dataset/shared_dataset_seed9517/images/test/359/dedb88f0-d365-470f-943a-e1836ef1e9bc.jpg,True
360,360,360,360,/content/dataset/shared_dataset_seed9517/images/test/360/1be94065-02e8-416d-8b34-f89a5c2d7a02.jpg,True
360,360,360,360,/content/dataset/shared_dataset_seed9517/images/test/360/3404e60e-8501-47d5-940b-e72ef87ac367.jpg,True
360,360,360,360,/content/dataset/shared_dataset_seed9517/images/test/360/3b4fd55f-0e3a-493e-b25d-d2dd47f17836.jpg,True
360,360,360,360,/content/dataset/shared_dataset_seed9517/images/test/360/4867ddc6-d72c-4d85-affb-4ff4554459ab.jpg,True
360,281,360,281,/content/dataset/shared_dataset_seed9517/images/test/360/51f2ba2b-2380-4d55-b45d-fe37b7bc1e84.jpg,False
360,360,360,360,/content/dataset/shared_dataset_seed9517/images/test/360/5efd1709-1839-45f5-a314-d13a963ad848.jpg,True
360,360,360,360,/content/dataset/shared_dataset_seed9517/images/test/360/60adf939-2772-4d3c-b313-9a2428074b65.jpg,True
360,360,360,360,/content/dataset/shared_dataset_seed9517/images/test/360/65b3641c-1a5a-49b5-a3ce-49bb60eee637.jpg,True
360,360,360,360,/content/dataset/shared_dataset_seed9517/images/test/360/76284daf-aab6-40f5-9a27-4134dc4028c7.jpg,True
360,360,360,360,/content/dataset/shared_dataset_seed9517/images/test/360/ce92158e-4e87-4069-9805-00f076fd768a.jpg,True
361,361,361,361,/content/dataset/shared_dataset_seed9517/images/test/361/280460d4-4e09-48be-8bbe-0dad0046b2af.jpg,True
361,361,361,361,/content/dataset/shared_dataset_seed9517/images/test/361/5902cdf0-a4eb-4068-b5d0-3b90e69f5315.jpg,True
361,361,361,361,/content/dataset/shared_dataset_seed9517/images/test/361/81c94a6b-73d8-499e-a391-f50009bdc9bb.jpg,True
361,361,361,361,/content/dataset/shared_dataset_seed9517/images/test/361/8ee2861b-6b41-4987-8254-cc393b8d79bd.jpg,True
361,453,361,453,/content/dataset/shared_dataset_seed9517/images/test/361/a1b1b894-6352-4776-af88-2a0dfedb3fca.jpg,False
361,361,361,361,/content/dataset/shared_dataset_seed9517/images/test/361/abbaf4e9-9202-49c6-9008-422c76fcedd6.jpg,True
361,361,361,361,/content/dataset/shared_dataset_seed9517/images/test/361/cd5ed794-b7a9-4faa-8d55-f562f7283494.jpg,True
361,361,361,361,/content/dataset/shared_dataset_seed9517/images/test/361/d248bc9a-4d4d-4014-a52d-7f08a495a945.jpg,True
361,361,361,361,/content/dataset/shared_dataset_seed9517/images/test/361/d9afcb0d-7510-412c-8d01-83467136a6a2.jpg,True
361,361,361,361,/content/dataset/shared_dataset_seed9517/images/test/361/e9b33af0-d39d-42b2-b0a5-342c7ebd6264.jpg,True
362,362,362,362,/content/dataset/shared_dataset_seed9517/images/test/362/014620dc-431f-4872-acf3-dc5687fa7aec.jpg,True
362,313,362,313,/content/dataset/shared_dataset_seed9517/images/test/362/12841600-c149-425b-a876-bb7835ba82a4.jpg,False
362,391,362,391,/content/dataset/shared_dataset_seed9517/images/test/362/2cfcef63-7f6c-4e88-b58e-c3bc46b35af6.jpg,False
362,362,362,362,/content/dataset/shared_dataset_seed9517/images/test/362/545a29b3-3385-409c-9271-a80718c717e9.jpg,True
362,455,362,455,/content/dataset/shared_dataset_seed9517/images/test/362/7ebd51dc-3423-408e-a0a1-f6c2c34e7d0c.jpg,False
362,362,362,362,/content/dataset/shared_dataset_seed9517/images/test/362/8d74f83b-e265-4fc2-aa69-958af4570602.jpg,True
362,361,362,361,/content/dataset/shared_dataset_seed9517/images/test/362/cbd681b4-701b-4085-b492-c1c2c045417d.jpg,False
362,362,362,362,/content/dataset/shared_dataset_seed9517/images/test/362/cebbe273-c0fc-405f-a6c3-ffc206deb46b.jpg,True
362,365,362,365,/content/dataset/shared_dataset_seed9517/images/test/362/d9d978d9-b79c-4894-a1d8-a36a9042c768.jpg,False
362,307,362,307,/content/dataset/shared_dataset_seed9517/images/test/362/fcb121d8-b947-47f5-960c-253abe68894f.jpg,False
363,363,363,363,/content/dataset/shared_dataset_seed9517/images/test/363/084fdced-be08-43d5-ba0b-0fd8b98a20e2.jpg,True
363,363,363,363,/content/dataset/shared_dataset_seed9517/images/test/363/190bed39-c555-4b8e-9790-420712eb5c8e.jpg,True
363,363,363,363,/content/dataset/shared_dataset_seed9517/images/test/363/20fa5ac1-dde1-48ba-8b3e-21c07af156a7.jpg,True
363,363,363,363,/content/dataset/shared_dataset_seed9517/images/test/363/5dd7c87f-38b3-4225-bdb0-ade23116b2df.jpg,True
363,363,363,363,/content/dataset/shared_dataset_seed9517/images/test/363/6bb74387-9c6e-416b-9719-fd6f063b8293.jpg,True
363,363,363,363,/content/dataset/shared_dataset_seed9517/images/test/363/7b221db8-b11b-40ff-a53b-60252f46222b.jpg,True
363,363,363,363,/content/dataset/shared_dataset_seed9517/images/test/363/9a9c550e-83db-4cb3-baa5-5be530a01b98.jpg,True
363,363,363,363,/content/dataset/shared_dataset_seed9517/images/test/363/a638fcf9-164c-4a35-ac41-9182be928c8b.jpg,True
363,363,363,363,/content/dataset/shared_dataset_seed9517/images/test/363/c6652b8b-20cb-4318-9b98-e48a0ba56e55.jpg,True
363,363,363,363,/content/dataset/shared_dataset_seed9517/images/test/363/fd601a0c-cbe7-4dc1-b634-0f4a74f60fb3.jpg,True
364,364,364,364,/content/dataset/shared_dataset_seed9517/images/test/364/2ae44b8b-0c56-4db9-8593-a519dfcd6b39.jpg,True
364,364,364,364,/content/dataset/shared_dataset_seed9517/images/test/364/3c462f14-a817-465c-bc69-88e4eeb93f70.jpg,True
364,364,364,364,/content/dataset/shared_dataset_seed9517/images/test/364/67c11cad-a0ff-424d-9bd5-f3ebb601a038.jpg,True
364,364,364,364,/content/dataset/shared_dataset_seed9517/images/test/364/6fd4b9e8-db8f-40d6-bc36-7548ba28c65b.jpg,True
364,309,364,309,/content/dataset/shared_dataset_seed9517/images/test/364/744623d1-c54f-428e-88a0-72da7addd319.jpg,False
364,364,364,364,/content/dataset/shared_dataset_seed9517/images/test/364/8e03d6a2-cae7-4ee5-8202-2e35ceab019b.jpg,True
364,364,364,364,/content/dataset/shared_dataset_seed9517/images/test/364/a733c693-aa6d-4f61-ab29-d87cade4de9b.jpg,True
364,304,364,304,/content/dataset/shared_dataset_seed9517/images/test/364/ad6ee857-a247-42f3-898b-16648989511b.jpg,False
364,364,364,364,/content/dataset/shared_dataset_seed9517/images/test/364/b703ebbf-764e-43fe-a406-5e766b6ffa93.jpg,True
364,364,364,364,/content/dataset/shared_dataset_seed9517/images/test/364/d3f072b2-8bff-4101-be49-66365e08bb81.jpg,True
365,365,365,365,/content/dataset/shared_dataset_seed9517/images/test/365/13aa892d-b9a9-4642-a8c8-d128eac067f2.jpg,True
365,365,365,365,/content/dataset/shared_dataset_seed9517/images/test/365/1be42765-81aa-4dfe-8953-746e2341f74e.jpg,True
365,313,365,313,/content/dataset/shared_dataset_seed9517/images/test/365/39aa9343-b776-4ef4-9256-9d9ab135fcb2.jpg,False
365,365,365,365,/content/dataset/shared_dataset_seed9517/images/test/365/82afcdfc-bcd9-45da-93b8-551eb1f7a62a.jpg,True
365,365,365,365,/content/dataset/shared_dataset_seed9517/images/test/365/93d4e153-a8e4-4bd7-a117-107864c81998.jpg,True
365,389,365,389,/content/dataset/shared_dataset_seed9517/images/test/365/b8af01fa-6519-416a-9db9-4f554f543d95.jpg,False
365,365,365,365,/content/dataset/shared_dataset_seed9517/images/test/365/c6b97500-51d5-46c7-a9ff-18f24ec02256.jpg,True
365,365,365,365,/content/dataset/shared_dataset_seed9517/images/test/365/d3431f0a-7789-4955-bb70-2e92526b2fcc.jpg,True
365,365,365,365,/content/dataset/shared_dataset_seed9517/images/test/365/eddc03f5-e8eb-480e-9c23-f6f64fa28447.jpg,True
365,420,365,420,/content/dataset/shared_dataset_seed9517/images/test/365/fdeb7014-b3a6-489f-b337-44ea5c3d6e1c.jpg,False
366,366,366,366,/content/dataset/shared_dataset_seed9517/images/test/366/08454c80-d8ba-443f-9b13-7cfff1044cf0.jpg,True
366,366,366,366,/content/dataset/shared_dataset_seed9517/images/test/366/30d0a5be-5dc2-4afd-b864-d47c915d8afd.jpg,True
366,366,366,366,/content/dataset/shared_dataset_seed9517/images/test/366/641e07e1-7d02-4287-ab89-79edc2bb179b.jpg,True
366,443,366,443,/content/dataset/shared_dataset_seed9517/images/test/366/8325cfce-f6d7-40de-944d-43fe67cbc95f.jpg,False
366,366,366,366,/content/dataset/shared_dataset_seed9517/images/test/366/c3806cb0-54a7-422d-bbd0-72ef59134115.jpg,True
366,366,366,366,/content/dataset/shared_dataset_seed9517/images/test/366/d041d766-a77c-4354-b12f-da6d12b6c5bd.jpg,True
366,366,366,366,/content/dataset/shared_dataset_seed9517/images/test/366/e1149356-dafb-4aeb-b4e2-72b64c9807d7.jpg,True
366,473,366,473,/content/dataset/shared_dataset_seed9517/images/test/366/e4d76770-d252-4a4c-bf48-5ab3b5feeae5.jpg,False
366,473,366,473,/content/dataset/shared_dataset_seed9517/images/test/366/ee461356-f47a-4518-a533-4f5a3127eaca.jpg,False
366,366,366,366,/content/dataset/shared_dataset_seed9517/images/test/366/ff66ef22-6c94-4e9a-a0b0-a80e9b05bb69.jpg,True
367,367,367,367,/content/dataset/shared_dataset_seed9517/images/test/367/62ad45c4-dd5e-4b7e-bf4e-96ef88298e69.jpg,True
367,367,367,367,/content/dataset/shared_dataset_seed9517/images/test/367/99d7e0fc-3321-4680-be35-213d93e1f206.jpg,True
367,417,367,417,/content/dataset/shared_dataset_seed9517/images/test/367/b126581e-20ba-4a85-8063-b6ca4e9cc503.jpg,False
367,367,367,367,/content/dataset/shared_dataset_seed9517/images/test/367/b4593271-5df1-43f2-ae6d-59fa8d078173.jpg,True
367,367,367,367,/content/dataset/shared_dataset_seed9517/images/test/367/cb4b9073-415c-4894-a7ae-28cac662c3b2.jpg,True
367,367,367,367,/content/dataset/shared_dataset_seed9517/images/test/367/cf155350-0f45-4e25-b3a8-7337b936bbd4.jpg,True
367,368,367,368,/content/dataset/shared_dataset_seed9517/images/test/367/d547b9d3-0cc1-488b-a593-df021abe0166.jpg,False
367,367,367,367,/content/dataset/shared_dataset_seed9517/images/test/367/e269c0f1-a106-4ddf-9220-6dc3b4f169c9.jpg,True
367,366,367,366,/content/dataset/shared_dataset_seed9517/images/test/367/f2e685ec-e61e-44f6-9b63-9b0ae2f6b6bd.jpg,False
367,367,367,367,/content/dataset/shared_dataset_seed9517/images/test/367/fc32071b-eb5f-4b1d-b92f-f54e3c7e0849.jpg,True
368,368,368,368,/content/dataset/shared_dataset_seed9517/images/test/368/121a5a67-8389-42f8-870c-0a3faa964e36.jpg,True
368,370,368,370,/content/dataset/shared_dataset_seed9517/images/test/368/1e86ce6c-534d-43ff-9829-37f56b473ad8.jpg,False
368,308,368,308,/content/dataset/shared_dataset_seed9517/images/test/368/1ed13620-dc3f-426b-b57b-2df9a9bb8a0d.jpg,False
368,368,368,368,/content/dataset/shared_dataset_seed9517/images/test/368/6443c137-dc31-4ebb-92ff-10eb9cb6aed9.jpg,True
368,368,368,368,/content/dataset/shared_dataset_seed9517/images/test/368/656c7ab8-615d-48fb-9db2-d9ede8755ebd.jpg,True
368,368,368,368,/content/dataset/shared_dataset_seed9517/images/test/368/7577c233-0ecf-440a-976a-80d2f57ef22f.jpg,True
368,347,368,347,/content/dataset/shared_dataset_seed9517/images/test/368/bc5fd6ec-ec3f-426f-9585-3d64f5d7bbbc.jpg,False
368,368,368,368,/content/dataset/shared_dataset_seed9517/images/test/368/c4006988-1189-4a21-8e8e-5c9eff058699.jpg,True
368,306,368,306,/content/dataset/shared_dataset_seed9517/images/test/368/c7b3d7e0-75e6-4ef3-8e54-b1205fd35893.jpg,False
368,368,368,368,/content/dataset/shared_dataset_seed9517/images/test/368/fba16152-5b22-4656-a0ef-3a680842907d.jpg,True
369,369,369,369,/content/dataset/shared_dataset_seed9517/images/test/369/066fa4de-cb27-46d9-83fd-ce9a812abb1a.jpg,True
369,309,369,309,/content/dataset/shared_dataset_seed9517/images/test/369/2bbc4b33-a9c5-4ade-a213-ec558cc4b378.jpg,False
369,369,369,369,/content/dataset/shared_dataset_seed9517/images/test/369/7887dccf-41a7-495b-bcb4-29712853182d.jpg,True
369,369,369,369,/content/dataset/shared_dataset_seed9517/images/test/369/7a8fc7c9-c660-4c1e-a525-a47f2e0921fd.jpg,True
369,369,369,369,/content/dataset/shared_dataset_seed9517/images/test/369/8a216ae9-dcb6-4887-88f0-8a8bed077188.jpg,True
369,369,369,369,/content/dataset/shared_dataset_seed9517/images/test/369/9b17705a-76cc-4766-aaa6-f2b5584e4ae9.jpg,True
369,369,369,369,/content/dataset/shared_dataset_seed9517/images/test/369/9bc53241-0da7-40fa-8d66-9a05b0b68fb3.jpg,True
369,369,369,369,/content/dataset/shared_dataset_seed9517/images/test/369/9c5aeba9-ddee-4241-8c44-a198bee206ab.jpg,True
369,369,369,369,/content/dataset/shared_dataset_seed9517/images/test/369/b79c2700-849e-4d5f-ad43-cae06697d211.jpg,True
369,369,369,369,/content/dataset/shared_dataset_seed9517/images/test/369/b95a094b-66d3-4046-bf7c-9fd229b9230c.jpg,True
370,370,370,370,/content/dataset/shared_dataset_seed9517/images/test/370/109421fc-5b70-47fe-98d3-3ce5d77ffaa0.jpg,True
370,479,370,479,/content/dataset/shared_dataset_seed9517/images/test/370/279ed544-eb76-4fe0-a63d-21f91a97f663.jpg,False
370,263,370,263,/content/dataset/shared_dataset_seed9517/images/test/370/5c4c1a30-d2c4-41e0-912b-82752e4966fa.jpg,False
370,380,370,380,/content/dataset/shared_dataset_seed9517/images/test/370/6ae60dd8-4122-416c-932c-48ad999da4b5.jpg,False
370,119,370,119,/content/dataset/shared_dataset_seed9517/images/test/370/799428b1-6fdc-45ac-bf7d-72afd6e31c7c.jpg,False
370,407,370,407,/content/dataset/shared_dataset_seed9517/images/test/370/7beb0859-fd36-4888-83dc-7c613c9a2d24.jpg,False
370,324,370,324,/content/dataset/shared_dataset_seed9517/images/test/370/a5ff3e98-5c4b-4aaa-a4cb-08f5e02ab535.jpg,False
370,387,370,387,/content/dataset/shared_dataset_seed9517/images/test/370/b3143ff9-3591-4260-a2f7-cd3c754610f6.jpg,False
370,388,370,388,/content/dataset/shared_dataset_seed9517/images/test/370/e30c9676-0647-4e73-b234-17ee7e6159cc.jpg,False
370,392,370,392,/content/dataset/shared_dataset_seed9517/images/test/370/ef0bb144-ddc7-4465-8b20-604ffdafbb53.jpg,False
371,371,371,371,/content/dataset/shared_dataset_seed9517/images/test/371/36a3cb22-5b77-473c-97a6-f472e88b6bd6.jpg,True
371,371,371,371,/content/dataset/shared_dataset_seed9517/images/test/371/4135243f-ae68-4472-be8d-b6ecc4ab4e45.jpg,True
371,371,371,371,/content/dataset/shared_dataset_seed9517/images/test/371/43f6aa5e-44e0-49dc-aace-953770adaa74.jpg,True
371,371,371,371,/content/dataset/shared_dataset_seed9517/images/test/371/5493a47f-41a4-4814-a246-face9269374b.jpg,True
371,473,371,473,/content/dataset/shared_dataset_seed9517/images/test/371/6dfd439b-be91-4038-96bc-43fa9b894ab4.jpg,False
371,371,371,371,/content/dataset/shared_dataset_seed9517/images/test/371/9027ca33-333d-462d-8b50-add9ad130c83.jpg,True
371,371,371,371,/content/dataset/shared_dataset_seed9517/images/test/371/c9a6fd15-e4d0-4277-ab59-fbd9589225f6.jpg,True
371,371,371,371,/content/dataset/shared_dataset_seed9517/images/test/371/dbb86d95-7a0b-4d88-8133-48d684fd4546.jpg,True
371,371,371,371,/content/dataset/shared_dataset_seed9517/images/test/371/e0045c91-0b52-44b1-9dfc-e2b1df086c5d.jpg,True
371,478,371,478,/content/dataset/shared_dataset_seed9517/images/test/371/e908671c-80ae-4cc5-8a70-6517dbdfe9ba.jpg,False
372,372,372,372,/content/dataset/shared_dataset_seed9517/images/test/372/00472160-00b8-4026-af1e-9d1d7b0838ea.jpg,True
372,279,372,279,/content/dataset/shared_dataset_seed9517/images/test/372/182b53be-2c0f-4a44-bd09-2e9ea25ff451.jpg,False
372,372,372,372,/content/dataset/shared_dataset_seed9517/images/test/372/238d1ea3-cd6c-48eb-b324-7e4abaee35e6.jpg,True
372,279,372,279,/content/dataset/shared_dataset_seed9517/images/test/372/4642e907-7726-4508-9ecd-fcfaec9d831c.jpg,False
372,279,372,279,/content/dataset/shared_dataset_seed9517/images/test/372/811bbaec-08ed-4261-af77-ed4c53a11c3a.jpg,False
372,372,372,372,/content/dataset/shared_dataset_seed9517/images/test/372/c9d6ddaa-c206-4dea-a363-60b1c83641b4.jpg,True
372,279,372,279,/content/dataset/shared_dataset_seed9517/images/test/372/d165ff14-f169-407f-9e29-af98607df55d.jpg,False
372,372,372,372,/content/dataset/shared_dataset_seed9517/images/test/372/d6e31b6a-e194-4308-b363-97cc2e9788e9.jpg,True
372,372,372,372,/content/dataset/shared_dataset_seed9517/images/test/372/d799070e-acaa-43f9-a272-f2fc3b7d162e.jpg,True
372,372,372,372,/content/dataset/shared_dataset_seed9517/images/test/372/f62a4611-983a-4230-a3a6-7dfe9b3b14df.jpg,True
373,373,373,373,/content/dataset/shared_dataset_seed9517/images/test/373/06865415-4142-44e5-a5e3-af7216af733d.jpg,True
373,334,373,334,/content/dataset/shared_dataset_seed9517/images/test/373/22838a9e-53ed-46d0-a5d4-a2401966b651.jpg,False
373,373,373,373,/content/dataset/shared_dataset_seed9517/images/test/373/69594f80-9cc8-4933-b156-8218f11ea233.jpg,True
373,373,373,373,/content/dataset/shared_dataset_seed9517/images/test/373/6a7b6128-8f95-4da3-9356-0a649c63f228.jpg,True
373,340,373,340,/content/dataset/shared_dataset_seed9517/images/test/373/7eaaadcc-b976-48bb-9560-81ff4463b71b.jpg,False
373,373,373,373,/content/dataset/shared_dataset_seed9517/images/test/373/99792d09-a77a-4f88-b04a-3afc51a1e273.jpg,True
373,373,373,373,/content/dataset/shared_dataset_seed9517/images/test/373/9cd1dce0-4503-4a67-beb6-c1ae688b354f.jpg,True
373,373,373,373,/content/dataset/shared_dataset_seed9517/images/test/373/abadcbb9-433a-4f77-8cbb-f1da3521805b.jpg,True
373,373,373,373,/content/dataset/shared_dataset_seed9517/images/test/373/b011f8e3-3369-408f-afa5-f8efbe86e9ee.jpg,True
373,373,373,373,/content/dataset/shared_dataset_seed9517/images/test/373/f763ee98-e67b-49ec-9f49-f270ad84be79.jpg,True
374,459,374,459,/content/dataset/shared_dataset_seed9517/images/test/374/20975f03-14e0-4238-931e-6d7184700d00.jpg,False
374,374,374,374,/content/dataset/shared_dataset_seed9517/images/test/374/21486a21-5e1f-4411-975f-bbd4cd06eefd.jpg,True
374,374,374,374,/content/dataset/shared_dataset_seed9517/images/test/374/28afe879-c384-457b-9324-2692ee17cdae.jpg,True
374,374,374,374,/content/dataset/shared_dataset_seed9517/images/test/374/28ce4e45-6ec0-441f-a8c0-57bee73edd9e.jpg,True
374,374,374,374,/content/dataset/shared_dataset_seed9517/images/test/374/881fc6a1-359e-44f5-ba4a-2dd3c0031cb3.jpg,True
374,374,374,374,/content/dataset/shared_dataset_seed9517/images/test/374/9e4cc5ac-1af0-40f2-8b6a-3eb4d6a864ef.jpg,True
374,374,374,374,/content/dataset/shared_dataset_seed9517/images/test/374/a7a9fcfb-136e-4cf4-a785-183accb87b50.jpg,True
374,458,374,458,/content/dataset/shared_dataset_seed9517/images/test/374/c5e4e042-1a38-4d6f-8777-a666f617398f.jpg,False
374,374,374,374,/content/dataset/shared_dataset_seed9517/images/test/374/c7c19e88-00db-4df1-b164-a36807bdb40d.jpg,True
374,374,374,374,/content/dataset/shared_dataset_seed9517/images/test/374/cd5f2833-f362-45ce-9ef2-a81f422d40f2.jpg,True
375,293,375,293,/content/dataset/shared_dataset_seed9517/images/test/375/05e26e6c-2c39-47db-9692-29bb28a7aaa1.jpg,False
375,375,375,375,/content/dataset/shared_dataset_seed9517/images/test/375/2833b480-f137-4d22-a6b9-272737db6ce7.jpg,True
375,375,375,375,/content/dataset/shared_dataset_seed9517/images/test/375/28476c36-a013-48d0-9158-bee37c2c699d.jpg,True
375,375,375,375,/content/dataset/shared_dataset_seed9517/images/test/375/297b7850-facd-4f33-b172-39a1f3d95eca.jpg,True
375,405,375,405,/content/dataset/shared_dataset_seed9517/images/test/375/4af65d11-d81c-4aa2-b650-9c46b42a0b72.jpg,False
375,375,375,375,/content/dataset/shared_dataset_seed9517/images/test/375/8a6871b4-cbf8-4b7f-b19f-0c8d69e39e3b.jpg,True
375,375,375,375,/content/dataset/shared_dataset_seed9517/images/test/375/b790772b-9488-4ec9-b70a-cdbb106a6342.jpg,True
375,473,375,473,/content/dataset/shared_dataset_seed9517/images/test/375/cc1d599c-96d0-4711-b3f8-3c448bef23a6.jpg,False
375,375,375,375,/content/dataset/shared_dataset_seed9517/images/test/375/e2c30089-31d5-4ad7-a7c1-0b3ad5b69d7c.jpg,True
375,339,375,339,/content/dataset/shared_dataset_seed9517/images/test/375/e7b0f2c8-45cd-4aa1-8b41-daa15c3f1ee3.jpg,False
376,376,376,376,/content/dataset/shared_dataset_seed9517/images/test/376/1b6e92dc-f8c9-449e-90dd-886062ddd6de.jpg,True
376,376,376,376,/content/dataset/shared_dataset_seed9517/images/test/376/54bab002-3b8b-4f27-a771-80ffa8cdc702.jpg,True
376,376,376,376,/content/dataset/shared_dataset_seed9517/images/test/376/57bb4125-f47a-4b5a-b014-0c9024bee811.jpg,True
376,453,376,453,/content/dataset/shared_dataset_seed9517/images/test/376/5a51e87b-5689-48cb-a920-8004eb387317.jpg,False
376,376,376,376,/content/dataset/shared_dataset_seed9517/images/test/376/7bc7162f-d5b9-4911-bbf1-d56d3f76fee0.jpg,True
376,376,376,376,/content/dataset/shared_dataset_seed9517/images/test/376/851b4ff8-fcbf-4773-a5a0-a9ad3a270248.jpg,True
376,376,376,376,/content/dataset/shared_dataset_seed9517/images/test/376/a83e8533-870d-4c3e-b956-7a82fcf7af00.jpg,True
376,448,376,448,/content/dataset/shared_dataset_seed9517/images/test/376/b738cac0-5740-4ce2-b180-77732c911c4d.jpg,False
376,376,376,376,/content/dataset/shared_dataset_seed9517/images/test/376/e53c0480-e4f2-47af-88d0-5cb575a85e85.jpg,True
376,376,376,376,/content/dataset/shared_dataset_seed9517/images/test/376/e65f6864-b9a7-4bbf-80e2-9574c89e2f0d.jpg,True
377,377,377,377,/content/dataset/shared_dataset_seed9517/images/test/377/1befa1c0-863c-4d5e-8e04-ce4b882c4c1f.jpg,True
377,377,377,377,/content/dataset/shared_dataset_seed9517/images/test/377/26894f59-f012-4925-bad5-91b31ab86d2d.jpg,True
377,377,377,377,/content/dataset/shared_dataset_seed9517/images/test/377/2d04026c-0a1c-45e6-ad5d-778edd012c44.jpg,True
377,377,377,377,/content/dataset/shared_dataset_seed9517/images/test/377/538c4504-7b6a-43f2-80de-26aebfcd5bde.jpg,True
377,368,377,368,/content/dataset/shared_dataset_seed9517/images/test/377/6368a257-7ff7-4129-a9de-33c0f2d07b0c.jpg,False
377,198,377,198,/content/dataset/shared_dataset_seed9517/images/test/377/ac5a56a8-a10e-422d-8bcf-940152ba5d6e.jpg,False
377,377,377,377,/content/dataset/shared_dataset_seed9517/images/test/377/b1c7d063-b6d7-44c8-bcad-cc75a130bbd5.jpg,True
377,377,377,377,/content/dataset/shared_dataset_seed9517/images/test/377/b95f7234-58c1-45af-a633-757462256fda.jpg,True
377,335,377,335,/content/dataset/shared_dataset_seed9517/images/test/377/cea6479e-9ba4-4a57-9679-a01be326c0ac.jpg,False
377,377,377,377,/content/dataset/shared_dataset_seed9517/images/test/377/e444c53f-540a-4003-8b75-79b32d28e07b.jpg,True
378,402,378,402,/content/dataset/shared_dataset_seed9517/images/test/378/1996fee6-bb5f-4985-9f9b-51e5f475bd69.jpg,False
378,378,378,378,/content/dataset/shared_dataset_seed9517/images/test/378/38441757-3d34-4a31-ad56-47ebb258d547.jpg,True
378,366,378,366,/content/dataset/shared_dataset_seed9517/images/test/378/4a38f221-08a3-47f5-b913-ac23fa2c289f.jpg,False
378,460,378,460,/content/dataset/shared_dataset_seed9517/images/test/378/4fbe413f-f4c5-4cac-9c06-7ab323817b1e.jpg,False
378,378,378,378,/content/dataset/shared_dataset_seed9517/images/test/378/53f8cd23-0dae-4c4d-b84b-2da390704c1e.jpg,True
378,378,378,378,/content/dataset/shared_dataset_seed9517/images/test/378/5e77adb8-74dc-4e5b-8b0e-283cc93ba711.jpg,True
378,378,378,378,/content/dataset/shared_dataset_seed9517/images/test/378/6853fc54-1a2d-4e89-a71c-d6a2e29f5384.jpg,True
378,378,378,378,/content/dataset/shared_dataset_seed9517/images/test/378/70e363a2-87e6-4295-ab6f-48a7baaa255e.jpg,True
378,378,378,378,/content/dataset/shared_dataset_seed9517/images/test/378/c1269c0e-af53-40c4-8df3-f6214cd86ec4.jpg,True
378,378,378,378,/content/dataset/shared_dataset_seed9517/images/test/378/c94ba0fe-d3ba-4cef-953e-da9ec895bc4d.jpg,True
379,379,379,379,/content/dataset/shared_dataset_seed9517/images/test/379/134156dc-5bdb-48d1-b07b-dfcdba244343.jpg,True
379,379,379,379,/content/dataset/shared_dataset_seed9517/images/test/379/288cb539-77b2-4779-ab43-924ea7780f42.jpg,True
379,379,379,379,/content/dataset/shared_dataset_seed9517/images/test/379/407dee5e-7703-436b-a38d-a0a4a5f57d9e.jpg,True
379,379,379,379,/content/dataset/shared_dataset_seed9517/images/test/379/519d80c5-fde3-4196-b0f8-695e3cec7264.jpg,True
379,379,379,379,/content/dataset/shared_dataset_seed9517/images/test/379/7eb06584-89e5-4fa9-bc11-41a56b2b7a7f.jpg,True
379,379,379,379,/content/dataset/shared_dataset_seed9517/images/test/379/a229d632-d21f-46e7-aea7-d36b95b48355.jpg,True
379,379,379,379,/content/dataset/shared_dataset_seed9517/images/test/379/f3556b10-96ca-4c90-986d-58571ae8b756.jpg,True
379,379,379,379,/content/dataset/shared_dataset_seed9517/images/test/379/f98bff8c-5464-4d96-a422-06205c9dac08.jpg,True
379,379,379,379,/content/dataset/shared_dataset_seed9517/images/test/379/fa15a495-1d98-4d16-bda2-6c47b536fd84.jpg,True
379,465,379,465,/content/dataset/shared_dataset_seed9517/images/test/379/fff3f24b-4ac1-4b60-9b03-5faa11e70166.jpg,False
380,380,380,380,/content/dataset/shared_dataset_seed9517/images/test/380/09db8217-5c4f-4b0d-be46-05c6030c066e.jpg,True
380,474,380,474,/content/dataset/shared_dataset_seed9517/images/test/380/260d9dd9-25eb-4c00-a968-37687f3feed6.jpg,False
380,380,380,380,/content/dataset/shared_dataset_seed9517/images/test/380/434398d8-5af1-4f40-b237-36d7175cd911.jpg,True
380,380,380,380,/content/dataset/shared_dataset_seed9517/images/test/380/46885019-4032-4b04-b743-7039163e2172.jpg,True
380,380,380,380,/content/dataset/shared_dataset_seed9517/images/test/380/46bd6cea-fe04-4a16-805c-e13191d840cf.jpg,True
380,380,380,380,/content/dataset/shared_dataset_seed9517/images/test/380/4b056db7-b8da-49ef-8176-17af09f54c90.jpg,True
380,489,380,489,/content/dataset/shared_dataset_seed9517/images/test/380/61ec71ec-f898-4838-ac08-bcdcc42a8bdf.jpg,False
380,380,380,380,/content/dataset/shared_dataset_seed9517/images/test/380/7995dcfb-808c-4ecd-b622-9d8bd2e2738f.jpg,True
380,380,380,380,/content/dataset/shared_dataset_seed9517/images/test/380/82d8cc8b-55e1-4166-8070-b4794ec33772.jpg,True
380,197,380,197,/content/dataset/shared_dataset_seed9517/images/test/380/ea71bbe3-5e2a-4afb-af24-91657570cf04.jpg,False
381,281,381,281,/content/dataset/shared_dataset_seed9517/images/test/381/3c1f7c91-445a-477b-a0da-a1b70ba9fe73.jpg,False
381,279,381,279,/content/dataset/shared_dataset_seed9517/images/test/381/4b2a866a-9620-4c15-998e-e572c96c84cb.jpg,False
381,381,381,381,/content/dataset/shared_dataset_seed9517/images/test/381/50265fe7-68f0-43f9-adf5-31ccd7d8294a.jpg,True
381,381,381,381,/content/dataset/shared_dataset_seed9517/images/test/381/54c20a50-d12b-4215-92ad-9eac99dc5708.jpg,True
381,381,381,381,/content/dataset/shared_dataset_seed9517/images/test/381/58263304-a58a-423b-9d9f-ed030d22f07a.jpg,True
381,381,381,381,/content/dataset/shared_dataset_seed9517/images/test/381/836cc161-60e2-4aa0-bae1-304610a339e1.jpg,True
381,333,381,333,/content/dataset/shared_dataset_seed9517/images/test/381/972b6600-5561-429a-84ca-0bc6faa2426c.jpg,False
381,333,381,333,/content/dataset/shared_dataset_seed9517/images/test/381/97444ce2-1c59-4652-884a-4f7ad85c3a11.jpg,False
381,416,381,416,/content/dataset/shared_dataset_seed9517/images/test/381/a671f929-f4e5-4146-9622-7756f40f5202.jpg,False
381,381,381,381,/content/dataset/shared_dataset_seed9517/images/test/381/fb4bb0a8-e6ed-4826-80ab-ac2a514f5115.jpg,True
382,382,382,382,/content/dataset/shared_dataset_seed9517/images/test/382/14cebec7-d76a-4b4c-8bf4-1096a5110947.jpg,True
382,382,382,382,/content/dataset/shared_dataset_seed9517/images/test/382/22f2de77-7610-4629-a1ef-b3f799efa982.jpg,True
382,382,382,382,/content/dataset/shared_dataset_seed9517/images/test/382/477ea963-32ef-41bb-8250-059497d40a1a.jpg,True
382,382,382,382,/content/dataset/shared_dataset_seed9517/images/test/382/57524ec6-23d5-4832-b703-e0e3987f02aa.jpg,True
382,382,382,382,/content/dataset/shared_dataset_seed9517/images/test/382/639183f4-7758-4d46-8918-f31ff88d9f25.jpg,True
382,382,382,382,/content/dataset/shared_dataset_seed9517/images/test/382/79967387-544e-440a-81cf-1bc5619f557d.jpg,True
382,382,382,382,/content/dataset/shared_dataset_seed9517/images/test/382/d6b3b576-231e-4da3-8b6c-f38a943f5118.jpg,True
382,382,382,382,/content/dataset/shared_dataset_seed9517/images/test/382/e1080d74-cc8e-46de-b1f4-fad0c20b4a96.jpg,True
382,382,382,382,/content/dataset/shared_dataset_seed9517/images/test/382/e23ef941-b535-4c67-a037-40ee28c6e4a9.jpg,True
382,382,382,382,/content/dataset/shared_dataset_seed9517/images/test/382/f1244d21-bd15-43ce-88d1-9d3c87934acb.jpg,True
383,284,383,284,/content/dataset/shared_dataset_seed9517/images/test/383/03a45bf4-afe9-482e-b503-5c0a65c3e3b2.jpg,False
383,449,383,449,/content/dataset/shared_dataset_seed9517/images/test/383/0c805245-dcce-43a6-857a-a504e7cec17e.jpg,False
383,237,383,237,/content/dataset/shared_dataset_seed9517/images/test/383/5f9061b6-85fb-4b52-94f9-f09b1cfa0327.jpg,False
383,297,383,297,/content/dataset/shared_dataset_seed9517/images/test/383/64a22b2a-6eec-46e9-b915-ad3228fe75a7.jpg,False
383,279,383,279,/content/dataset/shared_dataset_seed9517/images/test/383/6d8f7118-68ae-4f9d-9fa5-9da369b3405f.jpg,False
383,308,383,308,/content/dataset/shared_dataset_seed9517/images/test/383/71021122-334d-4922-b14a-363fd6399b30.jpg,False
383,2,383,2,/content/dataset/shared_dataset_seed9517/images/test/383/762cadf3-3a8d-4d09-9212-4066ea943ea8.jpg,False
383,449,383,449,/content/dataset/shared_dataset_seed9517/images/test/383/7a07e87f-8aab-46f0-9e3a-fba3ee678fc1.jpg,False
383,383,383,383,/content/dataset/shared_dataset_seed9517/images/test/383/a9cc6650-d859-4015-a1b6-ad45d4d0c90c.jpg,True
383,214,383,214,/content/dataset/shared_dataset_seed9517/images/test/383/e0ce3d6c-aae9-43e3-9e72-53ded500dbe3.jpg,False
384,384,384,384,/content/dataset/shared_dataset_seed9517/images/test/384/0f8dd272-dfeb-4ca4-9779-10b000e93b39.jpg,True
384,384,384,384,/content/dataset/shared_dataset_seed9517/images/test/384/1f3c6ca0-1714-4b64-b520-b39ed2ed5c62.jpg,True
384,384,384,384,/content/dataset/shared_dataset_seed9517/images/test/384/4b3da6e9-2047-40cd-b475-4bc425699715.jpg,True
384,384,384,384,/content/dataset/shared_dataset_seed9517/images/test/384/5d2cdc81-4c0f-451f-ae1b-223caafbfa01.jpg,True
384,384,384,384,/content/dataset/shared_dataset_seed9517/images/test/384/6a43b026-311c-4878-9447-fb504babf83b.jpg,True
384,384,384,384,/content/dataset/shared_dataset_seed9517/images/test/384/7ccf6ddd-0bf8-47ff-adff-a9c266d4efed.jpg,True
384,384,384,384,/content/dataset/shared_dataset_seed9517/images/test/384/819a8b0b-532c-49bd-871b-aca9302f9384.jpg,True
384,384,384,384,/content/dataset/shared_dataset_seed9517/images/test/384/8aa46e27-2574-4038-a0e2-3465e674d589.jpg,True
384,384,384,384,/content/dataset/shared_dataset_seed9517/images/test/384/b62203e5-b26f-4d83-8d7f-e0acdfc2b0bb.jpg,True
384,384,384,384,/content/dataset/shared_dataset_seed9517/images/test/384/e6ad61f2-017d-473e-99ab-4a69aed6cdaa.jpg,True
385,348,385,348,/content/dataset/shared_dataset_seed9517/images/test/385/5dd5cc40-382e-4510-a542-b75edecfe99f.jpg,False
385,479,385,479,/content/dataset/shared_dataset_seed9517/images/test/385/6065165e-f616-463c-842f-47be0f090a30.jpg,False
385,385,385,385,/content/dataset/shared_dataset_seed9517/images/test/385/7311e9a9-62bf-40d6-a575-dda6aaa00134.jpg,True
385,385,385,385,/content/dataset/shared_dataset_seed9517/images/test/385/74a44490-9974-4172-b6e9-a665bf52b5a0.jpg,True
385,407,385,407,/content/dataset/shared_dataset_seed9517/images/test/385/7ce61de9-46be-4640-aaf3-5e34f0e812b6.jpg,False
385,385,385,385,/content/dataset/shared_dataset_seed9517/images/test/385/98faaecf-211c-4985-b0c2-b966adeb1909.jpg,True
385,385,385,385,/content/dataset/shared_dataset_seed9517/images/test/385/a4eecf92-0224-4a9c-b6cf-bf8a8b6e5128.jpg,True
385,379,385,379,/content/dataset/shared_dataset_seed9517/images/test/385/c7c3f330-21ab-4f05-9367-f53a964868d7.jpg,False
385,348,385,348,/content/dataset/shared_dataset_seed9517/images/test/385/eab69d57-6a31-4718-b852-4c21ed5005e5.jpg,False
385,407,385,407,/content/dataset/shared_dataset_seed9517/images/test/385/ed588320-5d4a-4389-9159-d6b3bbba4806.jpg,False
386,386,386,386,/content/dataset/shared_dataset_seed9517/images/test/386/1e2f693e-747f-4dce-a5b2-ca89fe94849b.jpg,True
386,386,386,386,/content/dataset/shared_dataset_seed9517/images/test/386/289b4761-5f48-4bab-8849-999ca197029f.jpg,True
386,386,386,386,/content/dataset/shared_dataset_seed9517/images/test/386/49daa693-c916-4449-945e-279342ba3a69.jpg,True
386,478,386,478,/content/dataset/shared_dataset_seed9517/images/test/386/5e81aed6-d03f-49fd-a8bf-3230d45ad6c2.jpg,False
386,386,386,386,/content/dataset/shared_dataset_seed9517/images/test/386/6d411116-2a45-48a8-ad4e-02f245c2decf.jpg,True
386,386,386,386,/content/dataset/shared_dataset_seed9517/images/test/386/76954b42-da52-4882-b226-e601a9b3fa94.jpg,True
386,386,386,386,/content/dataset/shared_dataset_seed9517/images/test/386/8baf65cc-3c3e-413c-a547-52d5cf8861ed.jpg,True
386,386,386,386,/content/dataset/shared_dataset_seed9517/images/test/386/cfde5475-b266-4cb7-9341-b685ec9431c3.jpg,True
386,386,386,386,/content/dataset/shared_dataset_seed9517/images/test/386/dee59aca-ad94-4e60-87de-a784d401826a.jpg,True
386,386,386,386,/content/dataset/shared_dataset_seed9517/images/test/386/fb3a3204-5cd2-4b2c-89e5-f97caa45ce35.jpg,True
387,387,387,387,/content/dataset/shared_dataset_seed9517/images/test/387/118a902b-39bc-4549-9246-3f6a81203af9.jpg,True
387,387,387,387,/content/dataset/shared_dataset_seed9517/images/test/387/94fe6533-8ffb-49a4-8778-04eda11038e5.jpg,True
387,284,387,284,/content/dataset/shared_dataset_seed9517/images/test/387/a3f8d329-9eca-43fd-be06-5082675198b4.jpg,False
387,387,387,387,/content/dataset/shared_dataset_seed9517/images/test/387/bb73b1bd-cc37-4691-90a4-684cd8c685d4.jpg,True
387,387,387,387,/content/dataset/shared_dataset_seed9517/images/test/387/be22d786-61b8-4fea-a427-356b78502f83.jpg,True
387,387,387,387,/content/dataset/shared_dataset_seed9517/images/test/387/d20b8e86-3383-4f92-bf6d-e3a5e0053784.jpg,True
387,283,387,283,/content/dataset/shared_dataset_seed9517/images/test/387/d9ab1141-e878-4359-9674-0c1018d236fd.jpg,False
387,382,387,382,/content/dataset/shared_dataset_seed9517/images/test/387/e656a22f-d0f4-414f-8c7c-510763f1141b.jpg,False
387,465,387,465,/content/dataset/shared_dataset_seed9517/images/test/387/ef77331a-b6dd-4fcc-911f-93ff78967e73.jpg,False
387,405,387,405,/content/dataset/shared_dataset_seed9517/images/test/387/f15aa337-cc75-4ec2-b1ef-f83c88e3f761.jpg,False
388,388,388,388,/content/dataset/shared_dataset_seed9517/images/test/388/2b735e7f-ac7d-418c-b931-860e8dd15822.jpg,True
388,388,388,388,/content/dataset/shared_dataset_seed9517/images/test/388/3c258356-203a-446a-a889-439506a302b4.jpg,True
388,379,388,379,/content/dataset/shared_dataset_seed9517/images/test/388/614ce9b6-321a-447a-a8ef-193cceba27a9.jpg,False
388,388,388,388,/content/dataset/shared_dataset_seed9517/images/test/388/6898fcd4-f394-47da-891e-f2720e701706.jpg,True
388,477,388,477,/content/dataset/shared_dataset_seed9517/images/test/388/7b03619f-89d8-4164-ad1e-f98edb7abf3f.jpg,False
388,388,388,388,/content/dataset/shared_dataset_seed9517/images/test/388/90a62793-4a14-49a4-80c7-a047d9cdbf8f.jpg,True
388,388,388,388,/content/dataset/shared_dataset_seed9517/images/test/388/c6d0ee11-b34a-4424-b0eb-4848a2b4e2e3.jpg,True
388,353,388,353,/content/dataset/shared_dataset_seed9517/images/test/388/d4d0eaac-b73b-4396-8018-ef339fd5f36e.jpg,False
388,388,388,388,/content/dataset/shared_dataset_seed9517/images/test/388/dc38423a-c47d-4879-8254-b5d7a9e5ee57.jpg,True
388,388,388,388,/content/dataset/shared_dataset_seed9517/images/test/388/fa6030ec-02e2-41e0-a084-7ee91250c484.jpg,True
389,389,389,389,/content/dataset/shared_dataset_seed9517/images/test/389/1c02ab27-22d2-42fb-b3d0-81dc0215816c.jpg,True
389,389,389,389,/content/dataset/shared_dataset_seed9517/images/test/389/3489da60-63b8-47b9-a64e-a2ef235c0fa6.jpg,True
389,389,389,389,/content/dataset/shared_dataset_seed9517/images/test/389/3cfcf9cb-0a89-47c3-a4c3-7d57e09487ab.jpg,True
389,454,389,454,/content/dataset/shared_dataset_seed9517/images/test/389/3fff0f90-e988-433f-8184-ae471b545970.jpg,False
389,389,389,389,/content/dataset/shared_dataset_seed9517/images/test/389/4258d030-ad43-44a6-a863-82bfeb69da3e.jpg,True
389,389,389,389,/content/dataset/shared_dataset_seed9517/images/test/389/549a7567-a990-47c8-8f16-284ecefc89f5.jpg,True
389,389,389,389,/content/dataset/shared_dataset_seed9517/images/test/389/6d23e5bb-4c49-4178-854d-acf37292c088.jpg,True
389,389,389,389,/content/dataset/shared_dataset_seed9517/images/test/389/91464794-21d2-4e56-b952-84cc6bbc0e90.jpg,True
389,389,389,389,/content/dataset/shared_dataset_seed9517/images/test/389/bdabc647-6ed9-4df1-97ee-ef1681483813.jpg,True
389,389,389,389,/content/dataset/shared_dataset_seed9517/images/test/389/f0e27a69-581a-4482-b701-189ad00b6c45.jpg,True
390,390,390,390,/content/dataset/shared_dataset_seed9517/images/test/390/030cd4c5-ceb2-437f-a7ed-7312a33de07e.jpg,True
390,427,390,427,/content/dataset/shared_dataset_seed9517/images/test/390/129d4f3c-d7c7-442a-876f-3214f31538e0.jpg,False
390,390,390,390,/content/dataset/shared_dataset_seed9517/images/test/390/422d3b92-68b6-499b-b34e-6bc4c11f2568.jpg,True
390,390,390,390,/content/dataset/shared_dataset_seed9517/images/test/390/5253eb91-fff1-4fb1-96d4-261701f96ef8.jpg,True
390,390,390,390,/content/dataset/shared_dataset_seed9517/images/test/390/6b5a8a1d-6983-47dc-9005-beb2ca816cf6.jpg,True
390,390,390,390,/content/dataset/shared_dataset_seed9517/images/test/390/850084b6-2716-4182-8afd-a0588572fcbb.jpg,True
390,357,390,357,/content/dataset/shared_dataset_seed9517/images/test/390/8f26a4c2-47ae-406f-988b-96c2473423f0.jpg,False
390,289,390,289,/content/dataset/shared_dataset_seed9517/images/test/390/a0bb2512-d74e-43d3-9a49-9ac4c300a776.jpg,False
390,390,390,390,/content/dataset/shared_dataset_seed9517/images/test/390/d70939e6-7192-40cd-9b51-d3d2d199b481.jpg,True
390,390,390,390,/content/dataset/shared_dataset_seed9517/images/test/390/e31e5f57-68f6-43b8-9d20-0561d038d30a.jpg,True
391,390,391,390,/content/dataset/shared_dataset_seed9517/images/test/391/007bad37-ee83-4965-b72e-bb8a4c9289b5.jpg,False
391,391,391,391,/content/dataset/shared_dataset_seed9517/images/test/391/1cdf778b-9956-418c-a6ab-7c433e8d3d1c.jpg,True
391,391,391,391,/content/dataset/shared_dataset_seed9517/images/test/391/4291f5eb-ea89-405a-8471-29e909ed0227.jpg,True
391,391,391,391,/content/dataset/shared_dataset_seed9517/images/test/391/6b241a44-e9b8-4f26-96d3-69ad8dfcf558.jpg,True
391,391,391,391,/content/dataset/shared_dataset_seed9517/images/test/391/7fa1d96a-e76a-40ba-ad88-5291c030bc73.jpg,True
391,391,391,391,/content/dataset/shared_dataset_seed9517/images/test/391/813fc712-3a30-4860-b637-fef489aba645.jpg,True
391,391,391,391,/content/dataset/shared_dataset_seed9517/images/test/391/92fefa9e-f4e2-4ae6-86f7-9a97ce28f56c.jpg,True
391,391,391,391,/content/dataset/shared_dataset_seed9517/images/test/391/c448526e-c48a-4c2c-8ffc-775e3b712dc1.jpg,True
391,391,391,391,/content/dataset/shared_dataset_seed9517/images/test/391/d4972140-a62f-41c4-aabe-6c2c5c243e2b.jpg,True
391,391,391,391,/content/dataset/shared_dataset_seed9517/images/test/391/eb593fb3-81b1-49eb-8e84-3bea19b04c08.jpg,True
392,313,392,313,/content/dataset/shared_dataset_seed9517/images/test/392/25d6bda0-bc47-4280-aba8-ce52b3471558.jpg,False
392,392,392,392,/content/dataset/shared_dataset_seed9517/images/test/392/50da1405-f2ce-4f33-87c7-df438ca62fcb.jpg,True
392,119,392,119,/content/dataset/shared_dataset_seed9517/images/test/392/5b9d2b57-3c54-4c26-a71f-dc72568442f4.jpg,False
392,392,392,392,/content/dataset/shared_dataset_seed9517/images/test/392/5c4a984c-3940-401d-8d36-ba7f3097c8bd.jpg,True
392,370,392,370,/content/dataset/shared_dataset_seed9517/images/test/392/69b0c032-9ba4-493d-aed5-c230f7356d21.jpg,False
392,392,392,392,/content/dataset/shared_dataset_seed9517/images/test/392/7c03d44a-435a-4f76-b865-be4621060e08.jpg,True
392,465,392,465,/content/dataset/shared_dataset_seed9517/images/test/392/7c65619c-ab5c-4977-a460-c46cea6c6ac3.jpg,False
392,348,392,348,/content/dataset/shared_dataset_seed9517/images/test/392/84d884cf-c997-4904-979a-905ae1797b52.jpg,False
392,392,392,392,/content/dataset/shared_dataset_seed9517/images/test/392/8ee2feb1-b6af-4a80-8b73-4a13ff64b5e3.jpg,True
392,392,392,392,/content/dataset/shared_dataset_seed9517/images/test/392/cc51f25b-be2e-4096-a935-f46d1f2f551d.jpg,True
393,403,393,403,/content/dataset/shared_dataset_seed9517/images/test/393/00d9944f-3c5a-4a40-9751-ad44ff55188f.jpg,False
393,393,393,393,/content/dataset/shared_dataset_seed9517/images/test/393/2f82d418-987a-4fd4-9e54-a5f9c59cce5d.jpg,True
393,283,393,283,/content/dataset/shared_dataset_seed9517/images/test/393/3297c3f7-47e1-4944-8e43-72287e014fe3.jpg,False
393,403,393,403,/content/dataset/shared_dataset_seed9517/images/test/393/52fd2ec4-c45d-4302-b3bc-19c7777f20b4.jpg,False
393,403,393,403,/content/dataset/shared_dataset_seed9517/images/test/393/5ebb8e9a-e1c3-43fc-822f-49a60b82d74b.jpg,False
393,393,393,393,/content/dataset/shared_dataset_seed9517/images/test/393/c88d143f-261c-4fc6-ada9-555234255adc.jpg,True
393,393,393,393,/content/dataset/shared_dataset_seed9517/images/test/393/cd156a97-c531-460b-ad30-9bca0c297151.jpg,True
393,393,393,393,/content/dataset/shared_dataset_seed9517/images/test/393/cd439158-3d92-4137-9ca8-4d1f1e4226f4.jpg,True
393,393,393,393,/content/dataset/shared_dataset_seed9517/images/test/393/eeef96e1-1c03-454a-95c3-bb22db249666.jpg,True
393,403,393,403,/content/dataset/shared_dataset_seed9517/images/test/393/f440f4b9-38a4-4cd9-9a06-dd7558d953fa.jpg,False
394,394,394,394,/content/dataset/shared_dataset_seed9517/images/test/394/0bb309c9-ccf4-4118-b9d4-a7b03a51c0b6.jpg,True
394,464,394,464,/content/dataset/shared_dataset_seed9517/images/test/394/0eedfe16-874d-4b70-84b8-346bfcb149a7.jpg,False
394,394,394,394,/content/dataset/shared_dataset_seed9517/images/test/394/53a40200-be9e-4b3f-9e18-581e2ed9e2e2.jpg,True
394,394,394,394,/content/dataset/shared_dataset_seed9517/images/test/394/5bc615aa-0179-4ae0-987a-717a2c62b03d.jpg,True
394,394,394,394,/content/dataset/shared_dataset_seed9517/images/test/394/690518bd-4722-4973-b874-722fe903f0a2.jpg,True
394,394,394,394,/content/dataset/shared_dataset_seed9517/images/test/394/6979fa64-116b-46e5-ae75-4fdfdf5f40c3.jpg,True
394,464,394,464,/content/dataset/shared_dataset_seed9517/images/test/394/83fe7499-eef6-4c3b-bd40-05cf7c512bb3.jpg,False
394,394,394,394,/content/dataset/shared_dataset_seed9517/images/test/394/907c3438-1c73-4f99-a045-dc1a4deafe72.jpg,True
394,404,394,404,/content/dataset/shared_dataset_seed9517/images/test/394/a5b778fc-fa00-4a2f-bd74-c8502d1d8f94.jpg,False
394,394,394,394,/content/dataset/shared_dataset_seed9517/images/test/394/fb679a06-b6cd-4166-b7ee-aacb47df3f02.jpg,True
395,442,395,442,/content/dataset/shared_dataset_seed9517/images/test/395/27b03208-0042-4a10-ad68-93a5be094e21.jpg,False
395,281,395,281,/content/dataset/shared_dataset_seed9517/images/test/395/377292c4-636a-468a-91e9-1bbc87885954.jpg,False
395,5,395,5,/content/dataset/shared_dataset_seed9517/images/test/395/466c9c54-3095-46ab-8998-46dd50833a41.jpg,False
395,395,395,395,/content/dataset/shared_dataset_seed9517/images/test/395/67e33fdb-18ab-4098-8a39-1f52345c20cc.jpg,True
395,406,395,406,/content/dataset/shared_dataset_seed9517/images/test/395/8095472f-a515-41d6-beff-82eadc5de9c1.jpg,False
395,383,395,383,/content/dataset/shared_dataset_seed9517/images/test/395/90f4d2e5-ddb1-44f3-a0ae-078962ae93be.jpg,False
395,458,395,458,/content/dataset/shared_dataset_seed9517/images/test/395/b0f4d5bd-897a-4fb6-9285-ae14e6df1e62.jpg,False
395,194,395,194,/content/dataset/shared_dataset_seed9517/images/test/395/bf988c4f-0a3c-4838-a3f5-983b543f261e.jpg,False
395,285,395,285,/content/dataset/shared_dataset_seed9517/images/test/395/dc3c72f9-2f2c-4ff8-b9f9-7fe76488a30e.jpg,False
395,284,395,284,/content/dataset/shared_dataset_seed9517/images/test/395/e444a429-a064-4aef-ad59-7c67910bf5f4.jpg,False
396,396,396,396,/content/dataset/shared_dataset_seed9517/images/test/396/0db0b354-6d2d-479f-a58e-39fd07b26ca6.jpg,True
396,306,396,306,/content/dataset/shared_dataset_seed9517/images/test/396/122b5417-f322-4804-bebf-a99a6a71e7dc.jpg,False
396,396,396,396,/content/dataset/shared_dataset_seed9517/images/test/396/728ef5ce-07fc-4277-8746-9d98e7072542.jpg,True
396,325,396,325,/content/dataset/shared_dataset_seed9517/images/test/396/a804d960-7198-4e39-a62e-ce4348c8ca6e.jpg,False
396,396,396,396,/content/dataset/shared_dataset_seed9517/images/test/396/aaa290e7-df38-4cb9-a128-71f60461c15e.jpg,True
396,396,396,396,/content/dataset/shared_dataset_seed9517/images/test/396/bfb37f5d-3f45-45df-868c-d71e9f00bc58.jpg,True
396,396,396,396,/content/dataset/shared_dataset_seed9517/images/test/396/e63a7b51-ed7e-483f-a87b-8acb8ccffa33.jpg,True
396,396,396,396,/content/dataset/shared_dataset_seed9517/images/test/396/f0f409b6-f0db-4afb-8610-10eee87322ae.jpg,True
396,396,396,396,/content/dataset/shared_dataset_seed9517/images/test/396/f8bbffbe-83e5-483e-ae2d-7230c0d37580.jpg,True
396,396,396,396,/content/dataset/shared_dataset_seed9517/images/test/396/fab5e13c-a117-4246-950c-5ce1dd921cfe.jpg,True
397,397,397,397,/content/dataset/shared_dataset_seed9517/images/test/397/06521c03-2764-41f6-948b-cbc76b0255c8.jpg,True
397,397,397,397,/content/dataset/shared_dataset_seed9517/images/test/397/138afed4-b432-48f6-956b-d3165d310dcf.jpg,True
397,479,397,479,/content/dataset/shared_dataset_seed9517/images/test/397/289cce2d-16e5-4e18-bb42-2a9d58e7a00a.jpg,False
397,397,397,397,/content/dataset/shared_dataset_seed9517/images/test/397/397fb294-18a8-48cb-a977-fc5c0a16e148.jpg,True
397,397,397,397,/content/dataset/shared_dataset_seed9517/images/test/397/48a45191-1b51-4955-9799-7eaed308ffc3.jpg,True
397,397,397,397,/content/dataset/shared_dataset_seed9517/images/test/397/58a2ad61-72c0-4e21-b935-126e3617c2f2.jpg,True
397,397,397,397,/content/dataset/shared_dataset_seed9517/images/test/397/87a99869-ed6a-4b9a-a1b9-52c5047f7338.jpg,True
397,397,397,397,/content/dataset/shared_dataset_seed9517/images/test/397/a59d3089-5079-4eaf-84d3-af91cd46272d.jpg,True
397,397,397,397,/content/dataset/shared_dataset_seed9517/images/test/397/db9cabb5-d761-4db2-b2ac-ff099eee7576.jpg,True
397,397,397,397,/content/dataset/shared_dataset_seed9517/images/test/397/e6a43ad6-3130-45c7-a88e-368bd2dafbb4.jpg,True
398,377,398,377,/content/dataset/shared_dataset_seed9517/images/test/398/0ffb3eba-0d75-4fbe-be43-6b8e95a291db.jpg,False
398,496,398,496,/content/dataset/shared_dataset_seed9517/images/test/398/261dcf99-c5aa-40aa-9c44-4bf3af8ebe89.jpg,False
398,332,398,332,/content/dataset/shared_dataset_seed9517/images/test/398/3111667a-5c9e-4ff3-981c-7d1d57928a68.jpg,False
398,405,398,405,/content/dataset/shared_dataset_seed9517/images/test/398/4f780c45-e3ff-448b-bb44-2c379b5e2ab1.jpg,False
398,441,398,441,/content/dataset/shared_dataset_seed9517/images/test/398/5b489038-bc7b-4f30-a890-51b073cac5b7.jpg,False
398,398,398,398,/content/dataset/shared_dataset_seed9517/images/test/398/6b5dc040-ce4f-47dc-9493-4527a12b2bf2.jpg,True
398,398,398,398,/content/dataset/shared_dataset_seed9517/images/test/398/a0d44c50-d97b-432c-963c-fc5228b260ed.jpg,True
398,489,398,489,/content/dataset/shared_dataset_seed9517/images/test/398/acafcbbc-3688-478c-af4a-27f1668350cb.jpg,False
398,427,398,427,/content/dataset/shared_dataset_seed9517/images/test/398/c9b30b22-da26-4ebc-9002-6284066db1a1.jpg,False
398,128,398,128,/content/dataset/shared_dataset_seed9517/images/test/398/dc5f451e-9138-49ce-80bb-d6a0ecd97b99.jpg,False
399,399,399,399,/content/dataset/shared_dataset_seed9517/images/test/399/196494ed-dc30-403e-97a3-4c0c465bfca9.jpg,True
399,399,399,399,/content/dataset/shared_dataset_seed9517/images/test/399/25836c9f-1052-41a8-a712-1413bb5b9fe1.jpg,True
399,399,399,399,/content/dataset/shared_dataset_seed9517/images/test/399/26a69971-5179-435a-92eb-0980a32ea1a7.jpg,True
399,399,399,399,/content/dataset/shared_dataset_seed9517/images/test/399/2e5e0173-75e2-40c1-b6e3-7814504d048d.jpg,True
399,399,399,399,/content/dataset/shared_dataset_seed9517/images/test/399/522dcb97-2d47-4c5b-81f7-aa45cfc1d385.jpg,True
399,399,399,399,/content/dataset/shared_dataset_seed9517/images/test/399/5dd86af8-fbdb-4923-b9d6-153ca0b779d7.jpg,True
399,334,399,334,/content/dataset/shared_dataset_seed9517/images/test/399/79464c91-844a-403e-a686-74d23955cbfd.jpg,False
399,399,399,399,/content/dataset/shared_dataset_seed9517/images/test/399/7c001bd7-8b94-4889-b9cc-c3958a25e586.jpg,True
399,399,399,399,/content/dataset/shared_dataset_seed9517/images/test/399/91b417a5-2514-4bdd-94dd-7233a874616a.jpg,True
399,399,399,399,/content/dataset/shared_dataset_seed9517/images/test/399/a77bba9a-673c-4256-bd9f-7064f5fd825b.jpg,True
400,400,400,400,/content/dataset/shared_dataset_seed9517/images/test/400/13d3ad83-ccf7-4574-883d-7dd676ef6a5d.jpg,True
400,400,400,400,/content/dataset/shared_dataset_seed9517/images/test/400/3afdbe50-339b-4973-9477-27530a2ef2bb.jpg,True
400,400,400,400,/content/dataset/shared_dataset_seed9517/images/test/400/4370c3b2-e310-497c-b34f-5632902b6e3b.jpg,True
400,400,400,400,/content/dataset/shared_dataset_seed9517/images/test/400/79e72e1d-220b-48fd-bb25-57d15b925c70.jpg,True
400,400,400,400,/content/dataset/shared_dataset_seed9517/images/test/400/7abd1d8b-9a2f-4645-9921-f05c4995c205.jpg,True
400,400,400,400,/content/dataset/shared_dataset_seed9517/images/test/400/8b437515-e777-498e-9194-d88448d7ac62.jpg,True
400,324,400,324,/content/dataset/shared_dataset_seed9517/images/test/400/8ead6368-2330-43cc-af35-c6b4c594f321.jpg,False
400,400,400,400,/content/dataset/shared_dataset_seed9517/images/test/400/931f5641-1a3e-4847-ab5d-bbfd16d31c52.jpg,True
400,292,400,292,/content/dataset/shared_dataset_seed9517/images/test/400/d2808cb7-3d3a-42a9-b9c8-bd3858aa8674.jpg,False
400,400,400,400,/content/dataset/shared_dataset_seed9517/images/test/400/d6fded0b-3f39-4de2-bb5d-3527181a99a7.jpg,True
401,401,401,401,/content/dataset/shared_dataset_seed9517/images/test/401/0f5715dc-0e16-450b-b8c4-dd3cb0705590.jpg,True
401,401,401,401,/content/dataset/shared_dataset_seed9517/images/test/401/0f5ff701-f587-4c5d-9623-d5f06cbb6e38.jpg,True
401,401,401,401,/content/dataset/shared_dataset_seed9517/images/test/401/1faba157-932f-480f-a8ed-3410cb74c04f.jpg,True
401,290,401,290,/content/dataset/shared_dataset_seed9517/images/test/401/30483f6b-c9cf-4f28-bfdf-220be9c89ef2.jpg,False
401,401,401,401,/content/dataset/shared_dataset_seed9517/images/test/401/40543c09-61e9-4f91-bbf1-5f37625479e4.jpg,True
401,401,401,401,/content/dataset/shared_dataset_seed9517/images/test/401/547c90f7-b20e-48f5-872d-02ebee216a8c.jpg,True
401,401,401,401,/content/dataset/shared_dataset_seed9517/images/test/401/a2d63f23-8ef9-4490-9758-c47942f66a21.jpg,True
401,401,401,401,/content/dataset/shared_dataset_seed9517/images/test/401/aefe78e4-f43d-4350-beaa-2f8d2bf84d92.jpg,True
401,401,401,401,/content/dataset/shared_dataset_seed9517/images/test/401/ca76ffea-d69a-4af9-8bb2-9d8dcb2723d8.jpg,True
401,401,401,401,/content/dataset/shared_dataset_seed9517/images/test/401/e2630840-3014-45a2-b6b0-ef07194f1b1d.jpg,True
402,433,402,433,/content/dataset/shared_dataset_seed9517/images/test/402/3865df95-ec70-4bf3-a205-713435dba338.jpg,False
402,43,402,43,/content/dataset/shared_dataset_seed9517/images/test/402/6a61dedd-17eb-49fb-8de0-218072042b2a.jpg,False
402,461,402,461,/content/dataset/shared_dataset_seed9517/images/test/402/8aae67fa-554c-43bc-bd90-2a317074bb55.jpg,False
402,432,402,432,/content/dataset/shared_dataset_seed9517/images/test/402/a6110853-6b37-4022-bc7a-593c1a59f8fa.jpg,False
402,250,402,250,/content/dataset/shared_dataset_seed9517/images/test/402/afbed108-93f8-4f55-a6eb-22bbac81ae3a.jpg,False
402,402,402,402,/content/dataset/shared_dataset_seed9517/images/test/402/b218e69f-f4ee-4baf-96a5-a90c38743b9d.jpg,True
402,403,402,403,/content/dataset/shared_dataset_seed9517/images/test/402/c5915bce-66c2-4ace-b328-79fbd049059d.jpg,False
402,378,402,378,/content/dataset/shared_dataset_seed9517/images/test/402/da2ba6b1-4739-4277-898d-d1342b109ad3.jpg,False
402,459,402,459,/content/dataset/shared_dataset_seed9517/images/test/402/e4f80c30-8ddb-4fe9-bf76-543693daf024.jpg,False
402,475,402,475,/content/dataset/shared_dataset_seed9517/images/test/402/fab69a31-5489-47c6-ab95-9a16a59cf011.jpg,False
403,445,403,445,/content/dataset/shared_dataset_seed9517/images/test/403/00318b71-f839-4400-b547-4ab4c8f38efa.jpg,False
403,433,403,433,/content/dataset/shared_dataset_seed9517/images/test/403/02b0d1f7-8dca-4755-9c55-af7f730701cb.jpg,False
403,403,403,403,/content/dataset/shared_dataset_seed9517/images/test/403/2602d7bf-aa3e-4e3b-92f1-e7630fc6c07d.jpg,True
403,488,403,488,/content/dataset/shared_dataset_seed9517/images/test/403/26554169-5587-4fa0-8ee0-24edec523c84.jpg,False
403,403,403,403,/content/dataset/shared_dataset_seed9517/images/test/403/2844624e-e9ef-4b76-9ae9-bceb18b5d633.jpg,True
403,403,403,403,/content/dataset/shared_dataset_seed9517/images/test/403/b82e5ce0-211e-475c-8d26-2b19ee81e123.jpg,True
403,332,403,332,/content/dataset/shared_dataset_seed9517/images/test/403/df6957c5-1ff1-4d5f-a8bd-51a346f70a71.jpg,False
403,403,403,403,/content/dataset/shared_dataset_seed9517/images/test/403/e971a170-4f58-4101-9717-204eab94a0d4.jpg,True
403,404,403,404,/content/dataset/shared_dataset_seed9517/images/test/403/eb18de53-121c-4ca1-a26a-346f4c7569d8.jpg,False
403,467,403,467,/content/dataset/shared_dataset_seed9517/images/test/403/f5d7de0f-bd1a-47e0-9fcf-4eb38197b7e8.jpg,False
404,491,404,491,/content/dataset/shared_dataset_seed9517/images/test/404/270fc33f-f6bc-4641-8c97-643a97c86915.jpg,False
404,404,404,404,/content/dataset/shared_dataset_seed9517/images/test/404/4a8fe5b9-26a2-46ce-9f10-79efc10ddcc7.jpg,True
404,404,404,404,/content/dataset/shared_dataset_seed9517/images/test/404/4f1eaf22-e119-4b90-8ac8-70e4e46f6288.jpg,True
404,404,404,404,/content/dataset/shared_dataset_seed9517/images/test/404/555a9caf-d72c-4905-ad92-54cf60db09de.jpg,True
404,469,404,469,/content/dataset/shared_dataset_seed9517/images/test/404/aff5d333-b591-45b2-ae1e-9e87caeee839.jpg,False
404,393,404,393,/content/dataset/shared_dataset_seed9517/images/test/404/cf5aee29-00ff-4914-b0b9-f36e7ba43024.jpg,False
404,403,404,403,/content/dataset/shared_dataset_seed9517/images/test/404/dea10715-a367-4e8f-b690-e1e53d64fdea.jpg,False
404,404,404,404,/content/dataset/shared_dataset_seed9517/images/test/404/e88b2579-2eb8-4b16-a4cf-2fbba7ae37d4.jpg,True
404,404,404,404,/content/dataset/shared_dataset_seed9517/images/test/404/f81864c8-1b81-4c2d-b3ae-f09e05a7a548.jpg,True
404,404,404,404,/content/dataset/shared_dataset_seed9517/images/test/404/fb99182e-e013-4b6f-871c-1883f7cb5aa7.jpg,True
405,388,405,388,/content/dataset/shared_dataset_seed9517/images/test/405/098fd00c-b83f-412b-bc6d-27b465ee5804.jpg,False
405,383,405,383,/content/dataset/shared_dataset_seed9517/images/test/405/2c266f61-d8d7-4cd2-98e5-1780b358fb64.jpg,False
405,405,405,405,/content/dataset/shared_dataset_seed9517/images/test/405/3a1fea8a-6a77-49f2-a9dc-8d2538677a9a.jpg,True
405,464,405,464,/content/dataset/shared_dataset_seed9517/images/test/405/3b94b0d6-2db3-471d-9f95-b16b474fdcd9.jpg,False
405,388,405,388,/content/dataset/shared_dataset_seed9517/images/test/405/3cd85cbf-e4a0-42f4-b1e0-5c5144f0fd88.jpg,False
405,261,405,261,/content/dataset/shared_dataset_seed9517/images/test/405/3fb57639-12cc-41e5-8796-4964e3a4b25c.jpg,False
405,405,405,405,/content/dataset/shared_dataset_seed9517/images/test/405/935da494-0882-4cca-9bbb-71d0adbb54e2.jpg,True
405,448,405,448,/content/dataset/shared_dataset_seed9517/images/test/405/a7a8b107-6a8c-4352-aaa0-0fb05d79ec82.jpg,False
405,405,405,405,/content/dataset/shared_dataset_seed9517/images/test/405/c2e5b792-8ece-4a93-83a8-2869c75a65d1.jpg,True
405,430,405,430,/content/dataset/shared_dataset_seed9517/images/test/405/fdb0dd7b-7a14-45a1-b79a-c6f4117b8379.jpg,False
406,406,406,406,/content/dataset/shared_dataset_seed9517/images/test/406/0eb4359c-c97a-4201-9845-416c99d1da3e.jpg,True
406,338,406,338,/content/dataset/shared_dataset_seed9517/images/test/406/1ed509a2-d610-474c-b020-bbcdb62ccf43.jpg,False
406,412,406,412,/content/dataset/shared_dataset_seed9517/images/test/406/4d89a375-f487-4bbf-be78-e507bf2eb443.jpg,False
406,332,406,332,/content/dataset/shared_dataset_seed9517/images/test/406/608271a7-9d7c-4e93-887e-c859776885ec.jpg,False
406,406,406,406,/content/dataset/shared_dataset_seed9517/images/test/406/7c2d3c0e-b1bd-4843-8bf3-f05e06586749.jpg,True
406,282,406,282,/content/dataset/shared_dataset_seed9517/images/test/406/86fea411-6074-4f01-a6e0-b6704a564ee2.jpg,False
406,406,406,406,/content/dataset/shared_dataset_seed9517/images/test/406/924731c2-aae3-4aac-9c08-4c27a54542ff.jpg,True
406,406,406,406,/content/dataset/shared_dataset_seed9517/images/test/406/a35ae0e8-7629-4a85-91f7-6a94e293b8b0.jpg,True
406,406,406,406,/content/dataset/shared_dataset_seed9517/images/test/406/be0bad30-f4dd-42bf-b7e4-cf1c43ba5859.jpg,True
406,465,406,465,/content/dataset/shared_dataset_seed9517/images/test/406/e5851334-1c34-429b-b30f-0ab9eb0f1100.jpg,False
407,463,407,463,/content/dataset/shared_dataset_seed9517/images/test/407/023a4fd2-2960-4149-9e77-5aa06289aabd.jpg,False
407,463,407,463,/content/dataset/shared_dataset_seed9517/images/test/407/0b481eda-af7f-4ad5-a522-3dc5f332d878.jpg,False
407,407,407,407,/content/dataset/shared_dataset_seed9517/images/test/407/10c1078b-783f-4c7c-88a0-1f8095acda3a.jpg,True
407,105,407,105,/content/dataset/shared_dataset_seed9517/images/test/407/3bb7bfe4-ff22-4fe7-9712-8a7d57aa0fce.jpg,False
407,407,407,407,/content/dataset/shared_dataset_seed9517/images/test/407/5f5e45b9-eb5b-45d3-9de9-86d0065e2f37.jpg,True
407,493,407,493,/content/dataset/shared_dataset_seed9517/images/test/407/64b7fbdd-f57f-4f1d-b81c-2f9cb99dd5aa.jpg,False
407,284,407,284,/content/dataset/shared_dataset_seed9517/images/test/407/8f896e16-e0d6-4ab2-8ebf-18ed2d4cfced.jpg,False
407,407,407,407,/content/dataset/shared_dataset_seed9517/images/test/407/c82ff316-e1b1-4b78-869a-73df41f44cc1.jpg,True
407,407,407,407,/content/dataset/shared_dataset_seed9517/images/test/407/db79806f-b76a-4881-968e-977bc38e2885.jpg,True
407,465,407,465,/content/dataset/shared_dataset_seed9517/images/test/407/dfc5a1ba-e605-4908-94fa-30fae303369c.jpg,False
408,427,408,427,/content/dataset/shared_dataset_seed9517/images/test/408/0963a06a-ad1b-46fc-afcf-f6f1653ca4f6.jpg,False
408,353,408,353,/content/dataset/shared_dataset_seed9517/images/test/408/13be8ab8-b53e-47b2-8a78-c096db5e45fb.jpg,False
408,408,408,408,/content/dataset/shared_dataset_seed9517/images/test/408/48b8ab17-edd6-4d6a-b35b-05457aa8316f.jpg,True
408,388,408,388,/content/dataset/shared_dataset_seed9517/images/test/408/4d737ae4-a0d3-4a4d-bca8-c2c23ad32f34.jpg,False
408,467,408,467,/content/dataset/shared_dataset_seed9517/images/test/408/7790a086-edd1-4679-96ce-707dde26080d.jpg,False
408,408,408,408,/content/dataset/shared_dataset_seed9517/images/test/408/7f08a565-ff77-4358-8233-fcdf382115e9.jpg,True
408,353,408,353,/content/dataset/shared_dataset_seed9517/images/test/408/a1693e2e-436e-4d26-95f8-e41c8766afe8.jpg,False
408,408,408,408,/content/dataset/shared_dataset_seed9517/images/test/408/b1fffaab-e431-4ebd-baeb-f8ddcf0229b5.jpg,True
408,353,408,353,/content/dataset/shared_dataset_seed9517/images/test/408/b49bf647-7549-4d6c-a368-feadad0f365e.jpg,False
408,408,408,408,/content/dataset/shared_dataset_seed9517/images/test/408/ebbb6670-c2d5-483b-b9ce-83dd43d67e23.jpg,True
409,409,409,409,/content/dataset/shared_dataset_seed9517/images/test/409/1547f597-822c-4bad-8ad9-f40c2c03ec14.jpg,True
409,409,409,409,/content/dataset/shared_dataset_seed9517/images/test/409/183ce348-29db-420a-82ac-d514a6dd9e3b.jpg,True
409,409,409,409,/content/dataset/shared_dataset_seed9517/images/test/409/20270bfe-ccbf-41cb-b39d-f678219b8f0f.jpg,True
409,409,409,409,/content/dataset/shared_dataset_seed9517/images/test/409/2100173e-7610-4675-9272-16286d3ae027.jpg,True
409,409,409,409,/content/dataset/shared_dataset_seed9517/images/test/409/4717a0b0-054e-409b-a571-746f29564e3d.jpg,True
409,409,409,409,/content/dataset/shared_dataset_seed9517/images/test/409/62620be3-3323-459b-a782-91a6362781a5.jpg,True
409,409,409,409,/content/dataset/shared_dataset_seed9517/images/test/409/831187cf-9eca-43e9-ba83-753b2712ccea.jpg,True
409,409,409,409,/content/dataset/shared_dataset_seed9517/images/test/409/acbc910d-223a-48dd-a3ad-76500ea73f1a.jpg,True
409,409,409,409,/content/dataset/shared_dataset_seed9517/images/test/409/b8e739c5-1afb-4f96-8189-530d57bafc09.jpg,True
409,409,409,409,/content/dataset/shared_dataset_seed9517/images/test/409/df081c32-df3f-44ff-8698-662abc86b6c5.jpg,True
410,409,410,409,/content/dataset/shared_dataset_seed9517/images/test/410/0aafb60d-e751-45bb-8765-b972d0ce889b.jpg,False
410,409,410,409,/content/dataset/shared_dataset_seed9517/images/test/410/0eca21de-4861-49b1-93c0-3a81854c50cf.jpg,False
410,408,410,408,/content/dataset/shared_dataset_seed9517/images/test/410/0f1083b2-506c-46ae-9fd5-f2a68a2ecc26.jpg,False
410,409,410,409,/content/dataset/shared_dataset_seed9517/images/test/410/162e93c5-5948-483e-88a9-a3406f91fbe6.jpg,False
410,410,410,410,/content/dataset/shared_dataset_seed9517/images/test/410/4635313b-a535-4be6-87e9-8d40fd7d6a6c.jpg,True
410,409,410,409,/content/dataset/shared_dataset_seed9517/images/test/410/69cfe9dd-fe2d-48cf-9461-9b8733a455ff.jpg,False
410,409,410,409,/content/dataset/shared_dataset_seed9517/images/test/410/a0a7f24e-fe96-442f-baa3-a7ae6dde5ba2.jpg,False
410,366,410,366,/content/dataset/shared_dataset_seed9517/images/test/410/f4c15883-5c5a-4637-9bf1-77f5be145123.jpg,False
410,409,410,409,/content/dataset/shared_dataset_seed9517/images/test/410/fcbe6920-39aa-4023-a0ab-65ed5dd8c991.jpg,False
410,410,410,410,/content/dataset/shared_dataset_seed9517/images/test/410/fce67145-63fb-4e8b-a8cb-84c4ae97c36f.jpg,True
411,411,411,411,/content/dataset/shared_dataset_seed9517/images/test/411/158d2214-4e27-420d-b1ba-462614c4878d.jpg,True
411,411,411,411,/content/dataset/shared_dataset_seed9517/images/test/411/19edbc9c-7f73-4ab5-bf32-1f066a93a5eb.jpg,True
411,411,411,411,/content/dataset/shared_dataset_seed9517/images/test/411/4d585888-aad1-442b-81ad-89deb2a752ad.jpg,True
411,411,411,411,/content/dataset/shared_dataset_seed9517/images/test/411/57334678-a970-4328-80bb-c370241f6e28.jpg,True
411,411,411,411,/content/dataset/shared_dataset_seed9517/images/test/411/83ec7fef-9e84-4ad2-811f-f53bec1812df.jpg,True
411,411,411,411,/content/dataset/shared_dataset_seed9517/images/test/411/83fd8480-ecf3-4bbb-8bb7-6cc368fc7e3d.jpg,True
411,411,411,411,/content/dataset/shared_dataset_seed9517/images/test/411/91313bfb-9fa7-4a5f-8463-91af3023f648.jpg,True
411,411,411,411,/content/dataset/shared_dataset_seed9517/images/test/411/9c19ecdb-019c-4edf-b643-75d49e60937c.jpg,True
411,411,411,411,/content/dataset/shared_dataset_seed9517/images/test/411/d4b5160d-1070-4376-bb74-3462bc2897f0.jpg,True
411,411,411,411,/content/dataset/shared_dataset_seed9517/images/test/411/fb5f35f2-b2f7-4de0-871b-60069b7e0a57.jpg,True
412,412,412,412,/content/dataset/shared_dataset_seed9517/images/test/412/0ce55980-3b4e-4a84-a8aa-20fa8a9292c5.jpg,True
412,412,412,412,/content/dataset/shared_dataset_seed9517/images/test/412/486b381b-f73e-44d1-9522-1f0dca3b9593.jpg,True
412,412,412,412,/content/dataset/shared_dataset_seed9517/images/test/412/495c6115-58b3-4f3c-b7bd-08e1555a615e.jpg,True
412,281,412,281,/content/dataset/shared_dataset_seed9517/images/test/412/69a1ceba-ef5d-4625-8fc1-97ce6a1a6872.jpg,False
412,412,412,412,/content/dataset/shared_dataset_seed9517/images/test/412/91a30c53-3967-47f9-8cc0-2a629a9f4eef.jpg,True
412,412,412,412,/content/dataset/shared_dataset_seed9517/images/test/412/ca7851d2-e523-41bf-8673-2df3f5db1707.jpg,True
412,412,412,412,/content/dataset/shared_dataset_seed9517/images/test/412/e0906512-1a1b-44b7-af12-d845ff0a83a6.jpg,True
412,412,412,412,/content/dataset/shared_dataset_seed9517/images/test/412/e0c9566c-75d9-46fd-a190-28744d47a7cb.jpg,True
412,412,412,412,/content/dataset/shared_dataset_seed9517/images/test/412/e569ddef-1e68-4dca-bfdd-b75a806531d7.jpg,True
412,412,412,412,/content/dataset/shared_dataset_seed9517/images/test/412/ee909275-59f0-4117-a825-e35480e7a3ea.jpg,True
413,413,413,413,/content/dataset/shared_dataset_seed9517/images/test/413/1ca6c1b7-8f4b-48c6-a679-aa9316a9c7db.jpg,True
413,413,413,413,/content/dataset/shared_dataset_seed9517/images/test/413/22cf7a3a-6b7e-4c11-963b-86dc53161558.jpg,True
413,413,413,413,/content/dataset/shared_dataset_seed9517/images/test/413/4ee107c2-0d0d-4620-94ee-182cfff6f753.jpg,True
413,440,413,440,/content/dataset/shared_dataset_seed9517/images/test/413/5191678a-73af-4d50-bcba-5c5ea778c939.jpg,False
413,413,413,413,/content/dataset/shared_dataset_seed9517/images/test/413/611cf461-1487-4409-b7f4-0e3c13a89221.jpg,True
413,413,413,413,/content/dataset/shared_dataset_seed9517/images/test/413/89a9b711-ab72-4681-9a56-98377832f5de.jpg,True
413,413,413,413,/content/dataset/shared_dataset_seed9517/images/test/413/a432d36f-f003-4217-b151-2f397c6307bb.jpg,True
413,279,413,279,/content/dataset/shared_dataset_seed9517/images/test/413/bc83291e-5827-4652-abbc-c60c0a633496.jpg,False
413,372,413,372,/content/dataset/shared_dataset_seed9517/images/test/413/d96e8d62-07eb-41a5-9ac6-6d846b2e76da.jpg,False
413,413,413,413,/content/dataset/shared_dataset_seed9517/images/test/413/ed49bc7e-424d-48ae-abef-4cc7df409d2a.jpg,True
414,329,414,329,/content/dataset/shared_dataset_seed9517/images/test/414/1a63edad-b072-4418-b27a-c9bef18692a7.jpg,False
414,343,414,343,/content/dataset/shared_dataset_seed9517/images/test/414/55a45125-e225-4fff-9846-c79ed0fc8bc7.jpg,False
414,414,414,414,/content/dataset/shared_dataset_seed9517/images/test/414/655ae8fd-2153-4ada-b4d5-47b5314ae2d3.jpg,True
414,409,414,409,/content/dataset/shared_dataset_seed9517/images/test/414/6bb27ccd-5e83-4437-9880-42c011bad9fe.jpg,False
414,281,414,281,/content/dataset/shared_dataset_seed9517/images/test/414/b5ab0c1f-c2ae-4924-8e7e-72198bc497c3.jpg,False
414,414,414,414,/content/dataset/shared_dataset_seed9517/images/test/414/bb3e4917-3944-43fb-beb0-e7dc4c6079ab.jpg,True
414,414,414,414,/content/dataset/shared_dataset_seed9517/images/test/414/bb9f505a-f7a0-498d-b9ab-1aeb2ca0a9d1.jpg,True
414,414,414,414,/content/dataset/shared_dataset_seed9517/images/test/414/bf9d2ae0-0e5b-48ea-8f1d-b3b13bd416f5.jpg,True
414,410,414,410,/content/dataset/shared_dataset_seed9517/images/test/414/fa2c8a58-a42d-4733-abd7-ee7a44495019.jpg,False
414,414,414,414,/content/dataset/shared_dataset_seed9517/images/test/414/fcb0a2a8-0770-45f0-95d6-9aa708b307a1.jpg,True
415,415,415,415,/content/dataset/shared_dataset_seed9517/images/test/415/0885fc39-43b1-4fdd-ad2f-c52c4f73da32.jpg,True
415,415,415,415,/content/dataset/shared_dataset_seed9517/images/test/415/1f98e7f3-5eeb-4bfe-acb8-28670bb9321e.jpg,True
415,415,415,415,/content/dataset/shared_dataset_seed9517/images/test/415/3c3f837e-0132-4abb-8b33-ac9d74a38548.jpg,True
415,291,415,291,/content/dataset/shared_dataset_seed9517/images/test/415/44848f2c-ed5c-456e-8443-58dea49532e7.jpg,False
415,415,415,415,/content/dataset/shared_dataset_seed9517/images/test/415/5d36f4fc-cc4d-4727-9114-78170bff0f50.jpg,True
415,415,415,415,/content/dataset/shared_dataset_seed9517/images/test/415/889e1d4d-2e11-4991-a6f8-1efc55bb73ca.jpg,True
415,429,415,429,/content/dataset/shared_dataset_seed9517/images/test/415/a1d5d29f-0037-4f43-b96e-a9004878e670.jpg,False
415,415,415,415,/content/dataset/shared_dataset_seed9517/images/test/415/c0222dee-4692-401d-9761-bd5f07804939.jpg,True
415,415,415,415,/content/dataset/shared_dataset_seed9517/images/test/415/d9cc1091-399f-4e84-8ca0-84b424064100.jpg,True
415,415,415,415,/content/dataset/shared_dataset_seed9517/images/test/415/f319a92a-b8df-4d05-ba5e-54190d4ebe15.jpg,True
416,282,416,282,/content/dataset/shared_dataset_seed9517/images/test/416/0948250a-56b2-40ed-ad49-db73499447a7.jpg,False
416,416,416,416,/content/dataset/shared_dataset_seed9517/images/test/416/0d189d48-fb83-44d9-ad07-1e846e2f5d83.jpg,True
416,416,416,416,/content/dataset/shared_dataset_seed9517/images/test/416/45972334-ccb7-46f9-8681-bed1aebe7a54.jpg,True
416,416,416,416,/content/dataset/shared_dataset_seed9517/images/test/416/5e9a149c-7fb4-47df-8d4b-1121b9f27160.jpg,True
416,416,416,416,/content/dataset/shared_dataset_seed9517/images/test/416/7438c69d-35e4-4669-9e52-dd20b46248a2.jpg,True
416,416,416,416,/content/dataset/shared_dataset_seed9517/images/test/416/9f9c4a5c-8574-414d-a666-b6597b37be4c.jpg,True
416,416,416,416,/content/dataset/shared_dataset_seed9517/images/test/416/a1778c0e-33e2-4a2e-894c-42fe76cc887d.jpg,True
416,416,416,416,/content/dataset/shared_dataset_seed9517/images/test/416/c0e612a6-6193-44d9-b76f-5a432be5359f.jpg,True
416,381,416,381,/content/dataset/shared_dataset_seed9517/images/test/416/dfc04156-324a-45e9-bd8b-3d1dea7bd525.jpg,False
416,416,416,416,/content/dataset/shared_dataset_seed9517/images/test/416/fa23b2a9-8cbc-4e44-86aa-498b9618a9b1.jpg,True
417,417,417,417,/content/dataset/shared_dataset_seed9517/images/test/417/068d48e1-ca20-4c7a-8574-9dec0631ff4e.jpg,True
417,396,417,396,/content/dataset/shared_dataset_seed9517/images/test/417/40a685ba-e22b-4778-8279-f7bab8ce1b5d.jpg,False
417,417,417,417,/content/dataset/shared_dataset_seed9517/images/test/417/4f35ba2a-6593-48a7-a1b9-9d817738e1bc.jpg,True
417,417,417,417,/content/dataset/shared_dataset_seed9517/images/test/417/804e3361-8513-44e1-a00f-18ce5c67447c.jpg,True
417,417,417,417,/content/dataset/shared_dataset_seed9517/images/test/417/8e7e1f9a-2753-4adc-ba4f-6386e9dd533d.jpg,True
417,416,417,416,/content/dataset/shared_dataset_seed9517/images/test/417/9917532f-ceac-4af0-a54b-8ee4207ec4e8.jpg,False
417,417,417,417,/content/dataset/shared_dataset_seed9517/images/test/417/9eb63fb8-feca-4e20-a760-71125d64b065.jpg,True
417,417,417,417,/content/dataset/shared_dataset_seed9517/images/test/417/b4dbae9c-bc23-459d-9778-7a39da917ad7.jpg,True
417,435,417,435,/content/dataset/shared_dataset_seed9517/images/test/417/f2de0a20-953f-48a6-8196-0593bf4d52b6.jpg,False
417,437,417,437,/content/dataset/shared_dataset_seed9517/images/test/417/f9998f86-1d0a-4d7f-860b-af698c6c5d72.jpg,False
418,418,418,418,/content/dataset/shared_dataset_seed9517/images/test/418/33a4bdbb-4dd7-4170-91ed-534f5c2138f4.jpg,True
418,418,418,418,/content/dataset/shared_dataset_seed9517/images/test/418/46f5bfaa-981e-476f-8c00-3ca9e66b388c.jpg,True
418,418,418,418,/content/dataset/shared_dataset_seed9517/images/test/418/56fc4e52-670f-4937-8a4b-da556c01e2e1.jpg,True
418,418,418,418,/content/dataset/shared_dataset_seed9517/images/test/418/88ebe572-dc20-4ba9-8618-a9106c1262aa.jpg,True
418,418,418,418,/content/dataset/shared_dataset_seed9517/images/test/418/9e10131e-39a4-451e-9132-ace3ae200d18.jpg,True
418,423,418,423,/content/dataset/shared_dataset_seed9517/images/test/418/a731595d-ff75-4853-9dd5-3c7e2b4c22dd.jpg,False
418,418,418,418,/content/dataset/shared_dataset_seed9517/images/test/418/dc1a023e-4292-4c05-a129-d2b5393e5216.jpg,True
418,422,418,422,/content/dataset/shared_dataset_seed9517/images/test/418/df096e0c-ed87-40af-99c7-8d246019ba6a.jpg,False
418,450,418,450,/content/dataset/shared_dataset_seed9517/images/test/418/eae83514-fb07-403d-bb4e-bdbff3392ce5.jpg,False
418,418,418,418,/content/dataset/shared_dataset_seed9517/images/test/418/f912c4db-f377-4fb1-957d-9f15b0535a41.jpg,True
419,419,419,419,/content/dataset/shared_dataset_seed9517/images/test/419/0512c29e-ee00-4128-8892-788c92aa743d.jpg,True
419,419,419,419,/content/dataset/shared_dataset_seed9517/images/test/419/09320620-faf8-4ac9-a8c8-0cd21e3cbdc2.jpg,True
419,419,419,419,/content/dataset/shared_dataset_seed9517/images/test/419/112980a9-2125-465d-833f-2561df2225f3.jpg,True
419,419,419,419,/content/dataset/shared_dataset_seed9517/images/test/419/1caf2b36-45e8-471e-8de3-38b6102408c6.jpg,True
419,419,419,419,/content/dataset/shared_dataset_seed9517/images/test/419/2835b057-8ee1-4d69-aafc-066f7101b233.jpg,True
419,419,419,419,/content/dataset/shared_dataset_seed9517/images/test/419/35976f07-9fd2-4596-82e2-164095c143b7.jpg,True
419,419,419,419,/content/dataset/shared_dataset_seed9517/images/test/419/72ec37c4-e5df-44e8-8ba2-98a98f830648.jpg,True
419,419,419,419,/content/dataset/shared_dataset_seed9517/images/test/419/a5f6b007-f2b4-4246-a4c7-ceb65ff32474.jpg,True
419,419,419,419,/content/dataset/shared_dataset_seed9517/images/test/419/d0722a5b-8654-4d30-8a4b-d2dcf7262ca4.jpg,True
419,419,419,419,/content/dataset/shared_dataset_seed9517/images/test/419/d22e68f7-899d-4c16-8cf2-bc2c0a704842.jpg,True
420,5,420,5,/content/dataset/shared_dataset_seed9517/images/test/420/16e55a70-4d3c-46a9-ac92-2d7678fc2ac8.jpg,False
420,420,420,420,/content/dataset/shared_dataset_seed9517/images/test/420/2147e3a2-480d-4db6-9abb-d095eec8c2db.jpg,True
420,420,420,420,/content/dataset/shared_dataset_seed9517/images/test/420/342d22a3-db15-44c8-b9d2-e5e8d99cf641.jpg,True
420,420,420,420,/content/dataset/shared_dataset_seed9517/images/test/420/4d873ab1-d0d5-48e3-ba7d-d0ac7148ea37.jpg,True
420,420,420,420,/content/dataset/shared_dataset_seed9517/images/test/420/79a07793-217e-4014-85be-e52beb8ffc90.jpg,True
420,420,420,420,/content/dataset/shared_dataset_seed9517/images/test/420/83dc4a53-6536-4ed5-b446-f290f63c35da.jpg,True
420,420,420,420,/content/dataset/shared_dataset_seed9517/images/test/420/b7801b4f-fa1a-4948-9493-2659275e1a4c.jpg,True
420,420,420,420,/content/dataset/shared_dataset_seed9517/images/test/420/c24e6744-7b43-4453-ae7e-2a64af7954f2.jpg,True
420,366,420,366,/content/dataset/shared_dataset_seed9517/images/test/420/da56adc0-cc2f-4f76-9a72-6569c39badbe.jpg,False
420,420,420,420,/content/dataset/shared_dataset_seed9517/images/test/420/e46e468f-a851-4564-9a86-d4303f63a86c.jpg,True
421,421,421,421,/content/dataset/shared_dataset_seed9517/images/test/421/3a930315-eeed-4fb5-8d59-05d458364486.jpg,True
421,421,421,421,/content/dataset/shared_dataset_seed9517/images/test/421/5e5ac63f-ffd5-437e-bc65-8485c0e44f2c.jpg,True
421,421,421,421,/content/dataset/shared_dataset_seed9517/images/test/421/958d2464-3e8a-41d2-911f-7d53a57503ab.jpg,True
421,421,421,421,/content/dataset/shared_dataset_seed9517/images/test/421/ae9031e1-972c-4f08-a81d-b727cec0898e.jpg,True
421,348,421,348,/content/dataset/shared_dataset_seed9517/images/test/421/af119cb7-cfb7-441d-802a-d7e7c6d8ec40.jpg,False
421,414,421,414,/content/dataset/shared_dataset_seed9517/images/test/421/bba3754b-cbb6-41b2-8ebd-d4fd0d19d711.jpg,False
421,421,421,421,/content/dataset/shared_dataset_seed9517/images/test/421/bd002e9e-95ae-4349-81c9-c202f276f0ec.jpg,True
421,421,421,421,/content/dataset/shared_dataset_seed9517/images/test/421/cc2dc4e2-7003-44f3-933d-42109deb6308.jpg,True
421,421,421,421,/content/dataset/shared_dataset_seed9517/images/test/421/de64ad3a-a66c-45f3-b36a-36c594358b9b.jpg,True
421,381,421,381,/content/dataset/shared_dataset_seed9517/images/test/421/f0079a63-98ec-46b0-91e7-53fe3673687b.jpg,False
422,422,422,422,/content/dataset/shared_dataset_seed9517/images/test/422/00f86531-0004-4709-9620-69339a08e0bb.jpg,True
422,422,422,422,/content/dataset/shared_dataset_seed9517/images/test/422/252df730-c2b0-4074-81d4-bfa22db870b1.jpg,True
422,422,422,422,/content/dataset/shared_dataset_seed9517/images/test/422/2f65718b-5af6-43ef-a924-5cb9afb18e28.jpg,True
422,422,422,422,/content/dataset/shared_dataset_seed9517/images/test/422/4661698f-9482-4fb0-b5e2-3451fb5ba655.jpg,True
422,422,422,422,/content/dataset/shared_dataset_seed9517/images/test/422/5b880ad3-bd73-4e9e-983d-52c120bf0e5f.jpg,True
422,299,422,299,/content/dataset/shared_dataset_seed9517/images/test/422/8019bde8-68be-4edb-b0c5-1e41049c7592.jpg,False
422,422,422,422,/content/dataset/shared_dataset_seed9517/images/test/422/9ae02f03-ec1e-48eb-9d26-e7a99f39e02c.jpg,True
422,422,422,422,/content/dataset/shared_dataset_seed9517/images/test/422/a8c63dd9-bb7b-4c86-a368-5c19a942d83e.jpg,True
422,422,422,422,/content/dataset/shared_dataset_seed9517/images/test/422/d5e5da0b-dead-46b6-95ca-1e94a9134ed2.jpg,True
422,422,422,422,/content/dataset/shared_dataset_seed9517/images/test/422/d8a46eb4-0a71-4b34-b591-b1547c84a7ed.jpg,True
423,423,423,423,/content/dataset/shared_dataset_seed9517/images/test/423/00560db5-2a6f-4f74-a763-902f55c76d24.jpg,True
423,423,423,423,/content/dataset/shared_dataset_seed9517/images/test/423/154434d4-15ec-4a2c-83d5-174164e0c3d0.jpg,True
423,376,423,376,/content/dataset/shared_dataset_seed9517/images/test/423/25ba6c32-5faf-433f-aa14-ee5886e1e89e.jpg,False
423,143,423,143,/content/dataset/shared_dataset_seed9517/images/test/423/365a8edb-61fc-4f62-97be-fb442012e34a.jpg,False
423,423,423,423,/content/dataset/shared_dataset_seed9517/images/test/423/4ac283fb-0bb1-4ea3-ab2c-6834cb8df217.jpg,True
423,481,423,481,/content/dataset/shared_dataset_seed9517/images/test/423/6e6c13b4-257a-4079-9e08-5cf6cbe79ffe.jpg,False
423,423,423,423,/content/dataset/shared_dataset_seed9517/images/test/423/7fad308e-32e2-4970-b529-ebcfac28198a.jpg,True
423,423,423,423,/content/dataset/shared_dataset_seed9517/images/test/423/c51d1aa2-9721-4fc9-90cb-f283e3836010.jpg,True
423,423,423,423,/content/dataset/shared_dataset_seed9517/images/test/423/c7ec46e9-a935-4f3b-98cd-184456eb5fb0.jpg,True
423,113,423,113,/content/dataset/shared_dataset_seed9517/images/test/423/ddc0f7c1-1a7b-4659-9551-5d6199e80778.jpg,False
424,480,424,480,/content/dataset/shared_dataset_seed9517/images/test/424/2e8feb74-e7bc-4be9-9fcb-d4f910a68338.jpg,False
424,424,424,424,/content/dataset/shared_dataset_seed9517/images/test/424/48bf5e20-586c-4a4c-a835-209dc9991267.jpg,True
424,302,424,302,/content/dataset/shared_dataset_seed9517/images/test/424/83ba96f1-4ee0-4136-9c0b-702d6078f346.jpg,False
424,439,424,439,/content/dataset/shared_dataset_seed9517/images/test/424/aa66db97-cee1-40dd-9b4d-8d838b127f1b.jpg,False
424,424,424,424,/content/dataset/shared_dataset_seed9517/images/test/424/c2b12ae5-9e2b-4a31-9548-6b145b4062e1.jpg,True
424,434,424,434,/content/dataset/shared_dataset_seed9517/images/test/424/d54d1f34-79dd-49da-8017-9eabc2163e15.jpg,False
424,424,424,424,/content/dataset/shared_dataset_seed9517/images/test/424/d676af5b-f2f3-48fa-aeef-284799a822ec.jpg,True
424,424,424,424,/content/dataset/shared_dataset_seed9517/images/test/424/d8274dfe-a791-42ed-b000-48266b0f682d.jpg,True
424,424,424,424,/content/dataset/shared_dataset_seed9517/images/test/424/d838738d-cba7-4ba1-8141-64012893dcd3.jpg,True
424,378,424,378,/content/dataset/shared_dataset_seed9517/images/test/424/ee468897-3880-4b61-9a80-fc26559789fc.jpg,False
425,425,425,425,/content/dataset/shared_dataset_seed9517/images/test/425/2dab62b6-f470-4f51-a15d-223f6439af0d.jpg,True
425,332,425,332,/content/dataset/shared_dataset_seed9517/images/test/425/6f0ce604-3bbb-4b6f-8d5b-85e0ced0220d.jpg,False
425,425,425,425,/content/dataset/shared_dataset_seed9517/images/test/425/77645eda-0cc5-4bbc-be2c-b4f1fe98e7a7.jpg,True
425,455,425,455,/content/dataset/shared_dataset_seed9517/images/test/425/9a8d34ca-fec2-4eab-807e-25eb87909de3.jpg,False
425,425,425,425,/content/dataset/shared_dataset_seed9517/images/test/425/9cd28f70-e288-49ba-802d-76d2f5f5b18b.jpg,True
425,425,425,425,/content/dataset/shared_dataset_seed9517/images/test/425/ad357891-f53d-47b5-ad0b-7192a841965f.jpg,True
425,425,425,425,/content/dataset/shared_dataset_seed9517/images/test/425/aeb98672-b6fb-4e2c-b998-fbb429bd7121.jpg,True
425,425,425,425,/content/dataset/shared_dataset_seed9517/images/test/425/bdc24676-489b-42a3-a387-bfa1cae81c18.jpg,True
425,485,425,485,/content/dataset/shared_dataset_seed9517/images/test/425/e1e919b7-b5a3-402f-9b81-fa8bc73017a1.jpg,False
425,425,425,425,/content/dataset/shared_dataset_seed9517/images/test/425/ecaa7432-4788-49f4-99ac-6aa6e801a533.jpg,True
426,471,426,471,/content/dataset/shared_dataset_seed9517/images/test/426/0519b430-6981-4a74-aad1-9932fb1f35ed.jpg,False
426,426,426,426,/content/dataset/shared_dataset_seed9517/images/test/426/05ebcf50-d7f4-4647-b1ce-d53dbe416af1.jpg,True
426,330,426,330,/content/dataset/shared_dataset_seed9517/images/test/426/16265456-d9a5-44f1-ae87-af59901f2507.jpg,False
426,426,426,426,/content/dataset/shared_dataset_seed9517/images/test/426/298c21a6-c6a4-4feb-a987-426ba3cd5de5.jpg,True
426,426,426,426,/content/dataset/shared_dataset_seed9517/images/test/426/432bf42b-1aa5-445f-a0e6-23367cfad3f6.jpg,True
426,426,426,426,/content/dataset/shared_dataset_seed9517/images/test/426/4cd9be52-6096-4a9d-a512-5559e98da0e4.jpg,True
426,426,426,426,/content/dataset/shared_dataset_seed9517/images/test/426/607a2fad-2b5d-4165-9ed5-f87e8ebbc148.jpg,True
426,426,426,426,/content/dataset/shared_dataset_seed9517/images/test/426/901b4b97-6453-4d86-aa98-5742b5bfcb9a.jpg,True
426,359,426,359,/content/dataset/shared_dataset_seed9517/images/test/426/aa94efa1-d33d-4d26-99fa-4ac8268d96e0.jpg,False
426,426,426,426,/content/dataset/shared_dataset_seed9517/images/test/426/f6f27893-6a51-40e0-b5a1-12b14fb792a2.jpg,True
427,427,427,427,/content/dataset/shared_dataset_seed9517/images/test/427/05d35aff-c5c7-4c24-adb6-aa1c7cd7cef2.jpg,True
427,427,427,427,/content/dataset/shared_dataset_seed9517/images/test/427/313c24c9-ada9-4454-ba9d-9714ad9a9c29.jpg,True
427,295,427,295,/content/dataset/shared_dataset_seed9517/images/test/427/3c82d09d-8915-4df9-ab24-1dee01f2fd59.jpg,False
427,367,427,367,/content/dataset/shared_dataset_seed9517/images/test/427/578e67d3-a4dd-4caa-aad8-b7654b1c230c.jpg,False
427,427,427,427,/content/dataset/shared_dataset_seed9517/images/test/427/947899dc-fa5c-4516-ad1b-c9d70ae6322a.jpg,True
427,427,427,427,/content/dataset/shared_dataset_seed9517/images/test/427/97932198-7190-4094-afc4-ade577a9bb99.jpg,True
427,427,427,427,/content/dataset/shared_dataset_seed9517/images/test/427/ad067fca-dccf-4892-9b78-285e27fa99f0.jpg,True
427,427,427,427,/content/dataset/shared_dataset_seed9517/images/test/427/c04c37dd-b37b-4110-bab8-bca9f7395909.jpg,True
427,427,427,427,/content/dataset/shared_dataset_seed9517/images/test/427/d85875ff-e14d-4a58-8c08-6799aebe670f.jpg,True
427,427,427,427,/content/dataset/shared_dataset_seed9517/images/test/427/e92990fc-24f3-4d24-8dae-68b90bb19d72.jpg,True
428,234,428,234,/content/dataset/shared_dataset_seed9517/images/test/428/01757fb8-a349-45d6-92df-59d289c7dd24.jpg,False
428,428,428,428,/content/dataset/shared_dataset_seed9517/images/test/428/2c174a65-b3b8-4c9c-ba44-1ff67c0d79de.jpg,True
428,428,428,428,/content/dataset/shared_dataset_seed9517/images/test/428/6ad94561-f2b7-4f30-8f9b-26ac8b76a322.jpg,True
428,428,428,428,/content/dataset/shared_dataset_seed9517/images/test/428/82ffa4e3-c65e-43c0-9a5e-f5432f3607c7.jpg,True
428,429,428,429,/content/dataset/shared_dataset_seed9517/images/test/428/88cf2b19-d9ad-4451-9e48-5adff86b76a0.jpg,False
428,428,428,428,/content/dataset/shared_dataset_seed9517/images/test/428/959a822b-035a-4e14-a0fb-782044ef7515.jpg,True
428,429,428,429,/content/dataset/shared_dataset_seed9517/images/test/428/aaf84eda-43f9-4e5c-836b-052cfa5c3ff8.jpg,False
428,428,428,428,/content/dataset/shared_dataset_seed9517/images/test/428/c5295a99-c8f4-4021-9c72-390191122e9f.jpg,True
428,428,428,428,/content/dataset/shared_dataset_seed9517/images/test/428/ce08ce1f-00cf-4546-b2f2-b9d022166b87.jpg,True
428,428,428,428,/content/dataset/shared_dataset_seed9517/images/test/428/d9eb3a1f-531f-4f9b-a93f-adf39f475e61.jpg,True
429,307,429,307,/content/dataset/shared_dataset_seed9517/images/test/429/015c56c4-8fd6-4d90-b00b-b74e8c3e3e8c.jpg,False
429,429,429,429,/content/dataset/shared_dataset_seed9517/images/test/429/0adaf25b-0ac3-4c05-8193-a54c0616a5e0.jpg,True
429,429,429,429,/content/dataset/shared_dataset_seed9517/images/test/429/1d71b9ba-76b8-46c6-8ab8-8dc77b6a16cb.jpg,True
429,429,429,429,/content/dataset/shared_dataset_seed9517/images/test/429/262d0558-e908-4bfc-911a-c8a9bf0877d1.jpg,True
429,429,429,429,/content/dataset/shared_dataset_seed9517/images/test/429/2772b59a-28fa-462c-ac94-0eb03a6c449f.jpg,True
429,328,429,328,/content/dataset/shared_dataset_seed9517/images/test/429/2c52296e-604b-4630-a5d8-5cedceb17957.jpg,False
429,429,429,429,/content/dataset/shared_dataset_seed9517/images/test/429/499fe066-44a9-4954-85dc-b1052a9f2ba6.jpg,True
429,429,429,429,/content/dataset/shared_dataset_seed9517/images/test/429/5d173c46-c466-4ad2-bd0c-bcef34ab4d55.jpg,True
429,429,429,429,/content/dataset/shared_dataset_seed9517/images/test/429/5fe22ad4-a12d-4963-bded-62bb199836e7.jpg,True
429,429,429,429,/content/dataset/shared_dataset_seed9517/images/test/429/babffe36-1565-4be0-ad33-b4b34613c387.jpg,True
430,430,430,430,/content/dataset/shared_dataset_seed9517/images/test/430/18a472fc-2707-4ed1-b396-747100d02e84.jpg,True
430,434,430,434,/content/dataset/shared_dataset_seed9517/images/test/430/1c7283d0-00c7-41b3-b825-1d9787fbfd2b.jpg,False
430,430,430,430,/content/dataset/shared_dataset_seed9517/images/test/430/49623efc-bcee-4919-ab21-ddce4c379230.jpg,True
430,390,430,390,/content/dataset/shared_dataset_seed9517/images/test/430/5b9c59f6-fdef-46e0-8b66-0626ecb805b6.jpg,False
430,430,430,430,/content/dataset/shared_dataset_seed9517/images/test/430/7747878b-63e9-4930-9062-ba732e1e1946.jpg,True
430,408,430,408,/content/dataset/shared_dataset_seed9517/images/test/430/78f3e81d-5739-4f96-9259-ac6d7ae8bf44.jpg,False
430,391,430,391,/content/dataset/shared_dataset_seed9517/images/test/430/7e642d62-e8e8-4ac3-be4e-30648f4fb1db.jpg,False
430,336,430,336,/content/dataset/shared_dataset_seed9517/images/test/430/a82b1fc8-29a6-4291-9acc-d1908f1f8b48.jpg,False
430,476,430,476,/content/dataset/shared_dataset_seed9517/images/test/430/dd92dee6-f0e4-4579-94be-7d4e6a08b95f.jpg,False
430,430,430,430,/content/dataset/shared_dataset_seed9517/images/test/430/e2f599a2-947a-493e-9e8a-5a57297aaf77.jpg,True
431,431,431,431,/content/dataset/shared_dataset_seed9517/images/test/431/13d7c883-84d7-489e-b465-5d88dcf42f76.jpg,True
431,390,431,390,/content/dataset/shared_dataset_seed9517/images/test/431/26d7dcb9-85ab-4d15-81bf-1a2dfddea9ba.jpg,False
431,391,431,391,/content/dataset/shared_dataset_seed9517/images/test/431/35d9c213-0354-4e8d-8293-01083b62598c.jpg,False
431,431,431,431,/content/dataset/shared_dataset_seed9517/images/test/431/3761f156-3477-41b5-8709-6519551ee742.jpg,True
431,431,431,431,/content/dataset/shared_dataset_seed9517/images/test/431/3ff5e1b0-7761-4ab7-9cc2-74d815b0c011.jpg,True
431,431,431,431,/content/dataset/shared_dataset_seed9517/images/test/431/555c6533-0c73-49bb-9160-6c510fd9a958.jpg,True
431,431,431,431,/content/dataset/shared_dataset_seed9517/images/test/431/5da5246b-9d72-4da5-b36b-6de0a95f1630.jpg,True
431,431,431,431,/content/dataset/shared_dataset_seed9517/images/test/431/886ce94e-5b58-415b-b696-5766b21eda39.jpg,True
431,431,431,431,/content/dataset/shared_dataset_seed9517/images/test/431/d78f5247-58e9-4bc2-ba86-24f91d1a6e02.jpg,True
431,431,431,431,/content/dataset/shared_dataset_seed9517/images/test/431/e488c639-6147-419f-a32e-872a5f66dcac.jpg,True
432,432,432,432,/content/dataset/shared_dataset_seed9517/images/test/432/01e5f665-c4cc-4ab8-abc9-f2cbb6eea2f9.jpg,True
432,432,432,432,/content/dataset/shared_dataset_seed9517/images/test/432/02321a96-c0c0-4135-93cc-2b2cdd0bda45.jpg,True
432,294,432,294,/content/dataset/shared_dataset_seed9517/images/test/432/1bac79d8-943f-48a5-8287-543b20f3839f.jpg,False
432,432,432,432,/content/dataset/shared_dataset_seed9517/images/test/432/370afa59-8295-484f-b99a-f68c79b4cd9b.jpg,True
432,433,432,433,/content/dataset/shared_dataset_seed9517/images/test/432/3eeea512-43c5-460d-b110-0a0f42dd9add.jpg,False
432,432,432,432,/content/dataset/shared_dataset_seed9517/images/test/432/50cebdf9-d745-4179-a8ca-ab9dce40e10b.jpg,True
432,479,432,479,/content/dataset/shared_dataset_seed9517/images/test/432/5efb855a-3ac8-4cdd-b8f0-bc34ea7aaad5.jpg,False
432,432,432,432,/content/dataset/shared_dataset_seed9517/images/test/432/6eb7c4dd-b5de-44ee-bc08-25cc78b97fc6.jpg,True
432,432,432,432,/content/dataset/shared_dataset_seed9517/images/test/432/837d354a-627a-43b1-8364-cb7f0faa4e7a.jpg,True
432,432,432,432,/content/dataset/shared_dataset_seed9517/images/test/432/f0932b8c-15d8-44d5-8be5-6d95b61c5cbd.jpg,True
433,316,433,316,/content/dataset/shared_dataset_seed9517/images/test/433/001530ea-e36e-4196-98ec-2e609f408ab5.jpg,False
433,433,433,433,/content/dataset/shared_dataset_seed9517/images/test/433/1ce89af3-bfe2-451a-b23d-7a19217f0532.jpg,True
433,412,433,412,/content/dataset/shared_dataset_seed9517/images/test/433/38879925-3a55-4597-ba88-80d3c4ef8c2f.jpg,False
433,433,433,433,/content/dataset/shared_dataset_seed9517/images/test/433/4af38f20-fadd-423c-96aa-f7af5cb7a26e.jpg,True
433,107,433,107,/content/dataset/shared_dataset_seed9517/images/test/433/9a0d9860-cdbc-4880-b6d3-461d76c14fee.jpg,False
433,433,433,433,/content/dataset/shared_dataset_seed9517/images/test/433/a32e6a2d-124f-4a76-a582-85834aaa6e44.jpg,True
433,287,433,287,/content/dataset/shared_dataset_seed9517/images/test/433/bc874ef7-568f-416b-865b-0ae6b9c0834f.jpg,False
433,402,433,402,/content/dataset/shared_dataset_seed9517/images/test/433/cd11422c-c221-490e-9664-ed70ec08db53.jpg,False
433,316,433,316,/content/dataset/shared_dataset_seed9517/images/test/433/cf44fc3d-659e-41fd-bb26-2f9c6585bc5d.jpg,False
433,433,433,433,/content/dataset/shared_dataset_seed9517/images/test/433/fc54d105-da8d-4bdf-8c44-6e516fbb9dc3.jpg,True
434,434,434,434,/content/dataset/shared_dataset_seed9517/images/test/434/267e2523-29fe-4c0e-b46f-a46d0e36c571.jpg,True
434,434,434,434,/content/dataset/shared_dataset_seed9517/images/test/434/3d2bdd32-5f4a-416f-a9a0-33015f904e71.jpg,True
434,434,434,434,/content/dataset/shared_dataset_seed9517/images/test/434/76ab114e-186f-437b-8b7d-149397b3a638.jpg,True
434,435,434,435,/content/dataset/shared_dataset_seed9517/images/test/434/94da9c95-8b11-404b-9ebc-20a0c5fce8ac.jpg,False
434,434,434,434,/content/dataset/shared_dataset_seed9517/images/test/434/9e574794-07b3-4722-97ea-9e92bd6ebf76.jpg,True
434,434,434,434,/content/dataset/shared_dataset_seed9517/images/test/434/be9dc1c7-9961-4ab0-a5d7-01cc6d2ffbfc.jpg,True
434,434,434,434,/content/dataset/shared_dataset_seed9517/images/test/434/c5c64723-9f2f-4f13-a316-ffd23e25d3b0.jpg,True
434,434,434,434,/content/dataset/shared_dataset_seed9517/images/test/434/d95c79f1-4e8f-4f82-bea8-f65095222b09.jpg,True
434,434,434,434,/content/dataset/shared_dataset_seed9517/images/test/434/e005afee-9ee2-4bdd-85f4-29ac332e85fe.jpg,True
434,434,434,434,/content/dataset/shared_dataset_seed9517/images/test/434/f208a95f-61a8-424a-b886-6ed371158c3d.jpg,True
435,435,435,435,/content/dataset/shared_dataset_seed9517/images/test/435/0209e9f6-718a-4b4b-afd9-94a06bf9cda9.jpg,True
435,435,435,435,/content/dataset/shared_dataset_seed9517/images/test/435/036122a5-799a-4faa-baab-3f7d44bf4048.jpg,True
435,435,435,435,/content/dataset/shared_dataset_seed9517/images/test/435/0489af17-8fd4-4a25-84bd-7dc3e70bd9ec.jpg,True
435,427,435,427,/content/dataset/shared_dataset_seed9517/images/test/435/2e8b1c61-eaac-48ff-9c2a-29011ed1c1fc.jpg,False
435,435,435,435,/content/dataset/shared_dataset_seed9517/images/test/435/57d1bc8f-0e5a-49fe-982d-4597f3c96c84.jpg,True
435,435,435,435,/content/dataset/shared_dataset_seed9517/images/test/435/5df3cbaf-2cc0-4a4c-a543-f082137d259f.jpg,True
435,435,435,435,/content/dataset/shared_dataset_seed9517/images/test/435/5fd46c2f-5d10-4c49-9f7d-3e165089c438.jpg,True
435,435,435,435,/content/dataset/shared_dataset_seed9517/images/test/435/64572299-c700-4125-8350-79db3cb600f5.jpg,True
435,435,435,435,/content/dataset/shared_dataset_seed9517/images/test/435/705c28e8-2350-4124-88aa-79467f965f0a.jpg,True
435,435,435,435,/content/dataset/shared_dataset_seed9517/images/test/435/8e795815-c361-4814-b699-cf1aa9e6f69e.jpg,True
436,436,436,436,/content/dataset/shared_dataset_seed9517/images/test/436/419feec7-b3cb-478b-8c49-1145ab520e56.jpg,True
436,436,436,436,/content/dataset/shared_dataset_seed9517/images/test/436/4cbfe7dc-6cdd-42ec-8215-7ba9beaaf46f.jpg,True
436,436,436,436,/content/dataset/shared_dataset_seed9517/images/test/436/7a50fbb8-73d1-4009-9c1c-b5e9c0cc33ec.jpg,True
436,65,436,65,/content/dataset/shared_dataset_seed9517/images/test/436/7d3dc039-453d-4689-8ddd-26fac5ca607c.jpg,False
436,436,436,436,/content/dataset/shared_dataset_seed9517/images/test/436/993323e8-2923-47a1-b69d-f1b4db7616e3.jpg,True
436,348,436,348,/content/dataset/shared_dataset_seed9517/images/test/436/9bba656e-1df8-4f1d-8fab-8ba883446744.jpg,False
436,369,436,369,/content/dataset/shared_dataset_seed9517/images/test/436/c480d053-0e3f-4375-81d9-b10e7db6828d.jpg,False
436,436,436,436,/content/dataset/shared_dataset_seed9517/images/test/436/c9ad2f18-8f52-4fef-98d3-55d73549d028.jpg,True
436,436,436,436,/content/dataset/shared_dataset_seed9517/images/test/436/f22c2caa-958c-40de-b4e9-1ead7176fd18.jpg,True
436,462,436,462,/content/dataset/shared_dataset_seed9517/images/test/436/f793f0fb-83d9-45ec-912a-41c345d5ce32.jpg,False
437,437,437,437,/content/dataset/shared_dataset_seed9517/images/test/437/0668027b-988b-476d-a265-6d16a21c999f.jpg,True
437,403,437,403,/content/dataset/shared_dataset_seed9517/images/test/437/21e9dcb5-9fba-4f3a-b6c0-c7c2727fd015.jpg,False
437,437,437,437,/content/dataset/shared_dataset_seed9517/images/test/437/24d63ea8-a024-43b9-b4f3-babefcbe462d.jpg,True
437,437,437,437,/content/dataset/shared_dataset_seed9517/images/test/437/35a8b842-3034-4dfc-b7e2-886ddca9abc3.jpg,True
437,476,437,476,/content/dataset/shared_dataset_seed9517/images/test/437/4687250e-14f3-4225-b548-230e434984b6.jpg,False
437,437,437,437,/content/dataset/shared_dataset_seed9517/images/test/437/4c4c2f45-e855-43c7-9496-2d40bb66441e.jpg,True
437,314,437,314,/content/dataset/shared_dataset_seed9517/images/test/437/644b50f1-583f-4f11-a16e-6fa800e57918.jpg,False
437,437,437,437,/content/dataset/shared_dataset_seed9517/images/test/437/8b3b87b4-557f-4eb7-9005-b57efbf71030.jpg,True
437,476,437,476,/content/dataset/shared_dataset_seed9517/images/test/437/967a7a1c-743e-494a-abd1-bfdd9546220c.jpg,False
437,437,437,437,/content/dataset/shared_dataset_seed9517/images/test/437/96d985bf-1b2b-44df-aa33-66c90bb6b78f.jpg,True
438,438,438,438,/content/dataset/shared_dataset_seed9517/images/test/438/025c6bf0-f409-454f-befa-7aa9066bed71.jpg,True
438,438,438,438,/content/dataset/shared_dataset_seed9517/images/test/438/1a080637-7a5a-485d-a2bd-5f36efe45041.jpg,True
438,406,438,406,/content/dataset/shared_dataset_seed9517/images/test/438/222cc025-8ab6-467c-83cc-0dee881003af.jpg,False
438,334,438,334,/content/dataset/shared_dataset_seed9517/images/test/438/34f970d8-0478-43ed-90fa-3769ded6373f.jpg,False
438,334,438,334,/content/dataset/shared_dataset_seed9517/images/test/438/44476e9d-8b64-4ebb-bbec-211a17d12ab9.jpg,False
438,438,438,438,/content/dataset/shared_dataset_seed9517/images/test/438/51d6b949-d927-44dc-a636-4bd229a8f57c.jpg,True
438,438,438,438,/content/dataset/shared_dataset_seed9517/images/test/438/63d0da16-a8b6-44f4-9411-35a44b4be4cc.jpg,True
438,438,438,438,/content/dataset/shared_dataset_seed9517/images/test/438/8d6fa0cd-50ba-40b6-903d-405117a20682.jpg,True
438,438,438,438,/content/dataset/shared_dataset_seed9517/images/test/438/9fe5f8af-7f7d-43a1-ae20-94386c82dc12.jpg,True
438,438,438,438,/content/dataset/shared_dataset_seed9517/images/test/438/d069acb3-fc38-49f3-978f-440daae8f996.jpg,True
439,474,439,474,/content/dataset/shared_dataset_seed9517/images/test/439/2b5214ee-7d8d-444d-b91a-6a65bbc5701f.jpg,False
439,439,439,439,/content/dataset/shared_dataset_seed9517/images/test/439/2feab7fa-d899-43d6-ae5e-36678f153c45.jpg,True
439,301,439,301,/content/dataset/shared_dataset_seed9517/images/test/439/37f71045-e2b1-46d2-83a3-bd469b51f424.jpg,False
439,439,439,439,/content/dataset/shared_dataset_seed9517/images/test/439/3f27a57c-170c-4b96-8d28-814e268664ce.jpg,True
439,439,439,439,/content/dataset/shared_dataset_seed9517/images/test/439/4553650a-0f64-4554-ac58-5be5679aea44.jpg,True
439,439,439,439,/content/dataset/shared_dataset_seed9517/images/test/439/802c4be9-c93d-46b2-848d-2cf7c3570bd4.jpg,True
439,439,439,439,/content/dataset/shared_dataset_seed9517/images/test/439/b3c8d1fb-73bb-43a4-b507-65675da57c11.jpg,True
439,469,439,469,/content/dataset/shared_dataset_seed9517/images/test/439/e16b23f6-a010-40f5-9bfd-bc7bd1386226.jpg,False
439,366,439,366,/content/dataset/shared_dataset_seed9517/images/test/439/f2a7b7a8-93a9-4cd0-ab63-60d63125fdcd.jpg,False
439,465,439,465,/content/dataset/shared_dataset_seed9517/images/test/439/f4c30c03-c5a9-4f2c-bae9-eb94e5ccf7ac.jpg,False
440,439,440,439,/content/dataset/shared_dataset_seed9517/images/test/440/06d7315c-8b02-4feb-bc81-99dba248c6fc.jpg,False
440,417,440,417,/content/dataset/shared_dataset_seed9517/images/test/440/401393fa-098e-4d64-971f-45c3653426d3.jpg,False
440,469,440,469,/content/dataset/shared_dataset_seed9517/images/test/440/45f23aa7-2f24-414c-ad41-35a0a0dcfb71.jpg,False
440,469,440,469,/content/dataset/shared_dataset_seed9517/images/test/440/7afc7e67-d2ee-403f-8a4f-01d56af9f33a.jpg,False
440,440,440,440,/content/dataset/shared_dataset_seed9517/images/test/440/8416969a-feea-45ab-a74c-a5ea658fb403.jpg,True
440,439,440,439,/content/dataset/shared_dataset_seed9517/images/test/440/b0f89bbe-08f9-442e-b2ca-e7bcb9fe3d12.jpg,False
440,393,440,393,/content/dataset/shared_dataset_seed9517/images/test/440/bb132155-e21e-45e5-8bca-0a1ed8298603.jpg,False
440,440,440,440,/content/dataset/shared_dataset_seed9517/images/test/440/c3e12d0a-9975-4a5a-9a36-559c0c60a134.jpg,True
440,407,440,407,/content/dataset/shared_dataset_seed9517/images/test/440/ca788b93-abaa-4a48-aa45-c2eb46a75313.jpg,False
440,377,440,377,/content/dataset/shared_dataset_seed9517/images/test/440/d359919f-62a1-419a-972e-ef32f63252a3.jpg,False
441,441,441,441,/content/dataset/shared_dataset_seed9517/images/test/441/1624d7cd-df20-4892-8c14-f2e1124aa12b.jpg,True
441,146,441,146,/content/dataset/shared_dataset_seed9517/images/test/441/3acb06da-c811-474d-abbe-78eb8f257ed3.jpg,False
441,145,441,145,/content/dataset/shared_dataset_seed9517/images/test/441/74d5baff-4ed1-4195-9005-eea7a645241f.jpg,False
441,367,441,367,/content/dataset/shared_dataset_seed9517/images/test/441/7b2ddc76-c4e3-4f02-9cf3-55b1a2ebeab1.jpg,False
441,441,441,441,/content/dataset/shared_dataset_seed9517/images/test/441/8ce6b4b5-75c6-4a55-8b2d-2c50102e2241.jpg,True
441,441,441,441,/content/dataset/shared_dataset_seed9517/images/test/441/bb36830b-5b6b-4574-9298-96844a72628c.jpg,True
441,288,441,288,/content/dataset/shared_dataset_seed9517/images/test/441/d5660ee8-0427-470f-bfd0-a2d3eb96f761.jpg,False
441,325,441,325,/content/dataset/shared_dataset_seed9517/images/test/441/d6f14aaa-ffe5-4d12-a825-8ed76855cb57.jpg,False
441,406,441,406,/content/dataset/shared_dataset_seed9517/images/test/441/e623102d-1ee9-488b-8b2f-cccc91f2f84a.jpg,False
441,441,441,441,/content/dataset/shared_dataset_seed9517/images/test/441/e69db923-ab91-4627-a478-801cd72e15de.jpg,True
442,442,442,442,/content/dataset/shared_dataset_seed9517/images/test/442/0cc890c2-d823-49af-89fc-1771e4797bf7.jpg,True
442,442,442,442,/content/dataset/shared_dataset_seed9517/images/test/442/14ee43bd-2b36-43c4-b684-2b734f19cacc.jpg,True
442,442,442,442,/content/dataset/shared_dataset_seed9517/images/test/442/3572037f-be02-48fd-a11d-361815a1aeb1.jpg,True
442,442,442,442,/content/dataset/shared_dataset_seed9517/images/test/442/5a3375cc-de77-4b55-8749-bc63bc4cb8d9.jpg,True
442,442,442,442,/content/dataset/shared_dataset_seed9517/images/test/442/788badc1-0c74-4c14-9e34-235c07bbc24c.jpg,True
442,442,442,442,/content/dataset/shared_dataset_seed9517/images/test/442/8cc2b220-1fb0-45d2-a0dc-541bccbb5e4b.jpg,True
442,442,442,442,/content/dataset/shared_dataset_seed9517/images/test/442/92d18de9-fb29-49d2-9a50-8e7f3418fbad.jpg,True
442,442,442,442,/content/dataset/shared_dataset_seed9517/images/test/442/9402c299-c711-4675-b895-3d726bde6c27.jpg,True
442,442,442,442,/content/dataset/shared_dataset_seed9517/images/test/442/9815e178-1fa5-4ea0-84de-189c2e5c3a95.jpg,True
442,442,442,442,/content/dataset/shared_dataset_seed9517/images/test/442/e0e9d392-adaa-4f7b-9131-a0350fee7b9f.jpg,True
443,306,443,306,/content/dataset/shared_dataset_seed9517/images/test/443/04fd43b0-9efd-41e6-aef5-55997f95ce3b.jpg,False
443,443,443,443,/content/dataset/shared_dataset_seed9517/images/test/443/130dc5c5-d020-4470-9242-4776401430fc.jpg,True
443,443,443,443,/content/dataset/shared_dataset_seed9517/images/test/443/3b53ade9-7928-4cd7-8d87-3e635adf6bc5.jpg,True
443,458,443,458,/content/dataset/shared_dataset_seed9517/images/test/443/5d9c4084-bd00-43b5-ba57-c599256b75f5.jpg,False
443,443,443,443,/content/dataset/shared_dataset_seed9517/images/test/443/9a198bfd-3764-4a19-9168-9e6c4694ae94.jpg,True
443,97,443,97,/content/dataset/shared_dataset_seed9517/images/test/443/9c6cf0ab-26fb-40ee-ac29-a9970c0a2a5e.jpg,False
443,443,443,443,/content/dataset/shared_dataset_seed9517/images/test/443/abca2091-a4c9-491a-b30c-a75e270ee28d.jpg,True
443,443,443,443,/content/dataset/shared_dataset_seed9517/images/test/443/c6497c82-0427-4cc1-bb12-998adc54fb88.jpg,True
443,443,443,443,/content/dataset/shared_dataset_seed9517/images/test/443/c775ef2e-114b-4672-87c4-737a58bed303.jpg,True
443,443,443,443,/content/dataset/shared_dataset_seed9517/images/test/443/d98f0259-2624-4e0b-8ad3-a02d69141f6b.jpg,True
444,486,444,486,/content/dataset/shared_dataset_seed9517/images/test/444/096efc2c-585a-4425-90a5-fff612a3f587.jpg,False
444,444,444,444,/content/dataset/shared_dataset_seed9517/images/test/444/2dc4deef-0f4d-40c0-b8ad-8affb482d790.jpg,True
444,444,444,444,/content/dataset/shared_dataset_seed9517/images/test/444/3d44a0b9-a6b0-496f-8f36-b24976a8e5c5.jpg,True
444,444,444,444,/content/dataset/shared_dataset_seed9517/images/test/444/5dd399b2-14b8-4a13-935a-04f2b1926342.jpg,True
444,444,444,444,/content/dataset/shared_dataset_seed9517/images/test/444/8e89609c-f2d9-47d1-8936-2cbd441872a5.jpg,True
444,444,444,444,/content/dataset/shared_dataset_seed9517/images/test/444/c0550b84-38cf-4638-ac41-c9e104fb1dce.jpg,True
444,444,444,444,/content/dataset/shared_dataset_seed9517/images/test/444/cde6e6eb-b8a2-4c04-b0ed-1c85798eb4f5.jpg,True
444,444,444,444,/content/dataset/shared_dataset_seed9517/images/test/444/d50b43d1-8e4e-47de-8b02-46a597d0522f.jpg,True
444,444,444,444,/content/dataset/shared_dataset_seed9517/images/test/444/de2cad9f-3a88-4c74-a90b-7148dd89070a.jpg,True
444,444,444,444,/content/dataset/shared_dataset_seed9517/images/test/444/f22c104c-9a7a-4628-ba53-5ba1fd12d6f3.jpg,True
445,445,445,445,/content/dataset/shared_dataset_seed9517/images/test/445/54d0f863-a0ee-4533-94b9-f6e01ec136ce.jpg,True
445,445,445,445,/content/dataset/shared_dataset_seed9517/images/test/445/7bf39391-be08-4f58-95ff-1e6af6898745.jpg,True
445,445,445,445,/content/dataset/shared_dataset_seed9517/images/test/445/8efc218c-f00b-4742-b911-63506f656838.jpg,True
445,445,445,445,/content/dataset/shared_dataset_seed9517/images/test/445/a8a03f4f-e381-4497-a98d-b2366bb37246.jpg,True
445,445,445,445,/content/dataset/shared_dataset_seed9517/images/test/445/b97da194-0318-4f7a-a49f-d5ae1d18ecba.jpg,True
445,335,445,335,/content/dataset/shared_dataset_seed9517/images/test/445/c51b9078-2af4-459d-a098-2d1f3ef8f11f.jpg,False
445,445,445,445,/content/dataset/shared_dataset_seed9517/images/test/445/c903af6d-475e-46a4-805c-66e5e91f404d.jpg,True
445,445,445,445,/content/dataset/shared_dataset_seed9517/images/test/445/cf3fb820-e286-4b06-a6ee-3642b7598cd8.jpg,True
445,445,445,445,/content/dataset/shared_dataset_seed9517/images/test/445/d84ba42c-83c5-45c3-9eef-0f59dab00da5.jpg,True
445,445,445,445,/content/dataset/shared_dataset_seed9517/images/test/445/e5b0e583-232b-4166-89f0-c1343deb09a2.jpg,True
446,446,446,446,/content/dataset/shared_dataset_seed9517/images/test/446/09b495cb-9b2d-4824-8f60-54a60c9a6d69.jpg,True
446,446,446,446,/content/dataset/shared_dataset_seed9517/images/test/446/0f368213-190a-43c2-bdd9-4fcf92ace970.jpg,True
446,446,446,446,/content/dataset/shared_dataset_seed9517/images/test/446/111abc4a-aa3a-4e05-9e7d-43bc08f0b005.jpg,True
446,290,446,290,/content/dataset/shared_dataset_seed9517/images/test/446/2fe5bd00-9414-402f-9ed4-d765eec04a8e.jpg,False
446,446,446,446,/content/dataset/shared_dataset_seed9517/images/test/446/33440767-6cc2-423a-a895-f514d9390ecb.jpg,True
446,446,446,446,/content/dataset/shared_dataset_seed9517/images/test/446/3e3dd7bf-4483-42fa-a63f-0275e33d579a.jpg,True
446,446,446,446,/content/dataset/shared_dataset_seed9517/images/test/446/4e5440c8-2ccc-468d-883d-9726fec1e374.jpg,True
446,367,446,367,/content/dataset/shared_dataset_seed9517/images/test/446/65c81813-59c8-43a6-b0ab-2b32d2324c2e.jpg,False
446,446,446,446,/content/dataset/shared_dataset_seed9517/images/test/446/b894daf8-9526-4853-9dcc-e9afec464de0.jpg,True
446,446,446,446,/content/dataset/shared_dataset_seed9517/images/test/446/be10b440-906d-4e08-9286-b229fddebf8a.jpg,True
447,485,447,485,/content/dataset/shared_dataset_seed9517/images/test/447/15c3eb47-c89a-4f80-b98d-797d6cc51c73.jpg,False
447,444,447,444,/content/dataset/shared_dataset_seed9517/images/test/447/1a158a0c-2944-4017-a186-9fe2353c8752.jpg,False
447,447,447,447,/content/dataset/shared_dataset_seed9517/images/test/447/1fa374b5-bfe5-4466-b303-30135fdc7014.jpg,True
447,473,447,473,/content/dataset/shared_dataset_seed9517/images/test/447/4dd7b937-bf19-4a8f-98b1-104c6d96634c.jpg,False
447,447,447,447,/content/dataset/shared_dataset_seed9517/images/test/447/839efdd2-1e62-4abb-a47f-3dbb56a8a1da.jpg,True
447,379,447,379,/content/dataset/shared_dataset_seed9517/images/test/447/ce66f587-5cbd-4797-89da-316e4dc20e51.jpg,False
447,447,447,447,/content/dataset/shared_dataset_seed9517/images/test/447/d19f108e-28c9-4e16-abba-1f76ac688d2d.jpg,True
447,317,447,317,/content/dataset/shared_dataset_seed9517/images/test/447/dc65cf11-b478-472d-9d88-60c1d41b2092.jpg,False
447,447,447,447,/content/dataset/shared_dataset_seed9517/images/test/447/e65cf0f1-572b-4417-a7a7-c54e7d278630.jpg,True
447,379,447,379,/content/dataset/shared_dataset_seed9517/images/test/447/f926648e-7636-4f96-b942-77e351bf8f1d.jpg,False
448,448,448,448,/content/dataset/shared_dataset_seed9517/images/test/448/078b4177-7359-4b4c-8f7d-b9a16154a951.jpg,True
448,448,448,448,/content/dataset/shared_dataset_seed9517/images/test/448/1d087f7f-1477-439d-b42f-a03db9592a02.jpg,True
448,404,448,404,/content/dataset/shared_dataset_seed9517/images/test/448/2fc4d382-cd59-4a8c-999d-7b70ac2c49ae.jpg,False
448,413,448,413,/content/dataset/shared_dataset_seed9517/images/test/448/56999c64-29ac-4272-b12a-407e976bab20.jpg,False
448,448,448,448,/content/dataset/shared_dataset_seed9517/images/test/448/9904ae2b-9cec-4754-9d5e-ab7300e60807.jpg,True
448,448,448,448,/content/dataset/shared_dataset_seed9517/images/test/448/a27ca6cb-27c0-49c9-974e-ce813b2005b4.jpg,True
448,259,448,259,/content/dataset/shared_dataset_seed9517/images/test/448/a4abe1c6-a045-4b02-ac94-886851e019cb.jpg,False
448,448,448,448,/content/dataset/shared_dataset_seed9517/images/test/448/ae03e9c8-675d-4bf9-a51e-3c6673867e91.jpg,True
448,448,448,448,/content/dataset/shared_dataset_seed9517/images/test/448/c2399f22-f77f-40b3-a5a2-efff210e7841.jpg,True
448,448,448,448,/content/dataset/shared_dataset_seed9517/images/test/448/d480f675-253c-4381-b35d-e1bdb5a07d15.jpg,True
449,449,449,449,/content/dataset/shared_dataset_seed9517/images/test/449/34bf6ad2-81d4-408e-9aab-dad5c5b64265.jpg,True
449,359,449,359,/content/dataset/shared_dataset_seed9517/images/test/449/3938bf8e-d907-4dc1-95be-f4f63199d519.jpg,False
449,449,449,449,/content/dataset/shared_dataset_seed9517/images/test/449/3b9c9f70-8fcd-49bc-a5e0-d4d8d2533ec1.jpg,True
449,404,449,404,/content/dataset/shared_dataset_seed9517/images/test/449/48de8cf9-feb3-4cf7-8831-e4739f333f49.jpg,False
449,449,449,449,/content/dataset/shared_dataset_seed9517/images/test/449/4e7949cd-8595-4861-b228-437cf6bbd582.jpg,True
449,394,449,394,/content/dataset/shared_dataset_seed9517/images/test/449/5c8937c1-bf2d-42c7-bd94-2521987f9b75.jpg,False
449,5,449,5,/content/dataset/shared_dataset_seed9517/images/test/449/6d3def2b-8895-4522-83ca-c8e67fa096cf.jpg,False
449,449,449,449,/content/dataset/shared_dataset_seed9517/images/test/449/7a9f6a32-c7af-4eba-91bb-8cb2e45f829e.jpg,True
449,449,449,449,/content/dataset/shared_dataset_seed9517/images/test/449/b78356fc-0b79-42fa-8ab6-6038cbdaefe5.jpg,True
449,449,449,449,/content/dataset/shared_dataset_seed9517/images/test/449/bf6c952c-3e44-4880-8f5b-04b64c94e9dd.jpg,True
450,450,450,450,/content/dataset/shared_dataset_seed9517/images/test/450/2593578d-f062-4054-b428-cfe3a512374a.jpg,True
450,450,450,450,/content/dataset/shared_dataset_seed9517/images/test/450/2aae3161-9620-41e4-8716-03844759c572.jpg,True
450,450,450,450,/content/dataset/shared_dataset_seed9517/images/test/450/2b5ec9f4-a627-41c1-90bc-2885c5df72f1.jpg,True
450,450,450,450,/content/dataset/shared_dataset_seed9517/images/test/450/6447675f-d0bf-4ca6-8f96-d1ac1a7bced3.jpg,True
450,450,450,450,/content/dataset/shared_dataset_seed9517/images/test/450/aa013476-5414-4562-bc9a-a7df6430e140.jpg,True
450,450,450,450,/content/dataset/shared_dataset_seed9517/images/test/450/aa2356da-dad2-49f1-be1b-7f03217b0d82.jpg,True
450,450,450,450,/content/dataset/shared_dataset_seed9517/images/test/450/b233983d-bb62-4e26-9904-342c10980659.jpg,True
450,450,450,450,/content/dataset/shared_dataset_seed9517/images/test/450/bde77bdf-eccb-440f-87c2-04a90577850c.jpg,True
450,450,450,450,/content/dataset/shared_dataset_seed9517/images/test/450/eb8448ed-c0d0-4e99-ab32-8ea258b445b0.jpg,True
450,450,450,450,/content/dataset/shared_dataset_seed9517/images/test/450/fb9277b0-b686-48f0-b0c4-e69e812040fd.jpg,True
451,312,451,312,/content/dataset/shared_dataset_seed9517/images/test/451/11d6daa6-456e-4978-9540-db90102624c5.jpg,False
451,451,451,451,/content/dataset/shared_dataset_seed9517/images/test/451/1277d6fd-ea70-469b-afdc-91e083e09f95.jpg,True
451,396,451,396,/content/dataset/shared_dataset_seed9517/images/test/451/46d442f6-bbf2-4c70-9fad-ef63248140b0.jpg,False
451,451,451,451,/content/dataset/shared_dataset_seed9517/images/test/451/7a9f8981-479a-4212-a1e1-4057755d7e85.jpg,True
451,460,451,460,/content/dataset/shared_dataset_seed9517/images/test/451/8499e9bf-a09b-49d4-aacc-7f4a41b385ba.jpg,False
451,451,451,451,/content/dataset/shared_dataset_seed9517/images/test/451/9f6b06c5-62f9-4fb7-8878-9f8f67c758af.jpg,True
451,451,451,451,/content/dataset/shared_dataset_seed9517/images/test/451/ce202ff8-abc7-493b-94b2-e6136393809a.jpg,True
451,451,451,451,/content/dataset/shared_dataset_seed9517/images/test/451/d48e1f66-e396-414e-bbfe-fced325ae4fb.jpg,True
451,313,451,313,/content/dataset/shared_dataset_seed9517/images/test/451/d5500751-dfb3-44b8-8a57-01189c616320.jpg,False
451,312,451,312,/content/dataset/shared_dataset_seed9517/images/test/451/e55aa8f2-fee1-4d9f-8d68-5a1e8f7c9aa6.jpg,False
452,452,452,452,/content/dataset/shared_dataset_seed9517/images/test/452/05f516a0-b72d-4dcd-a76d-0e698c31ad99.jpg,True
452,452,452,452,/content/dataset/shared_dataset_seed9517/images/test/452/07bc3943-7b9d-452f-89c7-5762dfb181b0.jpg,True
452,343,452,343,/content/dataset/shared_dataset_seed9517/images/test/452/1ffe95b0-6464-4348-9cd9-a751767659cf.jpg,False
452,452,452,452,/content/dataset/shared_dataset_seed9517/images/test/452/2edb82cb-a985-4381-9bc2-9e5028d13be2.jpg,True
452,452,452,452,/content/dataset/shared_dataset_seed9517/images/test/452/61ae446d-b20c-458f-92b1-54e87ac9de2c.jpg,True
452,452,452,452,/content/dataset/shared_dataset_seed9517/images/test/452/6bb24ce8-be5f-4fe1-b14a-146f1dd4c258.jpg,True
452,452,452,452,/content/dataset/shared_dataset_seed9517/images/test/452/8648b810-1de2-43c0-a843-40bb63e61acb.jpg,True
452,341,452,341,/content/dataset/shared_dataset_seed9517/images/test/452/8d93131c-1480-4fa3-b7f1-bce3aee2f433.jpg,False
452,452,452,452,/content/dataset/shared_dataset_seed9517/images/test/452/e629300d-4790-420d-a514-90ec26df3c8a.jpg,True
452,452,452,452,/content/dataset/shared_dataset_seed9517/images/test/452/ea51b25f-a938-44e6-8b14-0ebf18d488fa.jpg,True
453,453,453,453,/content/dataset/shared_dataset_seed9517/images/test/453/2004eedc-5c50-4075-9af8-8fa1cb5dcb91.jpg,True
453,453,453,453,/content/dataset/shared_dataset_seed9517/images/test/453/268ad996-f411-425e-b633-f380bc77a7cc.jpg,True
453,453,453,453,/content/dataset/shared_dataset_seed9517/images/test/453/3738f326-9de2-472c-99ff-dd316bf3c118.jpg,True
453,453,453,453,/content/dataset/shared_dataset_seed9517/images/test/453/5081bb1d-a3b8-4a1f-a062-747e6977fab9.jpg,True
453,453,453,453,/content/dataset/shared_dataset_seed9517/images/test/453/59ad962e-433c-4309-aeae-8b823e2ebe4b.jpg,True
453,457,453,457,/content/dataset/shared_dataset_seed9517/images/test/453/73e2f4dd-a0ad-41a2-bdf9-39d436d3754e.jpg,False
453,453,453,453,/content/dataset/shared_dataset_seed9517/images/test/453/a31824eb-a0ec-4ead-b7a2-b5688505e96e.jpg,True
453,453,453,453,/content/dataset/shared_dataset_seed9517/images/test/453/b5947900-178c-4312-884a-a64ce468d352.jpg,True
453,453,453,453,/content/dataset/shared_dataset_seed9517/images/test/453/e2fbe2b3-7c19-4116-b663-eeb06c398d15.jpg,True
453,453,453,453,/content/dataset/shared_dataset_seed9517/images/test/453/edfaedb7-5eb0-43a4-9589-b0dba13945e1.jpg,True
454,286,454,286,/content/dataset/shared_dataset_seed9517/images/test/454/255394eb-a208-4faa-88f8-4419fcf96408.jpg,False
454,454,454,454,/content/dataset/shared_dataset_seed9517/images/test/454/2e8185e6-8be2-40f4-8937-8fca7d315d2f.jpg,True
454,454,454,454,/content/dataset/shared_dataset_seed9517/images/test/454/7a248363-4453-4c55-8196-8c996b8f3371.jpg,True
454,454,454,454,/content/dataset/shared_dataset_seed9517/images/test/454/8ff71a7a-4e63-4d57-ba41-f921ecac8968.jpg,True
454,454,454,454,/content/dataset/shared_dataset_seed9517/images/test/454/997fc1a1-1e98-4d26-a29a-40fa0f6288d5.jpg,True
454,454,454,454,/content/dataset/shared_dataset_seed9517/images/test/454/9d2225a7-b206-4c88-ac50-56e5459451d5.jpg,True
454,419,454,419,/content/dataset/shared_dataset_seed9517/images/test/454/d2ffcb1e-30a6-4be5-b781-cbc27e06893c.jpg,False
454,454,454,454,/content/dataset/shared_dataset_seed9517/images/test/454/d5d77196-408b-4548-9e99-b75dbcccfc8b.jpg,True
454,454,454,454,/content/dataset/shared_dataset_seed9517/images/test/454/df8b9c93-c85f-4ffa-85d8-84aa3e317aa5.jpg,True
454,473,454,473,/content/dataset/shared_dataset_seed9517/images/test/454/e1f86296-0e5b-4f9c-93d1-e72155796ed6.jpg,False
455,455,455,455,/content/dataset/shared_dataset_seed9517/images/test/455/197abc3b-b578-43c5-bf77-85385ba81131.jpg,True
455,455,455,455,/content/dataset/shared_dataset_seed9517/images/test/455/324674e9-6f44-453b-8fc5-53dda100de55.jpg,True
455,455,455,455,/content/dataset/shared_dataset_seed9517/images/test/455/65ebb536-ddc6-4ad1-88d8-c69c4ea19f49.jpg,True
455,389,455,389,/content/dataset/shared_dataset_seed9517/images/test/455/6617c156-0f6f-4c7a-b7fd-0f93dc59535d.jpg,False
455,455,455,455,/content/dataset/shared_dataset_seed9517/images/test/455/8ac5704b-5d1c-4be8-ba03-4d94e25adc8e.jpg,True
455,455,455,455,/content/dataset/shared_dataset_seed9517/images/test/455/8becd4a4-1994-4ce7-af58-fd98d901934f.jpg,True
455,455,455,455,/content/dataset/shared_dataset_seed9517/images/test/455/90f5d8bd-c809-4c0e-925b-3c5b23ba8003.jpg,True
455,455,455,455,/content/dataset/shared_dataset_seed9517/images/test/455/9916291f-9284-4bfe-a0c3-f8278ff0fee1.jpg,True
455,455,455,455,/content/dataset/shared_dataset_seed9517/images/test/455/a5456243-bb68-4df6-9225-5d65d2441bfb.jpg,True
455,455,455,455,/content/dataset/shared_dataset_seed9517/images/test/455/b68a2ee4-1c9a-4518-ba03-af7a95d9e0ce.jpg,True
456,456,456,456,/content/dataset/shared_dataset_seed9517/images/test/456/1c69e212-3c19-411b-a9c9-aeb3747ebaf4.jpg,True
456,361,456,361,/content/dataset/shared_dataset_seed9517/images/test/456/5340b175-53d3-4c3e-9130-b46d57fdfb46.jpg,False
456,456,456,456,/content/dataset/shared_dataset_seed9517/images/test/456/612a4ca4-92ea-434d-90c5-096b1bf60127.jpg,True
456,456,456,456,/content/dataset/shared_dataset_seed9517/images/test/456/8a8610ad-f2b8-4366-8364-270e630f30ca.jpg,True
456,361,456,361,/content/dataset/shared_dataset_seed9517/images/test/456/979b32d4-05d8-44cd-a7ba-3150be053e84.jpg,False
456,456,456,456,/content/dataset/shared_dataset_seed9517/images/test/456/b577841a-7ea9-414b-8e65-4916257a73e3.jpg,True
456,306,456,306,/content/dataset/shared_dataset_seed9517/images/test/456/bda2b9ab-4baf-42ba-aa42-3ca28c22964d.jpg,False
456,456,456,456,/content/dataset/shared_dataset_seed9517/images/test/456/ca64b433-902f-4283-96f7-24d2d5e3c04f.jpg,True
456,456,456,456,/content/dataset/shared_dataset_seed9517/images/test/456/ec185fb5-681a-4e2b-8183-4dd9389be02a.jpg,True
456,424,456,424,/content/dataset/shared_dataset_seed9517/images/test/456/f77ed177-c6c9-4dd1-81b7-7359ed40d037.jpg,False
457,457,457,457,/content/dataset/shared_dataset_seed9517/images/test/457/00c50057-009b-46e2-b7e4-dd5d1f97271b.jpg,True
457,340,457,340,/content/dataset/shared_dataset_seed9517/images/test/457/193e6cf4-8466-4b84-ac91-7474b0c1cba1.jpg,False
457,457,457,457,/content/dataset/shared_dataset_seed9517/images/test/457/3bb9d61e-ba30-466a-a658-bf4fbde74a89.jpg,True
457,95,457,95,/content/dataset/shared_dataset_seed9517/images/test/457/461bbd79-49aa-47ff-878b-50f3eac58903.jpg,False
457,289,457,289,/content/dataset/shared_dataset_seed9517/images/test/457/4d1bcb6b-9b57-43ad-87ec-3199d225181d.jpg,False
457,457,457,457,/content/dataset/shared_dataset_seed9517/images/test/457/7783e15e-3174-4656-9f68-313feeb6b8c0.jpg,True
457,457,457,457,/content/dataset/shared_dataset_seed9517/images/test/457/89c211b0-0708-4bad-a02f-bd8b629701a4.jpg,True
457,282,457,282,/content/dataset/shared_dataset_seed9517/images/test/457/9e197197-6297-4758-9fb2-7fa23a2f977a.jpg,False
457,457,457,457,/content/dataset/shared_dataset_seed9517/images/test/457/a6f15c3a-5db3-4ac4-b18f-321c2e68495b.jpg,True
457,457,457,457,/content/dataset/shared_dataset_seed9517/images/test/457/e30a8623-e52e-43ef-bb63-bb3ed1fb520c.jpg,True
458,458,458,458,/content/dataset/shared_dataset_seed9517/images/test/458/2688c955-7369-4092-9615-ee0ad54dc9db.jpg,True
458,457,458,457,/content/dataset/shared_dataset_seed9517/images/test/458/3484bc1c-eb54-4ad6-9ef7-06c30a4cff40.jpg,False
458,462,458,462,/content/dataset/shared_dataset_seed9517/images/test/458/8eabac8e-ca8c-4ba2-abff-05627cbe3633.jpg,False
458,458,458,458,/content/dataset/shared_dataset_seed9517/images/test/458/90135e88-d99a-40cd-8788-1ac3b4471fc2.jpg,True
458,458,458,458,/content/dataset/shared_dataset_seed9517/images/test/458/94ca476b-a363-4c76-8614-7a473171ddc6.jpg,True
458,458,458,458,/content/dataset/shared_dataset_seed9517/images/test/458/ad13954e-1982-49f1-bd16-43b5eb5a395a.jpg,True
458,458,458,458,/content/dataset/shared_dataset_seed9517/images/test/458/b9381160-2cac-4674-978b-bf59a6a8edbe.jpg,True
458,452,458,452,/content/dataset/shared_dataset_seed9517/images/test/458/c4b8dc23-a3de-40f1-a00a-e9ed187e09ef.jpg,False
458,458,458,458,/content/dataset/shared_dataset_seed9517/images/test/458/c7714fd7-a738-4b47-99d5-2eb29bcd8662.jpg,True
458,458,458,458,/content/dataset/shared_dataset_seed9517/images/test/458/eed54ba4-01f6-4997-bca8-f05fa6d89533.jpg,True
459,485,459,485,/content/dataset/shared_dataset_seed9517/images/test/459/02d04859-7311-4ba6-a11d-5a1be1575e87.jpg,False
459,459,459,459,/content/dataset/shared_dataset_seed9517/images/test/459/0fc284b6-7f97-4fd3-9469-f82b24c4645e.jpg,True
459,459,459,459,/content/dataset/shared_dataset_seed9517/images/test/459/18202f6d-1ace-4e21-942c-f2ceed1ca34e.jpg,True
459,470,459,470,/content/dataset/shared_dataset_seed9517/images/test/459/2676c730-f044-40fe-aa6f-5a47569393ee.jpg,False
459,459,459,459,/content/dataset/shared_dataset_seed9517/images/test/459/7485734f-adac-478c-b41b-207fce1ba76b.jpg,True
459,432,459,432,/content/dataset/shared_dataset_seed9517/images/test/459/c8f0151c-1b3d-4fff-97be-9b9da574aab5.jpg,False
459,459,459,459,/content/dataset/shared_dataset_seed9517/images/test/459/cf84894f-2687-4bac-898b-fc1ba8ffad8e.jpg,True
459,404,459,404,/content/dataset/shared_dataset_seed9517/images/test/459/daa61ba0-7473-4bfb-b117-77ac4adea436.jpg,False
459,470,459,470,/content/dataset/shared_dataset_seed9517/images/test/459/f261c511-8c9f-4d6e-b350-1986c8f60240.jpg,False
459,441,459,441,/content/dataset/shared_dataset_seed9517/images/test/459/f8250b0c-1292-4fb0-b635-38e6e252e333.jpg,False
460,460,460,460,/content/dataset/shared_dataset_seed9517/images/test/460/03ba1d12-cef8-4ae5-80f7-a8cbe1ca6b48.jpg,True
460,479,460,479,/content/dataset/shared_dataset_seed9517/images/test/460/6c1b0ec9-93cb-483c-8e73-b53f46f81bb2.jpg,False
460,349,460,349,/content/dataset/shared_dataset_seed9517/images/test/460/7b71fdb3-1adc-4161-8c42-611ed6bf4668.jpg,False
460,460,460,460,/content/dataset/shared_dataset_seed9517/images/test/460/8961ad36-92eb-4e63-bf79-30ca86ef2521.jpg,True
460,460,460,460,/content/dataset/shared_dataset_seed9517/images/test/460/89f24a64-1293-4ed8-afc9-c426afb2fa2f.jpg,True
460,460,460,460,/content/dataset/shared_dataset_seed9517/images/test/460/91edba0d-9538-422a-a510-efac1e1ab4ea.jpg,True
460,460,460,460,/content/dataset/shared_dataset_seed9517/images/test/460/97202bbd-a8f1-4bf2-b992-885e73984705.jpg,True
460,460,460,460,/content/dataset/shared_dataset_seed9517/images/test/460/ba7dfcf2-2849-4f41-b05f-1b77619baedd.jpg,True
460,475,460,475,/content/dataset/shared_dataset_seed9517/images/test/460/d4e63dbd-22c1-4d32-bb80-01d0cc813d0a.jpg,False
460,460,460,460,/content/dataset/shared_dataset_seed9517/images/test/460/ee05ea97-3a88-499e-b307-24b918a4c735.jpg,True
461,461,461,461,/content/dataset/shared_dataset_seed9517/images/test/461/0d90ef93-b706-4def-815b-efba00458c73.jpg,True
461,461,461,461,/content/dataset/shared_dataset_seed9517/images/test/461/0d9e69a6-c1a5-4b02-8d4c-d0a0f0432de5.jpg,True
461,434,461,434,/content/dataset/shared_dataset_seed9517/images/test/461/1aa82338-c721-4cc0-9608-5b47ebba00a1.jpg,False
461,461,461,461,/content/dataset/shared_dataset_seed9517/images/test/461/2eb9e24f-faf5-460e-ba8a-2dcb96f7a3f4.jpg,True
461,461,461,461,/content/dataset/shared_dataset_seed9517/images/test/461/3574a183-f192-495c-8880-eeef285599b9.jpg,True
461,461,461,461,/content/dataset/shared_dataset_seed9517/images/test/461/460a2242-7852-4493-8796-da46023bf547.jpg,True
461,461,461,461,/content/dataset/shared_dataset_seed9517/images/test/461/739e0134-cf29-4d3a-871a-a41ba8d184a6.jpg,True
461,476,461,476,/content/dataset/shared_dataset_seed9517/images/test/461/85cd23ee-8b6b-4966-a148-4ac06fe97e4c.jpg,False
461,379,461,379,/content/dataset/shared_dataset_seed9517/images/test/461/c32e9c0e-09d4-4288-a232-fe687dd97a0f.jpg,False
461,461,461,461,/content/dataset/shared_dataset_seed9517/images/test/461/ce180c3d-ff47-46ef-8d4a-8c8e100e3775.jpg,True
462,462,462,462,/content/dataset/shared_dataset_seed9517/images/test/462/4fb80049-9564-48cf-9e1b-53ee470891ae.jpg,True
462,462,462,462,/content/dataset/shared_dataset_seed9517/images/test/462/5b503e69-c482-4603-9589-93ec5af97cc7.jpg,True
462,462,462,462,/content/dataset/shared_dataset_seed9517/images/test/462/5f2d31c0-332e-427f-849d-f2e1ba1224f5.jpg,True
462,462,462,462,/content/dataset/shared_dataset_seed9517/images/test/462/70f24298-da27-4931-a63b-13179ec03c68.jpg,True
462,462,462,462,/content/dataset/shared_dataset_seed9517/images/test/462/7286a8d5-482c-4207-a78a-f7d9b440f76f.jpg,True
462,462,462,462,/content/dataset/shared_dataset_seed9517/images/test/462/89f352ff-8be1-48ee-95d4-6c38832d43a0.jpg,True
462,462,462,462,/content/dataset/shared_dataset_seed9517/images/test/462/bd7050c3-83e4-4d1b-ab48-b1bba56bda23.jpg,True
462,462,462,462,/content/dataset/shared_dataset_seed9517/images/test/462/db72872e-c89a-4066-9ee4-210f39c5a6e1.jpg,True
462,462,462,462,/content/dataset/shared_dataset_seed9517/images/test/462/e1175aa3-d5d4-47e9-93b8-0bc6219fa434.jpg,True
462,462,462,462,/content/dataset/shared_dataset_seed9517/images/test/462/ee9a4886-0980-4cf7-9508-142f3a96f253.jpg,True
463,463,463,463,/content/dataset/shared_dataset_seed9517/images/test/463/056c09f4-d76b-4783-b656-e8113a6b792b.jpg,True
463,463,463,463,/content/dataset/shared_dataset_seed9517/images/test/463/36144085-8285-421b-8d9e-869bafa0a55e.jpg,True
463,463,463,463,/content/dataset/shared_dataset_seed9517/images/test/463/5f7d2ea3-ab38-4534-8c02-89ab4504f3d1.jpg,True
463,372,463,372,/content/dataset/shared_dataset_seed9517/images/test/463/7902ed42-e439-405d-896d-6f8d12f8a4aa.jpg,False
463,463,463,463,/content/dataset/shared_dataset_seed9517/images/test/463/84994443-6063-48a8-aab3-26b695b0a5ec.jpg,True
463,463,463,463,/content/dataset/shared_dataset_seed9517/images/test/463/cae8cefe-b3f4-4efc-8dec-6e417ebf884b.jpg,True
463,463,463,463,/content/dataset/shared_dataset_seed9517/images/test/463/e8ff1277-25df-404f-8338-ce7e2b22cce3.jpg,True
463,463,463,463,/content/dataset/shared_dataset_seed9517/images/test/463/ed6012e8-7eef-45cd-aa8e-d71b1257b257.jpg,True
463,24,463,24,/content/dataset/shared_dataset_seed9517/images/test/463/f01ce085-0fe7-4fb8-a163-fc3da7dc2e1e.jpg,False
463,463,463,463,/content/dataset/shared_dataset_seed9517/images/test/463/f95c419f-3109-4730-aadc-b7ea46c8d961.jpg,True
464,464,464,464,/content/dataset/shared_dataset_seed9517/images/test/464/0424f1ec-72d4-4896-bce1-66c79500fdec.jpg,True
464,474,464,474,/content/dataset/shared_dataset_seed9517/images/test/464/0cd9c4ab-3606-422e-bb7d-b31dec629385.jpg,False
464,464,464,464,/content/dataset/shared_dataset_seed9517/images/test/464/1b76eda4-8974-4c09-8112-bf0e88619137.jpg,True
464,464,464,464,/content/dataset/shared_dataset_seed9517/images/test/464/3a15ff27-97a5-4ec4-b6f4-6e841ad54db4.jpg,True
464,465,464,465,/content/dataset/shared_dataset_seed9517/images/test/464/46125b8d-6349-410e-b1bb-ea3ce82ad650.jpg,False
464,388,464,388,/content/dataset/shared_dataset_seed9517/images/test/464/549ddd51-d919-4720-83ce-a66314bf1915.jpg,False
464,464,464,464,/content/dataset/shared_dataset_seed9517/images/test/464/6cae571d-7d04-48ae-b9a0-39d006b8ea64.jpg,True
464,464,464,464,/content/dataset/shared_dataset_seed9517/images/test/464/aa7d65a2-2fb7-453c-8768-a6a7e158a087.jpg,True
464,388,464,388,/content/dataset/shared_dataset_seed9517/images/test/464/eb5c72ad-90c1-42b7-a0f5-f3dd95534059.jpg,False
464,464,464,464,/content/dataset/shared_dataset_seed9517/images/test/464/f4e7bac7-c9ba-4597-b3a7-a64c3467c88a.jpg,True
465,465,465,465,/content/dataset/shared_dataset_seed9517/images/test/465/075b580f-0d01-426c-9045-93b03781a21a.jpg,True
465,465,465,465,/content/dataset/shared_dataset_seed9517/images/test/465/244f73e4-134f-41ba-8964-3155f9800f4d.jpg,True
465,472,465,472,/content/dataset/shared_dataset_seed9517/images/test/465/2ccc8226-fdec-48a8-ac83-7e73ae63061c.jpg,False
465,465,465,465,/content/dataset/shared_dataset_seed9517/images/test/465/56b7a6d7-494f-4e0b-9176-93aaaad2f167.jpg,True
465,465,465,465,/content/dataset/shared_dataset_seed9517/images/test/465/716722c5-b32f-4aac-8eee-bdd03830d547.jpg,True
465,465,465,465,/content/dataset/shared_dataset_seed9517/images/test/465/90397d7b-2a16-4a0e-9b09-2cdeefbfb445.jpg,True
465,38,465,38,/content/dataset/shared_dataset_seed9517/images/test/465/a48542b3-0295-4e83-8f4e-8268a9e638ec.jpg,False
465,405,465,405,/content/dataset/shared_dataset_seed9517/images/test/465/d93e0955-599d-4ceb-b5eb-745b6513719a.jpg,False
465,465,465,465,/content/dataset/shared_dataset_seed9517/images/test/465/dae621fd-286d-47fd-9f63-966df5eee8a2.jpg,True
465,465,465,465,/content/dataset/shared_dataset_seed9517/images/test/465/ea3e7334-bedc-4232-99d4-93d88b078e46.jpg,True
466,466,466,466,/content/dataset/shared_dataset_seed9517/images/test/466/040f7fef-98ab-4e50-86f7-2096c546ff5c.jpg,True
466,331,466,331,/content/dataset/shared_dataset_seed9517/images/test/466/4887abd8-3575-4425-83a6-2235c39bf9d9.jpg,False
466,466,466,466,/content/dataset/shared_dataset_seed9517/images/test/466/52f71fd9-c56b-4452-acde-6e2d35532e84.jpg,True
466,366,466,366,/content/dataset/shared_dataset_seed9517/images/test/466/58758649-ae8b-4797-a16b-919cb2ad03bf.jpg,False
466,466,466,466,/content/dataset/shared_dataset_seed9517/images/test/466/719726e1-1857-4b3a-b43f-3cb976cc3c5b.jpg,True
466,466,466,466,/content/dataset/shared_dataset_seed9517/images/test/466/72033db7-cedc-4211-b36c-94c1e3c5cc51.jpg,True
466,473,466,473,/content/dataset/shared_dataset_seed9517/images/test/466/aadaafee-4fbe-4fb1-b63b-0beb441d1461.jpg,False
466,461,466,461,/content/dataset/shared_dataset_seed9517/images/test/466/c37015c9-7fd4-4631-8e93-0e5d4888f8b4.jpg,False
466,466,466,466,/content/dataset/shared_dataset_seed9517/images/test/466/c66858d7-111d-4e5a-9975-225aa73a751d.jpg,True
466,411,466,411,/content/dataset/shared_dataset_seed9517/images/test/466/f581858a-6dce-44d3-9def-04a14b486658.jpg,False
467,405,467,405,/content/dataset/shared_dataset_seed9517/images/test/467/63de9373-4553-4fc4-8254-0aa8b828e013.jpg,False
467,435,467,435,/content/dataset/shared_dataset_seed9517/images/test/467/7eda81c7-6eab-4fe9-aa28-80319cdb2b60.jpg,False
467,467,467,467,/content/dataset/shared_dataset_seed9517/images/test/467/8c9a831c-6ba1-4e57-80d6-5e801aa7518f.jpg,True
467,312,467,312,/content/dataset/shared_dataset_seed9517/images/test/467/8ed8cfe0-ca9b-4f18-a8ff-b43ffce3ddf3.jpg,False
467,403,467,403,/content/dataset/shared_dataset_seed9517/images/test/467/b0423bd1-0616-4219-846d-d6ccc0ebd7d9.jpg,False
467,113,467,113,/content/dataset/shared_dataset_seed9517/images/test/467/dc3d831f-171b-413c-8ec6-ace60516f728.jpg,False
467,447,467,447,/content/dataset/shared_dataset_seed9517/images/test/467/e08bc016-1ce9-4e50-b626-7cfac46fb46c.jpg,False
467,467,467,467,/content/dataset/shared_dataset_seed9517/images/test/467/e47acd96-848b-4154-b50e-acb3023d4c89.jpg,True
467,467,467,467,/content/dataset/shared_dataset_seed9517/images/test/467/e802d460-35d1-4d02-9f7c-76bbae932f8a.jpg,True
467,403,467,403,/content/dataset/shared_dataset_seed9517/images/test/467/ea4b9294-f26d-4bb6-9e6a-0027a9b26831.jpg,False
468,468,468,468,/content/dataset/shared_dataset_seed9517/images/test/468/381340cb-0b4e-4236-ac42-b0ee57808c3e.jpg,True
468,373,468,373,/content/dataset/shared_dataset_seed9517/images/test/468/555c8462-0ea1-4ec1-8b79-fe55d8295cab.jpg,False
468,469,468,469,/content/dataset/shared_dataset_seed9517/images/test/468/6627d367-f74b-4001-886a-e80a91ba2a3a.jpg,False
468,305,468,305,/content/dataset/shared_dataset_seed9517/images/test/468/8fae50f9-e1b3-43f8-a247-ee74d3054ec4.jpg,False
468,468,468,468,/content/dataset/shared_dataset_seed9517/images/test/468/d28ceb15-e1a3-404e-9a50-7017ce97c956.jpg,True
468,468,468,468,/content/dataset/shared_dataset_seed9517/images/test/468/d5111bdc-20dc-444c-8ec2-33b446f2d3b1.jpg,True
468,459,468,459,/content/dataset/shared_dataset_seed9517/images/test/468/d6756489-618b-4055-9df0-202ce9e314d3.jpg,False
468,319,468,319,/content/dataset/shared_dataset_seed9517/images/test/468/e9f72628-8187-47e6-958f-9c9d74ad987e.jpg,False
468,402,468,402,/content/dataset/shared_dataset_seed9517/images/test/468/ecf710e5-8773-4aef-9880-e1b508ec9d7c.jpg,False
468,468,468,468,/content/dataset/shared_dataset_seed9517/images/test/468/f5588fd3-a3a2-43e8-ad3c-70a96719d998.jpg,True
469,430,469,430,/content/dataset/shared_dataset_seed9517/images/test/469/0bd79acd-fcba-415f-8ad7-034735f11976.jpg,False
469,319,469,319,/content/dataset/shared_dataset_seed9517/images/test/469/2ea52477-edd6-406c-8232-7dd7e60d1f55.jpg,False
469,402,469,402,/content/dataset/shared_dataset_seed9517/images/test/469/53fd0b94-4d72-42f9-b048-f6f15b3b692f.jpg,False
469,459,469,459,/content/dataset/shared_dataset_seed9517/images/test/469/7e170bfa-d828-4af5-b7a1-935bc96fe608.jpg,False
469,469,469,469,/content/dataset/shared_dataset_seed9517/images/test/469/8c67d3e8-ec38-48dd-b550-5cd1f91010c3.jpg,True
469,448,469,448,/content/dataset/shared_dataset_seed9517/images/test/469/b5ae24d8-33f3-4e07-8a3e-db7e7aea9fc6.jpg,False
469,230,469,230,/content/dataset/shared_dataset_seed9517/images/test/469/c1924092-a927-4f43-ba07-f95160825e87.jpg,False
469,469,469,469,/content/dataset/shared_dataset_seed9517/images/test/469/cfbfcc13-df37-4151-8d40-4619be8e5c17.jpg,True
469,469,469,469,/content/dataset/shared_dataset_seed9517/images/test/469/dd4ab25b-3a53-4f0f-9398-dcf3591c8d64.jpg,True
469,486,469,486,/content/dataset/shared_dataset_seed9517/images/test/469/fdd09d8e-5468-44f6-aa93-8d601716efab.jpg,False
470,470,470,470,/content/dataset/shared_dataset_seed9517/images/test/470/04438428-124c-4f4f-bff1-5fa0cee87557.jpg,True
470,335,470,335,/content/dataset/shared_dataset_seed9517/images/test/470/1e87b3b4-cb4b-4579-9a57-eb3978d3361c.jpg,False
470,312,470,312,/content/dataset/shared_dataset_seed9517/images/test/470/61bafb66-b226-4606-9fce-e4107c95bd38.jpg,False
470,470,470,470,/content/dataset/shared_dataset_seed9517/images/test/470/783741ae-86ff-4677-a8eb-932c93fece1e.jpg,True
470,470,470,470,/content/dataset/shared_dataset_seed9517/images/test/470/7974e6db-c0f0-42c1-aff7-779f44c36775.jpg,True
470,470,470,470,/content/dataset/shared_dataset_seed9517/images/test/470/82102c58-6732-4aa0-96a8-ab9ff7ea6c09.jpg,True
470,470,470,470,/content/dataset/shared_dataset_seed9517/images/test/470/836192e5-1fa7-4631-8dbd-fe09a63f70bb.jpg,True
470,470,470,470,/content/dataset/shared_dataset_seed9517/images/test/470/83d2e3b9-3117-4662-b288-117e6290527a.jpg,True
470,470,470,470,/content/dataset/shared_dataset_seed9517/images/test/470/9148c3b5-955d-42eb-8935-5abaa3f81da5.jpg,True
470,378,470,378,/content/dataset/shared_dataset_seed9517/images/test/470/d27ef76b-932a-438e-95a8-6bd7ae71f209.jpg,False
471,471,471,471,/content/dataset/shared_dataset_seed9517/images/test/471/070f7eac-8f07-4a2a-9ba7-079bb32228d1.jpg,True
471,471,471,471,/content/dataset/shared_dataset_seed9517/images/test/471/0d9366b6-0b89-496f-aa6a-2e4989e6e56d.jpg,True
471,451,471,451,/content/dataset/shared_dataset_seed9517/images/test/471/41304468-5ac8-4ada-83fa-a5f29fd30749.jpg,False
471,471,471,471,/content/dataset/shared_dataset_seed9517/images/test/471/4ab10a78-ae4d-444b-805c-3522c60366ac.jpg,True
471,471,471,471,/content/dataset/shared_dataset_seed9517/images/test/471/4f484712-5cde-46b9-a390-f39dfc31ba13.jpg,True
471,471,471,471,/content/dataset/shared_dataset_seed9517/images/test/471/7152b778-cd6c-4705-b0c0-b4edcfef36b1.jpg,True
471,471,471,471,/content/dataset/shared_dataset_seed9517/images/test/471/93de5eba-c32f-4406-91e4-80dcda3308ed.jpg,True
471,471,471,471,/content/dataset/shared_dataset_seed9517/images/test/471/9a309590-d3c2-4686-a058-3dedb163392d.jpg,True
471,471,471,471,/content/dataset/shared_dataset_seed9517/images/test/471/c45340c7-488f-4ad8-bc29-b66cb480dc36.jpg,True
471,471,471,471,/content/dataset/shared_dataset_seed9517/images/test/471/fc8ef2a4-f390-455f-b53a-b0607c6b25d7.jpg,True
472,472,472,472,/content/dataset/shared_dataset_seed9517/images/test/472/008c811b-5598-42e0-b5a8-6bb8c51f68e9.jpg,True
472,472,472,472,/content/dataset/shared_dataset_seed9517/images/test/472/08c2cc0f-eb06-4561-ab42-d2291243b0dc.jpg,True
472,372,472,372,/content/dataset/shared_dataset_seed9517/images/test/472/579578b7-91ce-43d4-a3e8-ed46580d6000.jpg,False
472,380,472,380,/content/dataset/shared_dataset_seed9517/images/test/472/6ad05f05-412f-4e63-a400-bbf850365c48.jpg,False
472,407,472,407,/content/dataset/shared_dataset_seed9517/images/test/472/6def1c43-687f-4557-82ce-6c585e1ff55f.jpg,False
472,472,472,472,/content/dataset/shared_dataset_seed9517/images/test/472/814b390f-fe2a-4464-9d21-9bf9d1fa1a55.jpg,True
472,472,472,472,/content/dataset/shared_dataset_seed9517/images/test/472/8a52eebf-0fb3-4d6e-b15e-35d09bd46447.jpg,True
472,372,472,372,/content/dataset/shared_dataset_seed9517/images/test/472/98ff3b9c-0bfd-4ec0-959f-76e34bed991e.jpg,False
472,472,472,472,/content/dataset/shared_dataset_seed9517/images/test/472/d2748991-a4a5-4539-a316-d09aefd2f579.jpg,True
472,472,472,472,/content/dataset/shared_dataset_seed9517/images/test/472/dd233a4b-c94f-4547-8ead-1535dd52b00a.jpg,True
473,473,473,473,/content/dataset/shared_dataset_seed9517/images/test/473/2b9111bb-bd28-4cd7-94fe-2f1e725af9ec.jpg,True
473,366,473,366,/content/dataset/shared_dataset_seed9517/images/test/473/58ec59a5-fcc9-40e1-87b1-2b8cb741704e.jpg,False
473,473,473,473,/content/dataset/shared_dataset_seed9517/images/test/473/61c98300-590b-4153-9b57-21d68610749c.jpg,True
473,473,473,473,/content/dataset/shared_dataset_seed9517/images/test/473/77498411-0584-453a-bd39-71ba122d0377.jpg,True
473,473,473,473,/content/dataset/shared_dataset_seed9517/images/test/473/8a1dfc36-5000-4096-951f-a5eadb157fb6.jpg,True
473,473,473,473,/content/dataset/shared_dataset_seed9517/images/test/473/d40654ea-fe44-4797-bbfd-5f0a7cbbf443.jpg,True
473,473,473,473,/content/dataset/shared_dataset_seed9517/images/test/473/d756d8e5-19aa-4127-9cf4-8cdf93d6749f.jpg,True
473,473,473,473,/content/dataset/shared_dataset_seed9517/images/test/473/e5f968f0-e649-407e-97df-c05488062c9f.jpg,True
473,477,473,477,/content/dataset/shared_dataset_seed9517/images/test/473/ea561993-1f4c-4e69-b888-1dcc462d45d8.jpg,False
473,473,473,473,/content/dataset/shared_dataset_seed9517/images/test/473/fae9845f-cc1e-4524-a4b4-7637c6114840.jpg,True
474,474,474,474,/content/dataset/shared_dataset_seed9517/images/test/474/09d04c27-8478-4964-8c45-1b4d63223ce3.jpg,True
474,190,474,190,/content/dataset/shared_dataset_seed9517/images/test/474/1af04714-5992-4b51-8cb9-5d227a00e810.jpg,False
474,474,474,474,/content/dataset/shared_dataset_seed9517/images/test/474/2b4e0a7e-ee3c-4ff8-89e2-8a393a54cbcf.jpg,True
474,474,474,474,/content/dataset/shared_dataset_seed9517/images/test/474/385314f4-1711-4894-ab1e-0c6df8bf89a1.jpg,True
474,224,474,224,/content/dataset/shared_dataset_seed9517/images/test/474/9f91db04-df37-4830-a93b-903ebaef41ab.jpg,False
474,474,474,474,/content/dataset/shared_dataset_seed9517/images/test/474/a31ebf46-fe6b-4e98-92d8-74a0e6078b2d.jpg,True
474,474,474,474,/content/dataset/shared_dataset_seed9517/images/test/474/b2cfdada-dfac-4a56-840c-cedfd7f81051.jpg,True
474,382,474,382,/content/dataset/shared_dataset_seed9517/images/test/474/ba4b0118-8c12-40ab-a131-4a99a40e6fc7.jpg,False
474,474,474,474,/content/dataset/shared_dataset_seed9517/images/test/474/dfefa7b0-2d18-4abc-916a-32bcf2852294.jpg,True
474,474,474,474,/content/dataset/shared_dataset_seed9517/images/test/474/e3b6a7ce-84f2-48ad-a7e1-dce0bc047e63.jpg,True
475,475,475,475,/content/dataset/shared_dataset_seed9517/images/test/475/326a6125-ba63-4e6f-83e5-f251c5575a8f.jpg,True
475,475,475,475,/content/dataset/shared_dataset_seed9517/images/test/475/741cd5d3-19c3-4b6a-a956-65a9ba239b42.jpg,True
475,475,475,475,/content/dataset/shared_dataset_seed9517/images/test/475/8656e46f-8bde-4a08-bc24-5b2cfaffe245.jpg,True
475,475,475,475,/content/dataset/shared_dataset_seed9517/images/test/475/87b1206d-4645-4748-ab8e-665c06b763f0.jpg,True
475,475,475,475,/content/dataset/shared_dataset_seed9517/images/test/475/898b719b-205e-4b61-aa3a-ac91a0bebc96.jpg,True
475,475,475,475,/content/dataset/shared_dataset_seed9517/images/test/475/9b466fdd-975f-4f22-a22f-f21c91fc4f5a.jpg,True
475,297,475,297,/content/dataset/shared_dataset_seed9517/images/test/475/ac4784b8-7054-458c-86eb-7f120673f8e7.jpg,False
475,475,475,475,/content/dataset/shared_dataset_seed9517/images/test/475/af43c7e2-62bc-40a1-bda1-2943407d45cb.jpg,True
475,475,475,475,/content/dataset/shared_dataset_seed9517/images/test/475/d8a64b5b-cd29-4528-bc6e-d64a0218b5fe.jpg,True
475,475,475,475,/content/dataset/shared_dataset_seed9517/images/test/475/e3072e05-cee0-4df1-b694-1ef5860de287.jpg,True
476,476,476,476,/content/dataset/shared_dataset_seed9517/images/test/476/024d1d15-2039-4c42-bcd4-2ca77c7f41b3.jpg,True
476,476,476,476,/content/dataset/shared_dataset_seed9517/images/test/476/0635fc60-38c8-490c-a1a3-13fb7c6a10eb.jpg,True
476,476,476,476,/content/dataset/shared_dataset_seed9517/images/test/476/2d6745bb-eb11-4a4d-ba7e-44f158288d0e.jpg,True
476,427,476,427,/content/dataset/shared_dataset_seed9517/images/test/476/36ea47b6-e35d-4033-8d9b-b4a7857239d3.jpg,False
476,476,476,476,/content/dataset/shared_dataset_seed9517/images/test/476/4d910de0-a5a6-4fb1-834c-558cb73e44be.jpg,True
476,476,476,476,/content/dataset/shared_dataset_seed9517/images/test/476/5b1e5b79-40c0-4775-b0f5-387ed55d18c1.jpg,True
476,476,476,476,/content/dataset/shared_dataset_seed9517/images/test/476/77a60bfc-12dc-48f5-a812-d28969b99105.jpg,True
476,476,476,476,/content/dataset/shared_dataset_seed9517/images/test/476/a507d70a-3f50-46e9-a42a-314317bdc52f.jpg,True
476,476,476,476,/content/dataset/shared_dataset_seed9517/images/test/476/af425112-613f-4317-b8e7-96759c49e17a.jpg,True
476,448,476,448,/content/dataset/shared_dataset_seed9517/images/test/476/dc9d9b1e-c4aa-432b-b53a-1f33bf945e5f.jpg,False
477,233,477,233,/content/dataset/shared_dataset_seed9517/images/test/477/2b58fd7a-5181-4e01-85f0-3c184752a750.jpg,False
477,477,477,477,/content/dataset/shared_dataset_seed9517/images/test/477/328b314f-8f39-442b-8234-b85606a44e2a.jpg,True
477,359,477,359,/content/dataset/shared_dataset_seed9517/images/test/477/41986792-06a3-4f35-a3c4-3fc9e6a55cce.jpg,False
477,333,477,333,/content/dataset/shared_dataset_seed9517/images/test/477/557cfb3e-f5e2-4377-a051-677d267f0934.jpg,False
477,333,477,333,/content/dataset/shared_dataset_seed9517/images/test/477/63cae84a-9ee8-42da-888c-753438fab58b.jpg,False
477,405,477,405,/content/dataset/shared_dataset_seed9517/images/test/477/76429657-93f7-452f-8e91-bae4f0576844.jpg,False
477,359,477,359,/content/dataset/shared_dataset_seed9517/images/test/477/7c0e2685-76de-48b1-97cf-f397b54c75b8.jpg,False
477,477,477,477,/content/dataset/shared_dataset_seed9517/images/test/477/8ebfbcde-7017-4854-be05-6b68d4095691.jpg,True
477,477,477,477,/content/dataset/shared_dataset_seed9517/images/test/477/9004842e-6c1d-4bb8-9d24-364e30f66b9b.jpg,True
477,477,477,477,/content/dataset/shared_dataset_seed9517/images/test/477/e8491672-7d39-481f-9785-451417e892bc.jpg,True
478,478,478,478,/content/dataset/shared_dataset_seed9517/images/test/478/15472cfe-252e-4986-9834-61184ec224c7.jpg,True
478,363,478,363,/content/dataset/shared_dataset_seed9517/images/test/478/291cb830-f66c-4498-9fb9-1e0762417bd9.jpg,False
478,478,478,478,/content/dataset/shared_dataset_seed9517/images/test/478/48a1f541-7816-483e-831e-43c57d31919f.jpg,True
478,478,478,478,/content/dataset/shared_dataset_seed9517/images/test/478/5a9f7c14-2ae7-49f9-bc3e-78148a6bffd4.jpg,True
478,478,478,478,/content/dataset/shared_dataset_seed9517/images/test/478/6b46e595-f33f-4046-906e-9f6eab92d768.jpg,True
478,478,478,478,/content/dataset/shared_dataset_seed9517/images/test/478/8e1e6df2-f3f4-4695-a46f-08225c5a38c6.jpg,True
478,478,478,478,/content/dataset/shared_dataset_seed9517/images/test/478/cad3af65-f856-4eb3-9177-bcd88a7d959a.jpg,True
478,478,478,478,/content/dataset/shared_dataset_seed9517/images/test/478/e40f8524-8cc7-4824-ae0c-9dce44164f4b.jpg,True
478,477,478,477,/content/dataset/shared_dataset_seed9517/images/test/478/ec0148b1-e235-4598-8e40-a217b37b549e.jpg,False
478,478,478,478,/content/dataset/shared_dataset_seed9517/images/test/478/f2322a1d-b8cf-4201-bcfc-62b9f7fd9b3b.jpg,True
479,479,479,479,/content/dataset/shared_dataset_seed9517/images/test/479/17bf500e-93d4-4613-b9fa-1070b1f542b4.jpg,True
479,28,479,28,/content/dataset/shared_dataset_seed9517/images/test/479/195a716e-bfe8-4578-890e-aa6cbc82b150.jpg,False
479,479,479,479,/content/dataset/shared_dataset_seed9517/images/test/479/29881b38-8137-4834-bb3d-772088ae483e.jpg,True
479,479,479,479,/content/dataset/shared_dataset_seed9517/images/test/479/2a2ad46c-60e1-4ed0-90e3-17581c5f82e5.jpg,True
479,479,479,479,/content/dataset/shared_dataset_seed9517/images/test/479/39cce6bb-77ba-4fa4-a0a6-4f50f8a3760e.jpg,True
479,479,479,479,/content/dataset/shared_dataset_seed9517/images/test/479/88230562-d070-4a03-a26e-5f148285197e.jpg,True
479,359,479,359,/content/dataset/shared_dataset_seed9517/images/test/479/96d2f3a0-4488-4e9b-b626-5c2f6cebab9d.jpg,False
479,485,479,485,/content/dataset/shared_dataset_seed9517/images/test/479/ac450ffb-2d43-4d45-a2cc-ff2e7bae4ffa.jpg,False
479,479,479,479,/content/dataset/shared_dataset_seed9517/images/test/479/e95b1d5b-ec90-443d-90f2-2b2b175483e0.jpg,True
479,479,479,479,/content/dataset/shared_dataset_seed9517/images/test/479/f25999ac-cd7d-434c-bff9-50f464309066.jpg,True
480,480,480,480,/content/dataset/shared_dataset_seed9517/images/test/480/21ae7aa1-8f56-4bc1-a089-2e023c5b59c3.jpg,True
480,480,480,480,/content/dataset/shared_dataset_seed9517/images/test/480/38eb374b-25ba-4ae0-88f8-5e96d9d92471.jpg,True
480,480,480,480,/content/dataset/shared_dataset_seed9517/images/test/480/3bdc0152-9b66-4d5e-ac9b-7a3232b6bd80.jpg,True
480,28,480,28,/content/dataset/shared_dataset_seed9517/images/test/480/3e8435df-eafa-4df5-8e1b-ec21ce7147bf.jpg,False
480,480,480,480,/content/dataset/shared_dataset_seed9517/images/test/480/53e4a672-cd71-4a92-80b6-94fbbfeae289.jpg,True
480,480,480,480,/content/dataset/shared_dataset_seed9517/images/test/480/6f9f693b-e35a-4d1c-9700-fe37afd64562.jpg,True
480,480,480,480,/content/dataset/shared_dataset_seed9517/images/test/480/a1378da7-2dbb-4434-8bf4-d642fe7b2f3c.jpg,True
480,480,480,480,/content/dataset/shared_dataset_seed9517/images/test/480/cde3c38c-bb4e-44bb-91ab-fa909947b99f.jpg,True
480,313,480,313,/content/dataset/shared_dataset_seed9517/images/test/480/de4d43eb-8d0b-4310-a99d-074444400c2e.jpg,False
480,480,480,480,/content/dataset/shared_dataset_seed9517/images/test/480/e1cfd374-2b2d-45ae-b686-2545801190b7.jpg,True
481,481,481,481,/content/dataset/shared_dataset_seed9517/images/test/481/02bfcab9-1b35-496e-8cc4-c322f0b0752c.jpg,True
481,481,481,481,/content/dataset/shared_dataset_seed9517/images/test/481/3426a044-0a2d-4f17-9996-4bcfd444e38d.jpg,True
481,481,481,481,/content/dataset/shared_dataset_seed9517/images/test/481/6697b38d-2eec-49fd-9b71-5221a7bc9b59.jpg,True
481,481,481,481,/content/dataset/shared_dataset_seed9517/images/test/481/9ae3b3c7-136e-4b97-87b3-1aedc9445d62.jpg,True
481,481,481,481,/content/dataset/shared_dataset_seed9517/images/test/481/a92220f0-9151-48d9-b9d1-a223d97d104e.jpg,True
481,481,481,481,/content/dataset/shared_dataset_seed9517/images/test/481/b5149334-d331-41d2-bfe2-340b6ad02f84.jpg,True
481,481,481,481,/content/dataset/shared_dataset_seed9517/images/test/481/b601c027-62c8-49cc-857d-1fa5ef706a84.jpg,True
481,481,481,481,/content/dataset/shared_dataset_seed9517/images/test/481/d64cd29e-1a60-4da4-96b4-d80ab050f7d5.jpg,True
481,481,481,481,/content/dataset/shared_dataset_seed9517/images/test/481/d82a8290-4437-497e-9e67-ad29d5caea61.jpg,True
481,481,481,481,/content/dataset/shared_dataset_seed9517/images/test/481/f78d3ce6-4554-49a2-aefe-e079974a86d4.jpg,True
482,482,482,482,/content/dataset/shared_dataset_seed9517/images/test/482/379a36c6-893a-4f21-8ccf-9bb6408acc70.jpg,True
482,482,482,482,/content/dataset/shared_dataset_seed9517/images/test/482/4a25e22f-9052-416e-8b15-6baa5bd64b9a.jpg,True
482,482,482,482,/content/dataset/shared_dataset_seed9517/images/test/482/53ae10ee-a7ea-45c3-a760-c4defbb30690.jpg,True
482,482,482,482,/content/dataset/shared_dataset_seed9517/images/test/482/6bc40bc9-9163-4e19-9c76-a19ef7e27145.jpg,True
482,482,482,482,/content/dataset/shared_dataset_seed9517/images/test/482/7a49ed9a-50e1-4055-ae25-91064c877481.jpg,True
482,482,482,482,/content/dataset/shared_dataset_seed9517/images/test/482/9e8ecbe3-2a9f-4720-b62c-9e861c0004cc.jpg,True
482,482,482,482,/content/dataset/shared_dataset_seed9517/images/test/482/9f26432f-0207-4ba4-a744-8a90cee0c792.jpg,True
482,482,482,482,/content/dataset/shared_dataset_seed9517/images/test/482/acb0bf33-a105-4a97-bf29-39d36cc7d8a2.jpg,True
482,482,482,482,/content/dataset/shared_dataset_seed9517/images/test/482/d8422d69-4cdd-4b8f-9d26-5f30de815014.jpg,True
482,482,482,482,/content/dataset/shared_dataset_seed9517/images/test/482/f0f5f32b-40d9-482c-ad17-56b0500313e3.jpg,True
483,483,483,483,/content/dataset/shared_dataset_seed9517/images/test/483/0f0b727b-4053-44d6-995e-377ffacc031e.jpg,True
483,484,483,484,/content/dataset/shared_dataset_seed9517/images/test/483/229770b6-56f6-447c-bd16-e90b51e9fdbc.jpg,False
483,483,483,483,/content/dataset/shared_dataset_seed9517/images/test/483/2a8008a0-f8ca-4a19-ab7f-243763cdf5de.jpg,True
483,483,483,483,/content/dataset/shared_dataset_seed9517/images/test/483/3aecc6ec-fcbc-4cb6-b99e-e2ef5c708627.jpg,True
483,483,483,483,/content/dataset/shared_dataset_seed9517/images/test/483/81f58530-cf24-4a43-b74a-448ee7395084.jpg,True
483,297,483,297,/content/dataset/shared_dataset_seed9517/images/test/483/8a48ced0-ec9b-465a-8e85-ca49413b9be9.jpg,False
483,483,483,483,/content/dataset/shared_dataset_seed9517/images/test/483/ab03c24b-3da2-445d-815e-2d73e792d549.jpg,True
483,483,483,483,/content/dataset/shared_dataset_seed9517/images/test/483/c63a2ae5-54c4-48d6-a8ab-f9f7a0b7203b.jpg,True
483,483,483,483,/content/dataset/shared_dataset_seed9517/images/test/483/cb77527b-e4d4-4306-954d-edcb1e80eb1a.jpg,True
483,483,483,483,/content/dataset/shared_dataset_seed9517/images/test/483/cce36e7f-3ba3-4f32-996d-7f0080f9ddc8.jpg,True
484,3,484,3,/content/dataset/shared_dataset_seed9517/images/test/484/140d48a4-2d80-4f20-8b62-7f2d051fa32a.jpg,False
484,335,484,335,/content/dataset/shared_dataset_seed9517/images/test/484/17bd08d2-6e63-4fa1-8c3b-71295c3e3483.jpg,False
484,339,484,339,/content/dataset/shared_dataset_seed9517/images/test/484/18d90ec1-de20-4868-b179-40b247bf2149.jpg,False
484,484,484,484,/content/dataset/shared_dataset_seed9517/images/test/484/5433fc5b-a97c-4e00-b6a4-30754c163ac8.jpg,True
484,484,484,484,/content/dataset/shared_dataset_seed9517/images/test/484/730ff83c-d967-42ac-a530-7c0be7fd3915.jpg,True
484,484,484,484,/content/dataset/shared_dataset_seed9517/images/test/484/8afe9f22-b3d9-4607-b141-3b800f89ca95.jpg,True
484,484,484,484,/content/dataset/shared_dataset_seed9517/images/test/484/b45bdb52-0e77-4816-b6dc-33bfe5fc0c85.jpg,True
484,484,484,484,/content/dataset/shared_dataset_seed9517/images/test/484/d1aa0c68-4a1e-433c-9c44-eb5db32015d2.jpg,True
484,484,484,484,/content/dataset/shared_dataset_seed9517/images/test/484/e5cf36e1-ee32-454b-86d4-18e03e836283.jpg,True
484,484,484,484,/content/dataset/shared_dataset_seed9517/images/test/484/f15a17d5-1819-4aa9-899c-4f27df1da4b8.jpg,True
485,485,485,485,/content/dataset/shared_dataset_seed9517/images/test/485/1307d404-cbf8-43d5-9e3c-606c9f6c0a9f.jpg,True
485,479,485,479,/content/dataset/shared_dataset_seed9517/images/test/485/411c0f08-0f8f-4454-aa9a-dfa968576de7.jpg,False
485,485,485,485,/content/dataset/shared_dataset_seed9517/images/test/485/77b5e253-8d26-4c87-b9a8-a17c53b9bff6.jpg,True
485,485,485,485,/content/dataset/shared_dataset_seed9517/images/test/485/9c00cd86-06d9-4dd0-b3c4-6fa87069b250.jpg,True
485,485,485,485,/content/dataset/shared_dataset_seed9517/images/test/485/a41d6e2f-2217-42d6-898b-954abef1042c.jpg,True
485,485,485,485,/content/dataset/shared_dataset_seed9517/images/test/485/b896ab39-251f-4638-9b7b-d0ef57deeeb0.jpg,True
485,485,485,485,/content/dataset/shared_dataset_seed9517/images/test/485/b8c3b972-1813-4ecb-b1f2-700c6827bd0c.jpg,True
485,443,485,443,/content/dataset/shared_dataset_seed9517/images/test/485/d7475ac5-3c04-45ce-9a96-9a31672fdae7.jpg,False
485,385,485,385,/content/dataset/shared_dataset_seed9517/images/test/485/dc777e47-559f-44f0-9a5f-8ad4e3b7e405.jpg,False
485,366,485,366,/content/dataset/shared_dataset_seed9517/images/test/485/e0180d58-4ce5-404d-954b-7a3243c3b461.jpg,False
486,486,486,486,/content/dataset/shared_dataset_seed9517/images/test/486/2dad34ff-4a79-442a-bdad-ad6416b7fd0f.jpg,True
486,279,486,279,/content/dataset/shared_dataset_seed9517/images/test/486/33d1f215-77c5-4281-9053-0d76e705f59d.jpg,False
486,387,486,387,/content/dataset/shared_dataset_seed9517/images/test/486/571b2890-ae52-4823-b9e7-c8a68ce950ff.jpg,False
486,486,486,486,/content/dataset/shared_dataset_seed9517/images/test/486/63a8e12b-ba00-4013-8084-4991c10f8014.jpg,True
486,125,486,125,/content/dataset/shared_dataset_seed9517/images/test/486/84f25edc-c68d-4131-8c13-cf0e9edbe3dd.jpg,False
486,486,486,486,/content/dataset/shared_dataset_seed9517/images/test/486/9613f051-6d17-4e33-a445-72be5af5d667.jpg,True
486,486,486,486,/content/dataset/shared_dataset_seed9517/images/test/486/9fed939b-1050-4d0d-8cf0-7bb5d9d6688d.jpg,True
486,486,486,486,/content/dataset/shared_dataset_seed9517/images/test/486/c8b403d1-491c-43e4-abfa-8a2071283fb9.jpg,True
486,486,486,486,/content/dataset/shared_dataset_seed9517/images/test/486/cb0f2c8b-35f1-4564-b9d2-0180bedd5d21.jpg,True
486,486,486,486,/content/dataset/shared_dataset_seed9517/images/test/486/d870940a-accd-4c00-86ac-03fad2216da1.jpg,True
487,487,487,487,/content/dataset/shared_dataset_seed9517/images/test/487/2d0e1f77-5d19-4f3b-a8f1-00622f1990d9.jpg,True
487,272,487,272,/content/dataset/shared_dataset_seed9517/images/test/487/300786e9-852b-4d55-99a2-14cc68760890.jpg,False
487,487,487,487,/content/dataset/shared_dataset_seed9517/images/test/487/319698b5-b27e-4ef8-b89e-9993c0f45ab9.jpg,True
487,487,487,487,/content/dataset/shared_dataset_seed9517/images/test/487/53d7303d-000e-4eee-bce1-0248a7727fdb.jpg,True
487,487,487,487,/content/dataset/shared_dataset_seed9517/images/test/487/56cd45eb-a6ac-4c5d-825b-1a424fe66756.jpg,True
487,487,487,487,/content/dataset/shared_dataset_seed9517/images/test/487/85846538-afff-402a-bb95-8001d1c62410.jpg,True
487,171,487,171,/content/dataset/shared_dataset_seed9517/images/test/487/8e74797d-d9c4-4f6f-9ea1-6f445bd3fe19.jpg,False
487,487,487,487,/content/dataset/shared_dataset_seed9517/images/test/487/c52d5538-3f01-4dff-a1e4-7a9b38714d3e.jpg,True
487,487,487,487,/content/dataset/shared_dataset_seed9517/images/test/487/d9ae640c-989f-404e-af89-2ec9b40fcd4f.jpg,True
487,487,487,487,/content/dataset/shared_dataset_seed9517/images/test/487/e4921f73-860f-47eb-b297-f5a28386af4b.jpg,True
488,488,488,488,/content/dataset/shared_dataset_seed9517/images/test/488/006277a4-add4-45cf-b459-958a4c9e4fad.jpg,True
488,488,488,488,/content/dataset/shared_dataset_seed9517/images/test/488/0cdef44e-0c52-4b09-81f1-a1cd0d8f7186.jpg,True
488,366,488,366,/content/dataset/shared_dataset_seed9517/images/test/488/2a9b6710-4cd2-4e38-970d-13a42f06d281.jpg,False
488,39,488,39,/content/dataset/shared_dataset_seed9517/images/test/488/3534bd3d-39e1-4610-861d-fdc176f17610.jpg,False
488,488,488,488,/content/dataset/shared_dataset_seed9517/images/test/488/3ae328a0-1ea4-48c2-9139-86da6126957c.jpg,True
488,403,488,403,/content/dataset/shared_dataset_seed9517/images/test/488/4bbec47d-f5e9-4a80-bfbe-66338ece8a77.jpg,False
488,488,488,488,/content/dataset/shared_dataset_seed9517/images/test/488/4ef92a46-c28f-4136-8461-958fdcfedc0e.jpg,True
488,488,488,488,/content/dataset/shared_dataset_seed9517/images/test/488/5a9aee3b-0b3b-492e-ba54-76cd4037b1b6.jpg,True
488,488,488,488,/content/dataset/shared_dataset_seed9517/images/test/488/ef44fb91-293c-451a-ad7a-71bca5d8c964.jpg,True
488,488,488,488,/content/dataset/shared_dataset_seed9517/images/test/488/f05fbd6e-9491-43fc-b8fb-43d6e3f7ee1f.jpg,True
489,441,489,441,/content/dataset/shared_dataset_seed9517/images/test/489/08ad728b-ca0a-493b-8db5-f3f8dc91c862.jpg,False
489,333,489,333,/content/dataset/shared_dataset_seed9517/images/test/489/51cdc301-2e5e-4326-8064-33ebfb82fba7.jpg,False
489,488,489,488,/content/dataset/shared_dataset_seed9517/images/test/489/7989cb0a-034c-49a3-bd78-ef328c94bbe5.jpg,False
489,488,489,488,/content/dataset/shared_dataset_seed9517/images/test/489/9d553943-92a7-4b98-acda-5ee37e58c88b.jpg,False
489,232,489,232,/content/dataset/shared_dataset_seed9517/images/test/489/b1b68718-a6df-4156-98de-7e7e1140ae36.jpg,False
489,403,489,403,/content/dataset/shared_dataset_seed9517/images/test/489/b3eebf58-3c99-4524-a4d1-2856d7e2a398.jpg,False
489,441,489,441,/content/dataset/shared_dataset_seed9517/images/test/489/ba531038-eb0a-42f4-b1e8-a75c14787f3e.jpg,False
489,489,489,489,/content/dataset/shared_dataset_seed9517/images/test/489/ccfff397-8d8a-4376-8453-054334c3fa07.jpg,True
489,489,489,489,/content/dataset/shared_dataset_seed9517/images/test/489/f2ee7f89-915f-4b78-bd0a-c714f2db2f10.jpg,True
489,228,489,228,/content/dataset/shared_dataset_seed9517/images/test/489/f48d477a-016c-4dd6-a959-bd542b3cb071.jpg,False
490,490,490,490,/content/dataset/shared_dataset_seed9517/images/test/490/29cf71dc-1aae-4730-9633-4e50872bef4a.jpg,True
490,490,490,490,/content/dataset/shared_dataset_seed9517/images/test/490/3723e3d6-7520-42b4-b4d1-849e6917c984.jpg,True
490,490,490,490,/content/dataset/shared_dataset_seed9517/images/test/490/7d170518-e12f-494c-bb82-b7cfce80c6cb.jpg,True
490,490,490,490,/content/dataset/shared_dataset_seed9517/images/test/490/8e274080-1692-46d8-a50b-358f39262d50.jpg,True
490,490,490,490,/content/dataset/shared_dataset_seed9517/images/test/490/b7e3a719-3154-41eb-b6c4-4084589a5c19.jpg,True
490,490,490,490,/content/dataset/shared_dataset_seed9517/images/test/490/bd7a1fbd-c8e0-4ae3-86e7-5ccedf12254f.jpg,True
490,490,490,490,/content/dataset/shared_dataset_seed9517/images/test/490/e2ed2af8-8285-4858-bfac-c7bd772a195b.jpg,True
490,493,490,493,/content/dataset/shared_dataset_seed9517/images/test/490/e32b5f7e-5f37-4874-a3a1-2eb06622c7d1.jpg,False
490,493,490,493,/content/dataset/shared_dataset_seed9517/images/test/490/ef3dfa1e-e4c6-44fc-84ba-70f1b2d40ccf.jpg,False
490,382,490,382,/content/dataset/shared_dataset_seed9517/images/test/490/f5d2af17-ac3f-4400-a3b0-09c46f46d37b.jpg,False
491,280,491,280,/content/dataset/shared_dataset_seed9517/images/test/491/1eb44e01-3398-48e2-8038-5e3c7b02dcb0.jpg,False
491,491,491,491,/content/dataset/shared_dataset_seed9517/images/test/491/2c756113-61a9-43b0-995e-3bf66c7da96f.jpg,True
491,491,491,491,/content/dataset/shared_dataset_seed9517/images/test/491/451a1501-997f-43f8-8827-133b079e04fb.jpg,True
491,284,491,284,/content/dataset/shared_dataset_seed9517/images/test/491/45e03fd1-eab3-4438-b19b-88570a6af26f.jpg,False
491,488,491,488,/content/dataset/shared_dataset_seed9517/images/test/491/4a4876f5-612c-44c0-b1d3-5e2c15427edb.jpg,False
491,24,491,24,/content/dataset/shared_dataset_seed9517/images/test/491/6a4732ab-0d20-43d6-b536-82bd4071af15.jpg,False
491,492,491,492,/content/dataset/shared_dataset_seed9517/images/test/491/b0f97531-11ae-49b7-b8dd-bbbc62496f1c.jpg,False
491,491,491,491,/content/dataset/shared_dataset_seed9517/images/test/491/ba91b11b-af51-4462-964c-a4e010b106ba.jpg,True
491,491,491,491,/content/dataset/shared_dataset_seed9517/images/test/491/bf53a093-6894-4b4e-8db3-f4f10f04a269.jpg,True
491,491,491,491,/content/dataset/shared_dataset_seed9517/images/test/491/d61363ef-ff97-4758-8100-f63980e02612.jpg,True
492,492,492,492,/content/dataset/shared_dataset_seed9517/images/test/492/005dab10-9b03-4901-88da-f91fd97b3919.jpg,True
492,492,492,492,/content/dataset/shared_dataset_seed9517/images/test/492/00a167c0-6d3a-4860-a4e1-5f687fec1889.jpg,True
492,492,492,492,/content/dataset/shared_dataset_seed9517/images/test/492/1566cb31-6f0c-4f37-90ee-e7ac37f6f094.jpg,True
492,490,492,490,/content/dataset/shared_dataset_seed9517/images/test/492/5826a75c-6ce0-4abd-b3e8-ab15bdd55cc7.jpg,False
492,492,492,492,/content/dataset/shared_dataset_seed9517/images/test/492/76b7a751-4081-484b-b8f7-a59e900665d8.jpg,True
492,489,492,489,/content/dataset/shared_dataset_seed9517/images/test/492/7db875d6-674f-403d-85e2-018d25bd0587.jpg,False
492,492,492,492,/content/dataset/shared_dataset_seed9517/images/test/492/8d8b5b11-6608-42e7-b450-5f0eca32de5c.jpg,True
492,492,492,492,/content/dataset/shared_dataset_seed9517/images/test/492/95384581-bcc7-43cd-a971-b2a9fb37bedc.jpg,True
492,491,492,491,/content/dataset/shared_dataset_seed9517/images/test/492/a737e4aa-54b6-4850-9b44-612abe122ee3.jpg,False
492,491,492,491,/content/dataset/shared_dataset_seed9517/images/test/492/dad4a6f9-3236-49ab-8217-c44ec53a04c1.jpg,False
493,493,493,493,/content/dataset/shared_dataset_seed9517/images/test/493/0c188b1a-b848-4a38-a114-8adc50ecf35c.jpg,True
493,387,493,387,/content/dataset/shared_dataset_seed9517/images/test/493/317a64d0-4210-4dab-9fa0-fc1066f1fefb.jpg,False
493,493,493,493,/content/dataset/shared_dataset_seed9517/images/test/493/345bff6b-7497-4ef3-b671-7fad049b37a8.jpg,True
493,493,493,493,/content/dataset/shared_dataset_seed9517/images/test/493/3735146c-47a0-4e9a-bc33-77923b952510.jpg,True
493,493,493,493,/content/dataset/shared_dataset_seed9517/images/test/493/72563ad8-166c-4814-8348-f7308c625d24.jpg,True
493,493,493,493,/content/dataset/shared_dataset_seed9517/images/test/493/9de45f42-cf07-4fda-bffa-635d3c26a27d.jpg,True
493,493,493,493,/content/dataset/shared_dataset_seed9517/images/test/493/bd64ee80-c935-4946-9603-edf074e18be7.jpg,True
493,24,493,24,/content/dataset/shared_dataset_seed9517/images/test/493/d0bc1dea-9ed4-4376-ba7e-f495c0987a19.jpg,False
493,493,493,493,/content/dataset/shared_dataset_seed9517/images/test/493/f7057d30-46f0-4de3-8413-b27d6744c90d.jpg,True
493,493,493,493,/content/dataset/shared_dataset_seed9517/images/test/493/f8f59220-62a2-4b1c-8745-13f8ca7efa3b.jpg,True
494,494,494,494,/content/dataset/shared_dataset_seed9517/images/test/494/0091a805-ff06-41a4-abff-b37369efbb1a.jpg,True
494,494,494,494,/content/dataset/shared_dataset_seed9517/images/test/494/0b6b5c88-aafa-4846-a249-5e3839051b18.jpg,True
494,494,494,494,/content/dataset/shared_dataset_seed9517/images/test/494/15f1e5f0-ac23-4c8e-bf31-55642856c22e.jpg,True
494,494,494,494,/content/dataset/shared_dataset_seed9517/images/test/494/2a6363bf-6738-4ad9-9e0d-fac87b9f2e97.jpg,True
494,494,494,494,/content/dataset/shared_dataset_seed9517/images/test/494/38263690-a25d-4e1d-b0d4-7503d2328bd9.jpg,True
494,494,494,494,/content/dataset/shared_dataset_seed9517/images/test/494/582847ec-35cc-4695-a063-51dbaf09e78f.jpg,True
494,494,494,494,/content/dataset/shared_dataset_seed9517/images/test/494/6141c1a7-43d2-486f-9d69-1dbec7a454b1.jpg,True
494,334,494,334,/content/dataset/shared_dataset_seed9517/images/test/494/6427c712-96e6-422f-8645-0d5e665c427b.jpg,False
494,306,494,306,/content/dataset/shared_dataset_seed9517/images/test/494/eba38fa4-508e-402a-8361-c1df303abc0b.jpg,False
494,250,494,250,/content/dataset/shared_dataset_seed9517/images/test/494/fee38bae-a241-4562-a0f0-ef0a4627886b.jpg,False
495,495,495,495,/content/dataset/shared_dataset_seed9517/images/test/495/05990800-4c77-43a0-994d-4d7db80cb4a2.jpg,True
495,495,495,495,/content/dataset/shared_dataset_seed9517/images/test/495/12a606dd-1a52-44bc-b1fc-f7e01c911c07.jpg,True
495,495,495,495,/content/dataset/shared_dataset_seed9517/images/test/495/13889595-f037-4477-a76b-af597c7034ce.jpg,True
495,495,495,495,/content/dataset/shared_dataset_seed9517/images/test/495/2829dc32-b148-45bc-aa42-a0047a65cd2d.jpg,True
495,495,495,495,/content/dataset/shared_dataset_seed9517/images/test/495/3ace8dcb-3880-4b91-a4c3-7c15c5e7c41f.jpg,True
495,105,495,105,/content/dataset/shared_dataset_seed9517/images/test/495/54fe58ae-c26c-493f-bba7-f83c14359111.jpg,False
495,495,495,495,/content/dataset/shared_dataset_seed9517/images/test/495/871e8fb7-4c9b-4928-84de-8ef6d3373fad.jpg,True
495,498,495,498,/content/dataset/shared_dataset_seed9517/images/test/495/8f3739fd-58ad-4b5a-840b-390826ccff89.jpg,False
495,314,495,314,/content/dataset/shared_dataset_seed9517/images/test/495/a81b394c-1d42-4933-89dd-b694260b14aa.jpg,False
495,495,495,495,/content/dataset/shared_dataset_seed9517/images/test/495/ff87f6c9-ea4d-4ab6-bdbf-343fb0237d82.jpg,True
496,496,496,496,/content/dataset/shared_dataset_seed9517/images/test/496/2b7fb125-277b-4f45-9336-67128a00d8ba.jpg,True
496,496,496,496,/content/dataset/shared_dataset_seed9517/images/test/496/4fb4aa71-59b8-41b0-bb57-f7d04ce7f208.jpg,True
496,496,496,496,/content/dataset/shared_dataset_seed9517/images/test/496/597860fa-171d-4161-ad4d-a4d22e88cce0.jpg,True
496,496,496,496,/content/dataset/shared_dataset_seed9517/images/test/496/6e5b4e63-d653-4246-9ce2-f9bb3f76aae0.jpg,True
496,499,496,499,/content/dataset/shared_dataset_seed9517/images/test/496/78bcc21f-b5d7-4869-8dfa-4f284bf443e1.jpg,False
496,338,496,338,/content/dataset/shared_dataset_seed9517/images/test/496/b8f369b6-987c-4444-934b-5ae13483e490.jpg,False
496,497,496,497,/content/dataset/shared_dataset_seed9517/images/test/496/e273b85c-db2e-4a1d-9ae8-b66054a0ef4a.jpg,False
496,496,496,496,/content/dataset/shared_dataset_seed9517/images/test/496/e6b37cc1-0d5d-4a43-8150-c509f0805d45.jpg,True
496,349,496,349,/content/dataset/shared_dataset_seed9517/images/test/496/ef90b46a-ac3a-4ebd-a93b-5e75c5d474c7.jpg,False
496,496,496,496,/content/dataset/shared_dataset_seed9517/images/test/496/fa0a750a-0dcf-4a1c-879b-023f99d8463f.jpg,True
497,497,497,497,/content/dataset/shared_dataset_seed9517/images/test/497/3c386acd-8a97-4fdd-83f7-47d32ee95d42.jpg,True
497,495,497,495,/content/dataset/shared_dataset_seed9517/images/test/497/3ef34130-8828-4abe-bbf3-485bc825ebef.jpg,False
497,499,497,499,/content/dataset/shared_dataset_seed9517/images/test/497/5b5f9d15-45d8-44d3-a8ee-ba128342b025.jpg,False
497,497,497,497,/content/dataset/shared_dataset_seed9517/images/test/497/5ea23ded-becb-46f9-9e48-0b306454386f.jpg,True
497,499,497,499,/content/dataset/shared_dataset_seed9517/images/test/497/844c20e6-1806-440e-a977-9b5c8ba768ed.jpg,False
497,499,497,499,/content/dataset/shared_dataset_seed9517/images/test/497/a05cc85e-b5ae-4dd0-a3da-0c504c17acd2.jpg,False
497,497,497,497,/content/dataset/shared_dataset_seed9517/images/test/497/b05d37b4-d003-4e13-bab0-9f8b678778c5.jpg,True
497,497,497,497,/content/dataset/shared_dataset_seed9517/images/test/497/d253d999-7058-49e6-9233-45d5f6eba701.jpg,True
497,493,497,493,/content/dataset/shared_dataset_seed9517/images/test/497/e7bc90d9-76fe-4cc0-9654-30d88ec894ae.jpg,False
497,497,497,497,/content/dataset/shared_dataset_seed9517/images/test/497/fb3af932-e16d-4f43-b787-37f637b8af99.jpg,True
498,498,498,498,/content/dataset/shared_dataset_seed9517/images/test/498/05ab283e-18bb-4960-a09e-955ab1d40f51.jpg,True
498,498,498,498,/content/dataset/shared_dataset_seed9517/images/test/498/07d232b6-c968-46e6-8132-fed2dead8da6.jpg,True
498,498,498,498,/content/dataset/shared_dataset_seed9517/images/test/498/2873c4c3-5d97-448d-be2a-172b129f4e41.jpg,True
498,498,498,498,/content/dataset/shared_dataset_seed9517/images/test/498/29aec633-70df-4553-96e1-87392bf47c6e.jpg,True
498,498,498,498,/content/dataset/shared_dataset_seed9517/images/test/498/2d838387-4090-4572-8947-bea8bd0141f0.jpg,True
498,498,498,498,/content/dataset/shared_dataset_seed9517/images/test/498/4eb8bff9-dbcd-43ea-9aae-6abb6d0926fa.jpg,True
498,498,498,498,/content/dataset/shared_dataset_seed9517/images/test/498/5f1baacb-5432-4660-ad1c-919c5c1ac83f.jpg,True
498,498,498,498,/content/dataset/shared_dataset_seed9517/images/test/498/b8512bb7-41da-427b-bcc2-3e317497bd33.jpg,True
498,382,498,382,/content/dataset/shared_dataset_seed9517/images/test/498/f8f1696f-669c-4a84-a4fd-a5c4d884d402.jpg,False
498,498,498,498,/content/dataset/shared_dataset_seed9517/images/test/498/f937b347-3834-4d00-9baf-5f6d873c73ad.jpg,True
499,499,499,499,/content/dataset/shared_dataset_seed9517/images/test/499/18053966-0180-423c-9fb4-1b4c7713ece2.jpg,True
499,499,499,499,/content/dataset/shared_dataset_seed9517/images/test/499/611322e4-ac6c-4574-bb5b-f0799ac69ad1.jpg,True
499,499,499,499,/content/dataset/shared_dataset_seed9517/images/test/499/6fa86e6a-e1be-4a71-90c3-7c7718102002.jpg,True
499,499,499,499,/content/dataset/shared_dataset_seed9517/images/test/499/7c3105fc-b4ef-4664-8078-21ea99261625.jpg,True
499,496,499,496,/content/dataset/shared_dataset_seed9517/images/test/499/83e7b124-6580-49ba-a0b6-65409c08f7da.jpg,False
499,499,499,499,/content/dataset/shared_dataset_seed9517/images/test/499/a015c664-6039-495c-8f97-2015478f92cc.jpg,True
499,335,499,335,/content/dataset/shared_dataset_seed9517/images/test/499/b39b6e27-61ab-4b14-a5cf-2787eb0c0827.jpg,False
499,499,499,499,/content/dataset/shared_dataset_seed9517/images/test/499/c4826c84-0ea7-458d-ad0a-d609412d6d16.jpg,True
499,499,499,499,/content/dataset/shared_dataset_seed9517/images/test/499/cdf83d96-d154-4762-8c3b-5dee2cca0885.jpg,True
499,499,499,499,/content/dataset/shared_dataset_seed9517/images/test/499/f2b2f851-3af3-402a-b934-3de0abbc7fbd.jpg,True
